nodes,techs,timesteps,resource
CSTR,HFO_pp,2015-01-01 00:00:00,inf
CSTR,HFO_pp,2015-01-01 01:00:00,inf
CSTR,HFO_pp,2015-01-01 02:00:00,inf
CSTR,HFO_pp,2015-01-01 03:00:00,inf
CSTR,HFO_pp,2015-01-01 04:00:00,inf
CSTR,HFO_pp,2015-01-01 05:00:00,inf
CSTR,HFO_pp,2015-01-01 06:00:00,inf
CSTR,HFO_pp,2015-01-01 07:00:00,inf
CSTR,HFO_pp,2015-01-01 08:00:00,inf
CSTR,HFO_pp,2015-01-01 09:00:00,inf
CSTR,HFO_pp,2015-01-01 10:00:00,inf
CSTR,HFO_pp,2015-01-01 11:00:00,inf
CSTR,HFO_pp,2015-01-01 12:00:00,inf
CSTR,HFO_pp,2015-01-01 13:00:00,inf
CSTR,HFO_pp,2015-01-01 14:00:00,inf
CSTR,HFO_pp,2015-01-01 15:00:00,inf
CSTR,HFO_pp,2015-01-01 16:00:00,inf
CSTR,HFO_pp,2015-01-01 17:00:00,inf
CSTR,HFO_pp,2015-01-01 18:00:00,inf
CSTR,HFO_pp,2015-01-01 19:00:00,inf
CSTR,HFO_pp,2015-01-01 20:00:00,inf
CSTR,HFO_pp,2015-01-01 21:00:00,inf
CSTR,HFO_pp,2015-01-01 22:00:00,inf
CSTR,HFO_pp,2015-01-01 23:00:00,inf
CSTR,HFO_pp,2015-01-02 00:00:00,inf
CSTR,HFO_pp,2015-01-02 01:00:00,inf
CSTR,HFO_pp,2015-01-02 02:00:00,inf
CSTR,HFO_pp,2015-01-02 03:00:00,inf
CSTR,HFO_pp,2015-01-02 04:00:00,inf
CSTR,HFO_pp,2015-01-02 05:00:00,inf
CSTR,HFO_pp,2015-01-02 06:00:00,inf
CSTR,HFO_pp,2015-01-02 07:00:00,inf
CSTR,HFO_pp,2015-01-02 08:00:00,inf
CSTR,HFO_pp,2015-01-02 09:00:00,inf
CSTR,HFO_pp,2015-01-02 10:00:00,inf
CSTR,HFO_pp,2015-01-02 11:00:00,inf
CSTR,HFO_pp,2015-01-02 12:00:00,inf
CSTR,HFO_pp,2015-01-02 13:00:00,inf
CSTR,HFO_pp,2015-01-02 14:00:00,inf
CSTR,HFO_pp,2015-01-02 15:00:00,inf
CSTR,HFO_pp,2015-01-02 16:00:00,inf
CSTR,HFO_pp,2015-01-02 17:00:00,inf
CSTR,HFO_pp,2015-01-02 18:00:00,inf
CSTR,HFO_pp,2015-01-02 19:00:00,inf
CSTR,HFO_pp,2015-01-02 20:00:00,inf
CSTR,HFO_pp,2015-01-02 21:00:00,inf
CSTR,HFO_pp,2015-01-02 22:00:00,inf
CSTR,HFO_pp,2015-01-02 23:00:00,inf
CSTR,HFO_pp,2015-01-03 00:00:00,inf
CSTR,HFO_pp,2015-01-03 01:00:00,inf
CSTR,HFO_pp,2015-01-03 02:00:00,inf
CSTR,HFO_pp,2015-01-03 03:00:00,inf
CSTR,HFO_pp,2015-01-03 04:00:00,inf
CSTR,HFO_pp,2015-01-03 05:00:00,inf
CSTR,HFO_pp,2015-01-03 06:00:00,inf
CSTR,HFO_pp,2015-01-03 07:00:00,inf
CSTR,HFO_pp,2015-01-03 08:00:00,inf
CSTR,HFO_pp,2015-01-03 09:00:00,inf
CSTR,HFO_pp,2015-01-03 10:00:00,inf
CSTR,HFO_pp,2015-01-03 11:00:00,inf
CSTR,HFO_pp,2015-01-03 12:00:00,inf
CSTR,HFO_pp,2015-01-03 13:00:00,inf
CSTR,HFO_pp,2015-01-03 14:00:00,inf
CSTR,HFO_pp,2015-01-03 15:00:00,inf
CSTR,HFO_pp,2015-01-03 16:00:00,inf
CSTR,HFO_pp,2015-01-03 17:00:00,inf
CSTR,HFO_pp,2015-01-03 18:00:00,inf
CSTR,HFO_pp,2015-01-03 19:00:00,inf
CSTR,HFO_pp,2015-01-03 20:00:00,inf
CSTR,HFO_pp,2015-01-03 21:00:00,inf
CSTR,HFO_pp,2015-01-03 22:00:00,inf
CSTR,HFO_pp,2015-01-03 23:00:00,inf
CSTR,demand_power,2015-01-01 00:00:00,-176970.0
CSTR,demand_power,2015-01-01 01:00:00,-181620.0
CSTR,demand_power,2015-01-01 02:00:00,-178760.0
CSTR,demand_power,2015-01-01 03:00:00,-174245.0
CSTR,demand_power,2015-01-01 04:00:00,-169545.0
CSTR,demand_power,2015-01-01 05:00:00,-167510.0
CSTR,demand_power,2015-01-01 06:00:00,-160635.0
CSTR,demand_power,2015-01-01 07:00:00,-157615.0
CSTR,demand_power,2015-01-01 08:00:00,-169725.0
CSTR,demand_power,2015-01-01 09:00:00,-173660.0
CSTR,demand_power,2015-01-01 10:00:00,-171065.0
CSTR,demand_power,2015-01-01 11:00:00,-168910.0
CSTR,demand_power,2015-01-01 12:00:00,-165000.0
CSTR,demand_power,2015-01-01 13:00:00,-165100.0
CSTR,demand_power,2015-01-01 14:00:00,-164510.0
CSTR,demand_power,2015-01-01 15:00:00,-168080.0
CSTR,demand_power,2015-01-01 16:00:00,-165835.0
CSTR,demand_power,2015-01-01 17:00:00,-161625.0
CSTR,demand_power,2015-01-01 18:00:00,-176680.0
CSTR,demand_power,2015-01-01 19:00:00,-202400.0
CSTR,demand_power,2015-01-01 20:00:00,-205495.0
CSTR,demand_power,2015-01-01 21:00:00,-200575.0
CSTR,demand_power,2015-01-01 22:00:00,-178875.0
CSTR,demand_power,2015-01-01 23:00:00,-156660.0
CSTR,demand_power,2015-01-02 00:00:00,-160265.0
CSTR,demand_power,2015-01-02 01:00:00,-162880.0
CSTR,demand_power,2015-01-02 02:00:00,-162140.0
CSTR,demand_power,2015-01-02 03:00:00,-155025.0
CSTR,demand_power,2015-01-02 04:00:00,-154290.0
CSTR,demand_power,2015-01-02 05:00:00,-149475.0
CSTR,demand_power,2015-01-02 06:00:00,-146865.0
CSTR,demand_power,2015-01-02 07:00:00,-156985.0
CSTR,demand_power,2015-01-02 08:00:00,-177410.0
CSTR,demand_power,2015-01-02 09:00:00,-185000.0
CSTR,demand_power,2015-01-02 10:00:00,-190750.0
CSTR,demand_power,2015-01-02 11:00:00,-191045.0
CSTR,demand_power,2015-01-02 12:00:00,-188710.0
CSTR,demand_power,2015-01-02 13:00:00,-188665.0
CSTR,demand_power,2015-01-02 14:00:00,-187555.0
CSTR,demand_power,2015-01-02 15:00:00,-187920.0
CSTR,demand_power,2015-01-02 16:00:00,-190085.0
CSTR,demand_power,2015-01-02 17:00:00,-188250.0
CSTR,demand_power,2015-01-02 18:00:00,-194235.0
CSTR,demand_power,2015-01-02 19:00:00,-221545.0
CSTR,demand_power,2015-01-02 20:00:00,-217550.0
CSTR,demand_power,2015-01-02 21:00:00,-215880.0
CSTR,demand_power,2015-01-02 22:00:00,-201660.0
CSTR,demand_power,2015-01-02 23:00:00,-188015.0
CSTR,demand_power,2015-01-03 00:00:00,-159980.0
CSTR,demand_power,2015-01-03 01:00:00,-153050.0
CSTR,demand_power,2015-01-03 02:00:00,-147200.0
CSTR,demand_power,2015-01-03 03:00:00,-146820.0
CSTR,demand_power,2015-01-03 04:00:00,-144990.0
CSTR,demand_power,2015-01-03 05:00:00,-146325.0
CSTR,demand_power,2015-01-03 06:00:00,-138710.0
CSTR,demand_power,2015-01-03 07:00:00,-150720.0
CSTR,demand_power,2015-01-03 08:00:00,-166110.0
CSTR,demand_power,2015-01-03 09:00:00,-175160.0
CSTR,demand_power,2015-01-03 10:00:00,-181725.0
CSTR,demand_power,2015-01-03 11:00:00,-180765.0
CSTR,demand_power,2015-01-03 12:00:00,-180465.0
CSTR,demand_power,2015-01-03 13:00:00,-174090.0
CSTR,demand_power,2015-01-03 14:00:00,-159905.0
CSTR,demand_power,2015-01-03 15:00:00,-167530.0
CSTR,demand_power,2015-01-03 16:00:00,-165640.0
CSTR,demand_power,2015-01-03 17:00:00,-164085.0
CSTR,demand_power,2015-01-03 18:00:00,-173030.0
CSTR,demand_power,2015-01-03 19:00:00,-199705.0
CSTR,demand_power,2015-01-03 20:00:00,-202735.0
CSTR,demand_power,2015-01-03 21:00:00,-194145.0
CSTR,demand_power,2015-01-03 22:00:00,-187665.0
CSTR,demand_power,2015-01-03 23:00:00,-169550.0
MTKR,L_hydro_pp,2015-01-01 00:00:00,92620.0
MTKR,L_hydro_pp,2015-01-01 01:00:00,81610.0
MTKR,L_hydro_pp,2015-01-01 02:00:00,75600.0
MTKR,L_hydro_pp,2015-01-01 03:00:00,74600.0
MTKR,L_hydro_pp,2015-01-01 04:00:00,76600.0
MTKR,L_hydro_pp,2015-01-01 05:00:00,74600.0
MTKR,L_hydro_pp,2015-01-01 06:00:00,90600.0
MTKR,L_hydro_pp,2015-01-01 07:00:00,92120.0
MTKR,L_hydro_pp,2015-01-01 08:00:00,121120.0
MTKR,L_hydro_pp,2015-01-01 09:00:00,160120.0
MTKR,L_hydro_pp,2015-01-01 10:00:00,164120.0
MTKR,L_hydro_pp,2015-01-01 11:00:00,160480.0
MTKR,L_hydro_pp,2015-01-01 12:00:00,153480.0
MTKR,L_hydro_pp,2015-01-01 13:00:00,152640.0
MTKR,L_hydro_pp,2015-01-01 14:00:00,139640.0
MTKR,L_hydro_pp,2015-01-01 15:00:00,131640.0
MTKR,L_hydro_pp,2015-01-01 16:00:00,101640.0
MTKR,L_hydro_pp,2015-01-01 17:00:00,78570.0
MTKR,L_hydro_pp,2015-01-01 18:00:00,100500.0
MTKR,L_hydro_pp,2015-01-01 19:00:00,244680.0
MTKR,L_hydro_pp,2015-01-01 20:00:00,249680.0
MTKR,L_hydro_pp,2015-01-01 21:00:00,215700.0
MTKR,L_hydro_pp,2015-01-01 22:00:00,122700.0
MTKR,L_hydro_pp,2015-01-01 23:00:00,78640.0
MTKR,L_hydro_pp,2015-01-02 00:00:00,74520.0
MTKR,L_hydro_pp,2015-01-02 01:00:00,77520.0
MTKR,L_hydro_pp,2015-01-02 02:00:00,73520.0
MTKR,L_hydro_pp,2015-01-02 03:00:00,73520.0
MTKR,L_hydro_pp,2015-01-02 04:00:00,74520.0
MTKR,L_hydro_pp,2015-01-02 05:00:00,72520.0
MTKR,L_hydro_pp,2015-01-02 06:00:00,91520.0
MTKR,L_hydro_pp,2015-01-02 07:00:00,188380.0
MTKR,L_hydro_pp,2015-01-02 08:00:00,276520.0
MTKR,L_hydro_pp,2015-01-02 09:00:00,302680.0
MTKR,L_hydro_pp,2015-01-02 10:00:00,311680.0
MTKR,L_hydro_pp,2015-01-02 11:00:00,313680.0
MTKR,L_hydro_pp,2015-01-02 12:00:00,318680.0
MTKR,L_hydro_pp,2015-01-02 13:00:00,297680.0
MTKR,L_hydro_pp,2015-01-02 14:00:00,220580.0
MTKR,L_hydro_pp,2015-01-02 15:00:00,237580.0
MTKR,L_hydro_pp,2015-01-02 16:00:00,214580.0
MTKR,L_hydro_pp,2015-01-02 17:00:00,197580.0
MTKR,L_hydro_pp,2015-01-02 18:00:00,218580.0
MTKR,L_hydro_pp,2015-01-02 19:00:00,327280.0
MTKR,L_hydro_pp,2015-01-02 20:00:00,306280.0
MTKR,L_hydro_pp,2015-01-02 21:00:00,282280.0
MTKR,L_hydro_pp,2015-01-02 22:00:00,209280.0
MTKR,L_hydro_pp,2015-01-02 23:00:00,107600.0
MTKR,L_hydro_pp,2015-01-03 00:00:00,76480.0
MTKR,L_hydro_pp,2015-01-03 01:00:00,80480.0
MTKR,L_hydro_pp,2015-01-03 02:00:00,74480.0
MTKR,L_hydro_pp,2015-01-03 03:00:00,73480.0
MTKR,L_hydro_pp,2015-01-03 04:00:00,74480.0
MTKR,L_hydro_pp,2015-01-03 05:00:00,78480.0
MTKR,L_hydro_pp,2015-01-03 06:00:00,75640.0
MTKR,L_hydro_pp,2015-01-03 07:00:00,148640.0
MTKR,L_hydro_pp,2015-01-03 08:00:00,208640.0
MTKR,L_hydro_pp,2015-01-03 09:00:00,235640.0
MTKR,L_hydro_pp,2015-01-03 10:00:00,233640.0
MTKR,L_hydro_pp,2015-01-03 11:00:00,248980.0
MTKR,L_hydro_pp,2015-01-03 12:00:00,248980.0
MTKR,L_hydro_pp,2015-01-03 13:00:00,233640.0
MTKR,L_hydro_pp,2015-01-03 14:00:00,188640.0
MTKR,L_hydro_pp,2015-01-03 15:00:00,160640.0
MTKR,L_hydro_pp,2015-01-03 16:00:00,155640.0
MTKR,L_hydro_pp,2015-01-03 17:00:00,154740.0
MTKR,L_hydro_pp,2015-01-03 18:00:00,195740.0
MTKR,L_hydro_pp,2015-01-03 19:00:00,350660.0
MTKR,L_hydro_pp,2015-01-03 20:00:00,336660.0
MTKR,L_hydro_pp,2015-01-03 21:00:00,295040.0
MTKR,L_hydro_pp,2015-01-03 22:00:00,162940.0
MTKR,L_hydro_pp,2015-01-03 23:00:00,79920.0
MTKR,S_hydro_pp,2015-01-01 00:00:00,8268.208333
MTKR,S_hydro_pp,2015-01-01 01:00:00,8266.208333
MTKR,S_hydro_pp,2015-01-01 02:00:00,8270.208333
MTKR,S_hydro_pp,2015-01-01 03:00:00,8269.208333
MTKR,S_hydro_pp,2015-01-01 04:00:00,8272.208333
MTKR,S_hydro_pp,2015-01-01 05:00:00,8271.208333
MTKR,S_hydro_pp,2015-01-01 06:00:00,8259.208333
MTKR,S_hydro_pp,2015-01-01 07:00:00,8258.208333
MTKR,S_hydro_pp,2015-01-01 08:00:00,8257.208333
MTKR,S_hydro_pp,2015-01-01 09:00:00,8257.208333
MTKR,S_hydro_pp,2015-01-01 10:00:00,8257.208333
MTKR,S_hydro_pp,2015-01-01 11:00:00,8253.208333
MTKR,S_hydro_pp,2015-01-01 12:00:00,8297.208333
MTKR,S_hydro_pp,2015-01-01 13:00:00,8297.208333
MTKR,S_hydro_pp,2015-01-01 14:00:00,8297.208333
MTKR,S_hydro_pp,2015-01-01 15:00:00,8296.208333
MTKR,S_hydro_pp,2015-01-01 16:00:00,8295.208333
MTKR,S_hydro_pp,2015-01-01 17:00:00,8293.208333
MTKR,S_hydro_pp,2015-01-01 18:00:00,8293.208333
MTKR,S_hydro_pp,2015-01-01 19:00:00,8265.208333
MTKR,S_hydro_pp,2015-01-01 20:00:00,8267.208333
MTKR,S_hydro_pp,2015-01-01 21:00:00,8267.208333
MTKR,S_hydro_pp,2015-01-01 22:00:00,8267.208333
MTKR,S_hydro_pp,2015-01-01 23:00:00,8267.208333
MTKR,S_hydro_pp,2015-01-02 00:00:00,7982.0
MTKR,S_hydro_pp,2015-01-02 01:00:00,7982.0
MTKR,S_hydro_pp,2015-01-02 02:00:00,7983.0
MTKR,S_hydro_pp,2015-01-02 03:00:00,7981.0
MTKR,S_hydro_pp,2015-01-02 04:00:00,7980.0
MTKR,S_hydro_pp,2015-01-02 05:00:00,7980.0
MTKR,S_hydro_pp,2015-01-02 06:00:00,7985.0
MTKR,S_hydro_pp,2015-01-02 07:00:00,7994.0
MTKR,S_hydro_pp,2015-01-02 08:00:00,7995.0
MTKR,S_hydro_pp,2015-01-02 09:00:00,7996.0
MTKR,S_hydro_pp,2015-01-02 10:00:00,7996.0
MTKR,S_hydro_pp,2015-01-02 11:00:00,7996.0
MTKR,S_hydro_pp,2015-01-02 12:00:00,7978.0
MTKR,S_hydro_pp,2015-01-02 13:00:00,7976.0
MTKR,S_hydro_pp,2015-01-02 14:00:00,7974.0
MTKR,S_hydro_pp,2015-01-02 15:00:00,7974.0
MTKR,S_hydro_pp,2015-01-02 16:00:00,7972.0
MTKR,S_hydro_pp,2015-01-02 17:00:00,7972.0
MTKR,S_hydro_pp,2015-01-02 18:00:00,7976.0
MTKR,S_hydro_pp,2015-01-02 19:00:00,7976.0
MTKR,S_hydro_pp,2015-01-02 20:00:00,7975.0
MTKR,S_hydro_pp,2015-01-02 21:00:00,7976.0
MTKR,S_hydro_pp,2015-01-02 22:00:00,7976.0
MTKR,S_hydro_pp,2015-01-02 23:00:00,7976.0
MTKR,S_hydro_pp,2015-01-03 00:00:00,7988.041667
MTKR,S_hydro_pp,2015-01-03 01:00:00,7988.041667
MTKR,S_hydro_pp,2015-01-03 02:00:00,7988.041667
MTKR,S_hydro_pp,2015-01-03 03:00:00,7989.041667
MTKR,S_hydro_pp,2015-01-03 04:00:00,7989.041667
MTKR,S_hydro_pp,2015-01-03 05:00:00,7990.041667
MTKR,S_hydro_pp,2015-01-03 06:00:00,7994.041667
MTKR,S_hydro_pp,2015-01-03 07:00:00,7992.041667
MTKR,S_hydro_pp,2015-01-03 08:00:00,7991.041667
MTKR,S_hydro_pp,2015-01-03 09:00:00,7991.041667
MTKR,S_hydro_pp,2015-01-03 10:00:00,7991.041667
MTKR,S_hydro_pp,2015-01-03 11:00:00,7983.041667
MTKR,S_hydro_pp,2015-01-03 12:00:00,7984.041667
MTKR,S_hydro_pp,2015-01-03 13:00:00,7985.041667
MTKR,S_hydro_pp,2015-01-03 14:00:00,7985.041667
MTKR,S_hydro_pp,2015-01-03 15:00:00,7984.041667
MTKR,S_hydro_pp,2015-01-03 16:00:00,7983.041667
MTKR,S_hydro_pp,2015-01-03 17:00:00,7985.041667
MTKR,S_hydro_pp,2015-01-03 18:00:00,7993.041667
MTKR,S_hydro_pp,2015-01-03 19:00:00,7993.041667
MTKR,S_hydro_pp,2015-01-03 20:00:00,7994.041667
MTKR,S_hydro_pp,2015-01-03 21:00:00,7992.041667
MTKR,S_hydro_pp,2015-01-03 22:00:00,7990.041667
MTKR,S_hydro_pp,2015-01-03 23:00:00,7989.041667
MTKR,demand_power,2015-01-01 00:00:00,-83342.20833
MTKR,demand_power,2015-01-01 01:00:00,-78188.20833
MTKR,demand_power,2015-01-01 02:00:00,-72696.20833
MTKR,demand_power,2015-01-01 03:00:00,-70681.20833
MTKR,demand_power,2015-01-01 04:00:00,-69368.20833
MTKR,demand_power,2015-01-01 05:00:00,-72553.20833
MTKR,demand_power,2015-01-01 06:00:00,-75391.20833
MTKR,demand_power,2015-01-01 07:00:00,-76178.20833
MTKR,demand_power,2015-01-01 08:00:00,-84927.20833
MTKR,demand_power,2015-01-01 09:00:00,-87777.20833
MTKR,demand_power,2015-01-01 10:00:00,-92127.20833
MTKR,demand_power,2015-01-01 11:00:00,-89383.20833
MTKR,demand_power,2015-01-01 12:00:00,-89027.20833
MTKR,demand_power,2015-01-01 13:00:00,-88837.20833
MTKR,demand_power,2015-01-01 14:00:00,-86737.20833
MTKR,demand_power,2015-01-01 15:00:00,-84136.20833
MTKR,demand_power,2015-01-01 16:00:00,-82235.20833
MTKR,demand_power,2015-01-01 17:00:00,-80063.20833
MTKR,demand_power,2015-01-01 18:00:00,-94639.20833
MTKR,demand_power,2015-01-01 19:00:00,-122837.2083
MTKR,demand_power,2015-01-01 20:00:00,-126453.2083
MTKR,demand_power,2015-01-01 21:00:00,-118705.2083
MTKR,demand_power,2015-01-01 22:00:00,-97205.20833
MTKR,demand_power,2015-01-01 23:00:00,-76995.20833
MTKR,demand_power,2015-01-02 00:00:00,-65756.0
MTKR,demand_power,2015-01-02 01:00:00,-60114.0
MTKR,demand_power,2015-01-02 02:00:00,-58579.0
MTKR,demand_power,2015-01-02 03:00:00,-58713.0
MTKR,demand_power,2015-01-02 04:00:00,-59556.0
MTKR,demand_power,2015-01-02 05:00:00,-62992.0
MTKR,demand_power,2015-01-02 06:00:00,-69347.0
MTKR,demand_power,2015-01-02 07:00:00,-80224.0
MTKR,demand_power,2015-01-02 08:00:00,-87775.0
MTKR,demand_power,2015-01-02 09:00:00,-92126.0
MTKR,demand_power,2015-01-02 10:00:00,-93626.0
MTKR,demand_power,2015-01-02 11:00:00,-92076.0
MTKR,demand_power,2015-01-02 12:00:00,-94208.0
MTKR,demand_power,2015-01-02 13:00:00,-93206.0
MTKR,demand_power,2015-01-02 14:00:00,-92254.0
MTKR,demand_power,2015-01-02 15:00:00,-95504.0
MTKR,demand_power,2015-01-02 16:00:00,-96152.0
MTKR,demand_power,2015-01-02 17:00:00,-92052.0
MTKR,demand_power,2015-01-02 18:00:00,-102502.0
MTKR,demand_power,2015-01-02 19:00:00,-138798.0
MTKR,demand_power,2015-01-02 20:00:00,-135713.0
MTKR,demand_power,2015-01-02 21:00:00,-127994.0
MTKR,demand_power,2015-01-02 22:00:00,-107344.0
MTKR,demand_power,2015-01-02 23:00:00,-86064.0
MTKR,demand_power,2015-01-03 00:00:00,-72822.04167
MTKR,demand_power,2015-01-03 01:00:00,-69330.04167
MTKR,demand_power,2015-01-03 02:00:00,-67694.04167
MTKR,demand_power,2015-01-03 03:00:00,-66381.04167
MTKR,demand_power,2015-01-03 04:00:00,-66615.04167
MTKR,demand_power,2015-01-03 05:00:00,-72602.04167
MTKR,demand_power,2015-01-03 06:00:00,-78466.04167
MTKR,demand_power,2015-01-03 07:00:00,-85832.04167
MTKR,demand_power,2015-01-03 08:00:00,-96781.04167
MTKR,demand_power,2015-01-03 09:00:00,-102231.0417
MTKR,demand_power,2015-01-03 10:00:00,-105331.0417
MTKR,demand_power,2015-01-03 11:00:00,-100863.0417
MTKR,demand_power,2015-01-03 12:00:00,-101114.0417
MTKR,demand_power,2015-01-03 13:00:00,-100175.0417
MTKR,demand_power,2015-01-03 14:00:00,-101625.0417
MTKR,demand_power,2015-01-03 15:00:00,-101224.0417
MTKR,demand_power,2015-01-03 16:00:00,-96373.04167
MTKR,demand_power,2015-01-03 17:00:00,-95625.04167
MTKR,demand_power,2015-01-03 18:00:00,-104079.0417
MTKR,demand_power,2015-01-03 19:00:00,-134295.0417
MTKR,demand_power,2015-01-03 20:00:00,-131910.0417
MTKR,demand_power,2015-01-03 21:00:00,-125220.0417
MTKR,demand_power,2015-01-03 22:00:00,-104718.0417
MTKR,demand_power,2015-01-03 23:00:00,-83497.04167
NBOR,GT_pp,2015-01-01 00:00:00,inf
NBOR,GT_pp,2015-01-01 01:00:00,inf
NBOR,GT_pp,2015-01-01 02:00:00,inf
NBOR,GT_pp,2015-01-01 03:00:00,inf
NBOR,GT_pp,2015-01-01 04:00:00,inf
NBOR,GT_pp,2015-01-01 05:00:00,inf
NBOR,GT_pp,2015-01-01 06:00:00,inf
NBOR,GT_pp,2015-01-01 07:00:00,inf
NBOR,GT_pp,2015-01-01 08:00:00,inf
NBOR,GT_pp,2015-01-01 09:00:00,inf
NBOR,GT_pp,2015-01-01 10:00:00,inf
NBOR,GT_pp,2015-01-01 11:00:00,inf
NBOR,GT_pp,2015-01-01 12:00:00,inf
NBOR,GT_pp,2015-01-01 13:00:00,inf
NBOR,GT_pp,2015-01-01 14:00:00,inf
NBOR,GT_pp,2015-01-01 15:00:00,inf
NBOR,GT_pp,2015-01-01 16:00:00,inf
NBOR,GT_pp,2015-01-01 17:00:00,inf
NBOR,GT_pp,2015-01-01 18:00:00,inf
NBOR,GT_pp,2015-01-01 19:00:00,inf
NBOR,GT_pp,2015-01-01 20:00:00,inf
NBOR,GT_pp,2015-01-01 21:00:00,inf
NBOR,GT_pp,2015-01-01 22:00:00,inf
NBOR,GT_pp,2015-01-01 23:00:00,inf
NBOR,GT_pp,2015-01-02 00:00:00,inf
NBOR,GT_pp,2015-01-02 01:00:00,inf
NBOR,GT_pp,2015-01-02 02:00:00,inf
NBOR,GT_pp,2015-01-02 03:00:00,inf
NBOR,GT_pp,2015-01-02 04:00:00,inf
NBOR,GT_pp,2015-01-02 05:00:00,inf
NBOR,GT_pp,2015-01-02 06:00:00,inf
NBOR,GT_pp,2015-01-02 07:00:00,inf
NBOR,GT_pp,2015-01-02 08:00:00,inf
NBOR,GT_pp,2015-01-02 09:00:00,inf
NBOR,GT_pp,2015-01-02 10:00:00,inf
NBOR,GT_pp,2015-01-02 11:00:00,inf
NBOR,GT_pp,2015-01-02 12:00:00,inf
NBOR,GT_pp,2015-01-02 13:00:00,inf
NBOR,GT_pp,2015-01-02 14:00:00,inf
NBOR,GT_pp,2015-01-02 15:00:00,inf
NBOR,GT_pp,2015-01-02 16:00:00,inf
NBOR,GT_pp,2015-01-02 17:00:00,inf
NBOR,GT_pp,2015-01-02 18:00:00,inf
NBOR,GT_pp,2015-01-02 19:00:00,inf
NBOR,GT_pp,2015-01-02 20:00:00,inf
NBOR,GT_pp,2015-01-02 21:00:00,inf
NBOR,GT_pp,2015-01-02 22:00:00,inf
NBOR,GT_pp,2015-01-02 23:00:00,inf
NBOR,GT_pp,2015-01-03 00:00:00,inf
NBOR,GT_pp,2015-01-03 01:00:00,inf
NBOR,GT_pp,2015-01-03 02:00:00,inf
NBOR,GT_pp,2015-01-03 03:00:00,inf
NBOR,GT_pp,2015-01-03 04:00:00,inf
NBOR,GT_pp,2015-01-03 05:00:00,inf
NBOR,GT_pp,2015-01-03 06:00:00,inf
NBOR,GT_pp,2015-01-03 07:00:00,inf
NBOR,GT_pp,2015-01-03 08:00:00,inf
NBOR,GT_pp,2015-01-03 09:00:00,inf
NBOR,GT_pp,2015-01-03 10:00:00,inf
NBOR,GT_pp,2015-01-03 11:00:00,inf
NBOR,GT_pp,2015-01-03 12:00:00,inf
NBOR,GT_pp,2015-01-03 13:00:00,inf
NBOR,GT_pp,2015-01-03 14:00:00,inf
NBOR,GT_pp,2015-01-03 15:00:00,inf
NBOR,GT_pp,2015-01-03 16:00:00,inf
NBOR,GT_pp,2015-01-03 17:00:00,inf
NBOR,GT_pp,2015-01-03 18:00:00,inf
NBOR,GT_pp,2015-01-03 19:00:00,inf
NBOR,GT_pp,2015-01-03 20:00:00,inf
NBOR,GT_pp,2015-01-03 21:00:00,inf
NBOR,GT_pp,2015-01-03 22:00:00,inf
NBOR,GT_pp,2015-01-03 23:00:00,inf
NBOR,HFO_pp,2015-01-01 00:00:00,inf
NBOR,HFO_pp,2015-01-01 01:00:00,inf
NBOR,HFO_pp,2015-01-01 02:00:00,inf
NBOR,HFO_pp,2015-01-01 03:00:00,inf
NBOR,HFO_pp,2015-01-01 04:00:00,inf
NBOR,HFO_pp,2015-01-01 05:00:00,inf
NBOR,HFO_pp,2015-01-01 06:00:00,inf
NBOR,HFO_pp,2015-01-01 07:00:00,inf
NBOR,HFO_pp,2015-01-01 08:00:00,inf
NBOR,HFO_pp,2015-01-01 09:00:00,inf
NBOR,HFO_pp,2015-01-01 10:00:00,inf
NBOR,HFO_pp,2015-01-01 11:00:00,inf
NBOR,HFO_pp,2015-01-01 12:00:00,inf
NBOR,HFO_pp,2015-01-01 13:00:00,inf
NBOR,HFO_pp,2015-01-01 14:00:00,inf
NBOR,HFO_pp,2015-01-01 15:00:00,inf
NBOR,HFO_pp,2015-01-01 16:00:00,inf
NBOR,HFO_pp,2015-01-01 17:00:00,inf
NBOR,HFO_pp,2015-01-01 18:00:00,inf
NBOR,HFO_pp,2015-01-01 19:00:00,inf
NBOR,HFO_pp,2015-01-01 20:00:00,inf
NBOR,HFO_pp,2015-01-01 21:00:00,inf
NBOR,HFO_pp,2015-01-01 22:00:00,inf
NBOR,HFO_pp,2015-01-01 23:00:00,inf
NBOR,HFO_pp,2015-01-02 00:00:00,inf
NBOR,HFO_pp,2015-01-02 01:00:00,inf
NBOR,HFO_pp,2015-01-02 02:00:00,inf
NBOR,HFO_pp,2015-01-02 03:00:00,inf
NBOR,HFO_pp,2015-01-02 04:00:00,inf
NBOR,HFO_pp,2015-01-02 05:00:00,inf
NBOR,HFO_pp,2015-01-02 06:00:00,inf
NBOR,HFO_pp,2015-01-02 07:00:00,inf
NBOR,HFO_pp,2015-01-02 08:00:00,inf
NBOR,HFO_pp,2015-01-02 09:00:00,inf
NBOR,HFO_pp,2015-01-02 10:00:00,inf
NBOR,HFO_pp,2015-01-02 11:00:00,inf
NBOR,HFO_pp,2015-01-02 12:00:00,inf
NBOR,HFO_pp,2015-01-02 13:00:00,inf
NBOR,HFO_pp,2015-01-02 14:00:00,inf
NBOR,HFO_pp,2015-01-02 15:00:00,inf
NBOR,HFO_pp,2015-01-02 16:00:00,inf
NBOR,HFO_pp,2015-01-02 17:00:00,inf
NBOR,HFO_pp,2015-01-02 18:00:00,inf
NBOR,HFO_pp,2015-01-02 19:00:00,inf
NBOR,HFO_pp,2015-01-02 20:00:00,inf
NBOR,HFO_pp,2015-01-02 21:00:00,inf
NBOR,HFO_pp,2015-01-02 22:00:00,inf
NBOR,HFO_pp,2015-01-02 23:00:00,inf
NBOR,HFO_pp,2015-01-03 00:00:00,inf
NBOR,HFO_pp,2015-01-03 01:00:00,inf
NBOR,HFO_pp,2015-01-03 02:00:00,inf
NBOR,HFO_pp,2015-01-03 03:00:00,inf
NBOR,HFO_pp,2015-01-03 04:00:00,inf
NBOR,HFO_pp,2015-01-03 05:00:00,inf
NBOR,HFO_pp,2015-01-03 06:00:00,inf
NBOR,HFO_pp,2015-01-03 07:00:00,inf
NBOR,HFO_pp,2015-01-03 08:00:00,inf
NBOR,HFO_pp,2015-01-03 09:00:00,inf
NBOR,HFO_pp,2015-01-03 10:00:00,inf
NBOR,HFO_pp,2015-01-03 11:00:00,inf
NBOR,HFO_pp,2015-01-03 12:00:00,inf
NBOR,HFO_pp,2015-01-03 13:00:00,inf
NBOR,HFO_pp,2015-01-03 14:00:00,inf
NBOR,HFO_pp,2015-01-03 15:00:00,inf
NBOR,HFO_pp,2015-01-03 16:00:00,inf
NBOR,HFO_pp,2015-01-03 17:00:00,inf
NBOR,HFO_pp,2015-01-03 18:00:00,inf
NBOR,HFO_pp,2015-01-03 19:00:00,inf
NBOR,HFO_pp,2015-01-03 20:00:00,inf
NBOR,HFO_pp,2015-01-03 21:00:00,inf
NBOR,HFO_pp,2015-01-03 22:00:00,inf
NBOR,HFO_pp,2015-01-03 23:00:00,inf
NBOR,L_hydro_pp,2015-01-01 00:00:00,34000.0
NBOR,L_hydro_pp,2015-01-01 01:00:00,37000.0
NBOR,L_hydro_pp,2015-01-01 02:00:00,19000.0
NBOR,L_hydro_pp,2015-01-01 03:00:00,10000.0
NBOR,L_hydro_pp,2015-01-01 04:00:00,10000.0
NBOR,L_hydro_pp,2015-01-01 05:00:00,11000.0
NBOR,L_hydro_pp,2015-01-01 06:00:00,11000.0
NBOR,L_hydro_pp,2015-01-01 07:00:00,26000.0
NBOR,L_hydro_pp,2015-01-01 08:00:00,36000.0
NBOR,L_hydro_pp,2015-01-01 09:00:00,33000.0
NBOR,L_hydro_pp,2015-01-01 10:00:00,34000.0
NBOR,L_hydro_pp,2015-01-01 11:00:00,35000.0
NBOR,L_hydro_pp,2015-01-01 12:00:00,35000.0
NBOR,L_hydro_pp,2015-01-01 13:00:00,32000.0
NBOR,L_hydro_pp,2015-01-01 14:00:00,34000.0
NBOR,L_hydro_pp,2015-01-01 15:00:00,14000.0
NBOR,L_hydro_pp,2015-01-01 16:00:00,13000.0
NBOR,L_hydro_pp,2015-01-01 17:00:00,25000.0
NBOR,L_hydro_pp,2015-01-01 18:00:00,52000.0
NBOR,L_hydro_pp,2015-01-01 19:00:00,103000.0
NBOR,L_hydro_pp,2015-01-01 20:00:00,103000.0
NBOR,L_hydro_pp,2015-01-01 21:00:00,83000.0
NBOR,L_hydro_pp,2015-01-01 22:00:00,40000.0
NBOR,L_hydro_pp,2015-01-01 23:00:00,14000.0
NBOR,L_hydro_pp,2015-01-02 00:00:00,13000.0
NBOR,L_hydro_pp,2015-01-02 01:00:00,12000.0
NBOR,L_hydro_pp,2015-01-02 02:00:00,12000.0
NBOR,L_hydro_pp,2015-01-02 03:00:00,12000.0
NBOR,L_hydro_pp,2015-01-02 04:00:00,12000.0
NBOR,L_hydro_pp,2015-01-02 05:00:00,14000.0
NBOR,L_hydro_pp,2015-01-02 06:00:00,15000.0
NBOR,L_hydro_pp,2015-01-02 07:00:00,49000.0
NBOR,L_hydro_pp,2015-01-02 08:00:00,68000.0
NBOR,L_hydro_pp,2015-01-02 09:00:00,89000.0
NBOR,L_hydro_pp,2015-01-02 10:00:00,91000.0
NBOR,L_hydro_pp,2015-01-02 11:00:00,92000.0
NBOR,L_hydro_pp,2015-01-02 12:00:00,94000.0
NBOR,L_hydro_pp,2015-01-02 13:00:00,66000.0
NBOR,L_hydro_pp,2015-01-02 14:00:00,56000.0
NBOR,L_hydro_pp,2015-01-02 15:00:00,54000.0
NBOR,L_hydro_pp,2015-01-02 16:00:00,54000.0
NBOR,L_hydro_pp,2015-01-02 17:00:00,31000.0
NBOR,L_hydro_pp,2015-01-02 18:00:00,18000.0
NBOR,L_hydro_pp,2015-01-02 19:00:00,87000.0
NBOR,L_hydro_pp,2015-01-02 20:00:00,91000.0
NBOR,L_hydro_pp,2015-01-02 21:00:00,88000.0
NBOR,L_hydro_pp,2015-01-02 22:00:00,73000.0
NBOR,L_hydro_pp,2015-01-02 23:00:00,48000.0
NBOR,L_hydro_pp,2015-01-03 00:00:00,46000.0
NBOR,L_hydro_pp,2015-01-03 01:00:00,38000.0
NBOR,L_hydro_pp,2015-01-03 02:00:00,34000.0
NBOR,L_hydro_pp,2015-01-03 03:00:00,34000.0
NBOR,L_hydro_pp,2015-01-03 04:00:00,34000.0
NBOR,L_hydro_pp,2015-01-03 05:00:00,35000.0
NBOR,L_hydro_pp,2015-01-03 06:00:00,32000.0
NBOR,L_hydro_pp,2015-01-03 07:00:00,19000.0
NBOR,L_hydro_pp,2015-01-03 08:00:00,26000.0
NBOR,L_hydro_pp,2015-01-03 09:00:00,33000.0
NBOR,L_hydro_pp,2015-01-03 10:00:00,36000.0
NBOR,L_hydro_pp,2015-01-03 11:00:00,36000.0
NBOR,L_hydro_pp,2015-01-03 12:00:00,37000.0
NBOR,L_hydro_pp,2015-01-03 13:00:00,33000.0
NBOR,L_hydro_pp,2015-01-03 14:00:00,32000.0
NBOR,L_hydro_pp,2015-01-03 15:00:00,52000.0
NBOR,L_hydro_pp,2015-01-03 16:00:00,54000.0
NBOR,L_hydro_pp,2015-01-03 17:00:00,55000.0
NBOR,L_hydro_pp,2015-01-03 18:00:00,56000.0
NBOR,L_hydro_pp,2015-01-03 19:00:00,60000.0
NBOR,L_hydro_pp,2015-01-03 20:00:00,57000.0
NBOR,L_hydro_pp,2015-01-03 21:00:00,55000.0
NBOR,L_hydro_pp,2015-01-03 22:00:00,54000.0
NBOR,L_hydro_pp,2015-01-03 23:00:00,34000.0
NBOR,demand_power,2015-01-01 00:00:00,-400378.5417
NBOR,demand_power,2015-01-01 01:00:00,-365928.5417
NBOR,demand_power,2015-01-01 02:00:00,-346018.5417
NBOR,demand_power,2015-01-01 03:00:00,-332958.5417
NBOR,demand_power,2015-01-01 04:00:00,-324298.5417
NBOR,demand_power,2015-01-01 05:00:00,-329598.5417
NBOR,demand_power,2015-01-01 06:00:00,-356468.5417
NBOR,demand_power,2015-01-01 07:00:00,-384748.5417
NBOR,demand_power,2015-01-01 08:00:00,-418058.5417
NBOR,demand_power,2015-01-01 09:00:00,-415608.5417
NBOR,demand_power,2015-01-01 10:00:00,-408988.5417
NBOR,demand_power,2015-01-01 11:00:00,-410788.5417
NBOR,demand_power,2015-01-01 12:00:00,-406838.5417
NBOR,demand_power,2015-01-01 13:00:00,-429458.5417
NBOR,demand_power,2015-01-01 14:00:00,-416868.5417
NBOR,demand_power,2015-01-01 15:00:00,-387768.5417
NBOR,demand_power,2015-01-01 16:00:00,-377488.5417
NBOR,demand_power,2015-01-01 17:00:00,-377798.5417
NBOR,demand_power,2015-01-01 18:00:00,-433418.5417
NBOR,demand_power,2015-01-01 19:00:00,-526148.5417
NBOR,demand_power,2015-01-01 20:00:00,-518228.5417
NBOR,demand_power,2015-01-01 21:00:00,-492738.5417
NBOR,demand_power,2015-01-01 22:00:00,-428528.5417
NBOR,demand_power,2015-01-01 23:00:00,-365198.5417
NBOR,demand_power,2015-01-02 00:00:00,-320154.75
NBOR,demand_power,2015-01-02 01:00:00,-305934.75
NBOR,demand_power,2015-01-02 02:00:00,-297174.75
NBOR,demand_power,2015-01-02 03:00:00,-289194.75
NBOR,demand_power,2015-01-02 04:00:00,-288484.75
NBOR,demand_power,2015-01-02 05:00:00,-305924.75
NBOR,demand_power,2015-01-02 06:00:00,-357624.75
NBOR,demand_power,2015-01-02 07:00:00,-404444.75
NBOR,demand_power,2015-01-02 08:00:00,-457494.75
NBOR,demand_power,2015-01-02 09:00:00,-511244.75
NBOR,demand_power,2015-01-02 10:00:00,-510764.75
NBOR,demand_power,2015-01-02 11:00:00,-500364.75
NBOR,demand_power,2015-01-02 12:00:00,-513414.75
NBOR,demand_power,2015-01-02 13:00:00,-496494.75
NBOR,demand_power,2015-01-02 14:00:00,-495264.75
NBOR,demand_power,2015-01-02 15:00:00,-507244.75
NBOR,demand_power,2015-01-02 16:00:00,-504284.75
NBOR,demand_power,2015-01-02 17:00:00,-489814.75
NBOR,demand_power,2015-01-02 18:00:00,-530864.75
NBOR,demand_power,2015-01-02 19:00:00,-647844.75
NBOR,demand_power,2015-01-02 20:00:00,-602054.75
NBOR,demand_power,2015-01-02 21:00:00,-585514.75
NBOR,demand_power,2015-01-02 22:00:00,-504324.75
NBOR,demand_power,2015-01-02 23:00:00,-436084.75
NBOR,demand_power,2015-01-03 00:00:00,-375820.0
NBOR,demand_power,2015-01-03 01:00:00,-359300.0
NBOR,demand_power,2015-01-03 02:00:00,-345810.0
NBOR,demand_power,2015-01-03 03:00:00,-352720.0
NBOR,demand_power,2015-01-03 04:00:00,-352960.0
NBOR,demand_power,2015-01-03 05:00:00,-358760.0
NBOR,demand_power,2015-01-03 06:00:00,-393690.0
NBOR,demand_power,2015-01-03 07:00:00,-455620.0
NBOR,demand_power,2015-01-03 08:00:00,-505830.0
NBOR,demand_power,2015-01-03 09:00:00,-533220.0
NBOR,demand_power,2015-01-03 10:00:00,-524540.0
NBOR,demand_power,2015-01-03 11:00:00,-536350.0
NBOR,demand_power,2015-01-03 12:00:00,-535880.0
NBOR,demand_power,2015-01-03 13:00:00,-524150.0
NBOR,demand_power,2015-01-03 14:00:00,-505830.0
NBOR,demand_power,2015-01-03 15:00:00,-496690.0
NBOR,demand_power,2015-01-03 16:00:00,-499290.0
NBOR,demand_power,2015-01-03 17:00:00,-499500.0
NBOR,demand_power,2015-01-03 18:00:00,-532560.0
NBOR,demand_power,2015-01-03 19:00:00,-635460.0
NBOR,demand_power,2015-01-03 20:00:00,-637870.0
NBOR,demand_power,2015-01-03 21:00:00,-601260.0
NBOR,demand_power,2015-01-03 22:00:00,-497380.0
NBOR,demand_power,2015-01-03 23:00:00,-433990.0
NBOR,on_wind_pp,2015-01-01 00:00:00,0.231
NBOR,on_wind_pp,2015-01-01 01:00:00,0.253
NBOR,on_wind_pp,2015-01-01 02:00:00,0.29
NBOR,on_wind_pp,2015-01-01 03:00:00,0.299
NBOR,on_wind_pp,2015-01-01 04:00:00,0.185
NBOR,on_wind_pp,2015-01-01 05:00:00,0.248
NBOR,on_wind_pp,2015-01-01 06:00:00,0.186
NBOR,on_wind_pp,2015-01-01 07:00:00,0.101
NBOR,on_wind_pp,2015-01-01 08:00:00,0.068
NBOR,on_wind_pp,2015-01-01 09:00:00,0.068
NBOR,on_wind_pp,2015-01-01 10:00:00,0.087
NBOR,on_wind_pp,2015-01-01 11:00:00,0.129
NBOR,on_wind_pp,2015-01-01 12:00:00,0.201
NBOR,on_wind_pp,2015-01-01 13:00:00,0.32
NBOR,on_wind_pp,2015-01-01 14:00:00,0.48
NBOR,on_wind_pp,2015-01-01 15:00:00,0.635
NBOR,on_wind_pp,2015-01-01 16:00:00,0.697
NBOR,on_wind_pp,2015-01-01 17:00:00,0.654
NBOR,on_wind_pp,2015-01-01 18:00:00,0.575
NBOR,on_wind_pp,2015-01-01 19:00:00,0.494
NBOR,on_wind_pp,2015-01-01 20:00:00,0.45
NBOR,on_wind_pp,2015-01-01 21:00:00,0.417
NBOR,on_wind_pp,2015-01-01 22:00:00,0.405
NBOR,on_wind_pp,2015-01-01 23:00:00,0.391
NBOR,on_wind_pp,2015-01-02 00:00:00,0.382
NBOR,on_wind_pp,2015-01-02 01:00:00,0.375
NBOR,on_wind_pp,2015-01-02 02:00:00,0.363
NBOR,on_wind_pp,2015-01-02 03:00:00,0.352
NBOR,on_wind_pp,2015-01-02 04:00:00,0.231
NBOR,on_wind_pp,2015-01-02 05:00:00,0.231
NBOR,on_wind_pp,2015-01-02 06:00:00,0.151
NBOR,on_wind_pp,2015-01-02 07:00:00,0.078
NBOR,on_wind_pp,2015-01-02 08:00:00,0.063
NBOR,on_wind_pp,2015-01-02 09:00:00,0.083
NBOR,on_wind_pp,2015-01-02 10:00:00,0.117
NBOR,on_wind_pp,2015-01-02 11:00:00,0.163
NBOR,on_wind_pp,2015-01-02 12:00:00,0.229
NBOR,on_wind_pp,2015-01-02 13:00:00,0.313
NBOR,on_wind_pp,2015-01-02 14:00:00,0.429
NBOR,on_wind_pp,2015-01-02 15:00:00,0.574
NBOR,on_wind_pp,2015-01-02 16:00:00,0.7
NBOR,on_wind_pp,2015-01-02 17:00:00,0.718
NBOR,on_wind_pp,2015-01-02 18:00:00,0.666
NBOR,on_wind_pp,2015-01-02 19:00:00,0.612
NBOR,on_wind_pp,2015-01-02 20:00:00,0.563
NBOR,on_wind_pp,2015-01-02 21:00:00,0.523
NBOR,on_wind_pp,2015-01-02 22:00:00,0.51
NBOR,on_wind_pp,2015-01-02 23:00:00,0.495
NBOR,on_wind_pp,2015-01-03 00:00:00,0.483
NBOR,on_wind_pp,2015-01-03 01:00:00,0.471
NBOR,on_wind_pp,2015-01-03 02:00:00,0.467
NBOR,on_wind_pp,2015-01-03 03:00:00,0.46
NBOR,on_wind_pp,2015-01-03 04:00:00,0.341
NBOR,on_wind_pp,2015-01-03 05:00:00,0.278
NBOR,on_wind_pp,2015-01-03 06:00:00,0.146
NBOR,on_wind_pp,2015-01-03 07:00:00,0.058
NBOR,on_wind_pp,2015-01-03 08:00:00,0.034
NBOR,on_wind_pp,2015-01-03 09:00:00,0.038
NBOR,on_wind_pp,2015-01-03 10:00:00,0.057
NBOR,on_wind_pp,2015-01-03 11:00:00,0.092
NBOR,on_wind_pp,2015-01-03 12:00:00,0.155
NBOR,on_wind_pp,2015-01-03 13:00:00,0.253
NBOR,on_wind_pp,2015-01-03 14:00:00,0.403
NBOR,on_wind_pp,2015-01-03 15:00:00,0.578
NBOR,on_wind_pp,2015-01-03 16:00:00,0.694
NBOR,on_wind_pp,2015-01-03 17:00:00,0.674
NBOR,on_wind_pp,2015-01-03 18:00:00,0.594
NBOR,on_wind_pp,2015-01-03 19:00:00,0.455
NBOR,on_wind_pp,2015-01-03 20:00:00,0.327
NBOR,on_wind_pp,2015-01-03 21:00:00,0.284
NBOR,on_wind_pp,2015-01-03 22:00:00,0.259
NBOR,on_wind_pp,2015-01-03 23:00:00,0.213
WSTR,L_hydro_pp,2015-01-01 00:00:00,109330.0
WSTR,L_hydro_pp,2015-01-01 01:00:00,87680.0
WSTR,L_hydro_pp,2015-01-01 02:00:00,87620.0
WSTR,L_hydro_pp,2015-01-01 03:00:00,84690.0
WSTR,L_hydro_pp,2015-01-01 04:00:00,86730.0
WSTR,L_hydro_pp,2015-01-01 05:00:00,86670.0
WSTR,L_hydro_pp,2015-01-01 06:00:00,87865.0
WSTR,L_hydro_pp,2015-01-01 07:00:00,87710.0
WSTR,L_hydro_pp,2015-01-01 08:00:00,83720.0
WSTR,L_hydro_pp,2015-01-01 09:00:00,85880.0
WSTR,L_hydro_pp,2015-01-01 10:00:00,86150.0
WSTR,L_hydro_pp,2015-01-01 11:00:00,84510.0
WSTR,L_hydro_pp,2015-01-01 12:00:00,84920.0
WSTR,L_hydro_pp,2015-01-01 13:00:00,86640.0
WSTR,L_hydro_pp,2015-01-01 14:00:00,83390.0
WSTR,L_hydro_pp,2015-01-01 15:00:00,81810.0
WSTR,L_hydro_pp,2015-01-01 16:00:00,80930.0
WSTR,L_hydro_pp,2015-01-01 17:00:00,87160.0
WSTR,L_hydro_pp,2015-01-01 18:00:00,106440.0
WSTR,L_hydro_pp,2015-01-01 19:00:00,155640.0
WSTR,L_hydro_pp,2015-01-01 20:00:00,163820.0
WSTR,L_hydro_pp,2015-01-01 21:00:00,133875.0
WSTR,L_hydro_pp,2015-01-01 22:00:00,120750.0
WSTR,L_hydro_pp,2015-01-01 23:00:00,89760.0
WSTR,L_hydro_pp,2015-01-02 00:00:00,78710.0
WSTR,L_hydro_pp,2015-01-02 01:00:00,80700.0
WSTR,L_hydro_pp,2015-01-02 02:00:00,77940.0
WSTR,L_hydro_pp,2015-01-02 03:00:00,65860.0
WSTR,L_hydro_pp,2015-01-02 04:00:00,71210.0
WSTR,L_hydro_pp,2015-01-02 05:00:00,72050.0
WSTR,L_hydro_pp,2015-01-02 06:00:00,70240.0
WSTR,L_hydro_pp,2015-01-02 07:00:00,70200.0
WSTR,L_hydro_pp,2015-01-02 08:00:00,101560.0
WSTR,L_hydro_pp,2015-01-02 09:00:00,98030.0
WSTR,L_hydro_pp,2015-01-02 10:00:00,100430.0
WSTR,L_hydro_pp,2015-01-02 11:00:00,100600.0
WSTR,L_hydro_pp,2015-01-02 12:00:00,100390.0
WSTR,L_hydro_pp,2015-01-02 13:00:00,113430.0
WSTR,L_hydro_pp,2015-01-02 14:00:00,126270.0
WSTR,L_hydro_pp,2015-01-02 15:00:00,128290.0
WSTR,L_hydro_pp,2015-01-02 16:00:00,126200.0
WSTR,L_hydro_pp,2015-01-02 17:00:00,124550.0
WSTR,L_hydro_pp,2015-01-02 18:00:00,141840.0
WSTR,L_hydro_pp,2015-01-02 19:00:00,165360.0
WSTR,L_hydro_pp,2015-01-02 20:00:00,164050.0
WSTR,L_hydro_pp,2015-01-02 21:00:00,146660.0
WSTR,L_hydro_pp,2015-01-02 22:00:00,138330.0
WSTR,L_hydro_pp,2015-01-02 23:00:00,109740.0
WSTR,L_hydro_pp,2015-01-03 00:00:00,66610.0
WSTR,L_hydro_pp,2015-01-03 01:00:00,66750.0
WSTR,L_hydro_pp,2015-01-03 02:00:00,67240.0
WSTR,L_hydro_pp,2015-01-03 03:00:00,70300.0
WSTR,L_hydro_pp,2015-01-03 04:00:00,72220.0
WSTR,L_hydro_pp,2015-01-03 05:00:00,71980.0
WSTR,L_hydro_pp,2015-01-03 06:00:00,78010.0
WSTR,L_hydro_pp,2015-01-03 07:00:00,84350.0
WSTR,L_hydro_pp,2015-01-03 08:00:00,101510.0
WSTR,L_hydro_pp,2015-01-03 09:00:00,131650.0
WSTR,L_hydro_pp,2015-01-03 10:00:00,131210.0
WSTR,L_hydro_pp,2015-01-03 11:00:00,132450.0
WSTR,L_hydro_pp,2015-01-03 12:00:00,128630.0
WSTR,L_hydro_pp,2015-01-03 13:00:00,123760.0
WSTR,L_hydro_pp,2015-01-03 14:00:00,125610.0
WSTR,L_hydro_pp,2015-01-03 15:00:00,129300.0
WSTR,L_hydro_pp,2015-01-03 16:00:00,132240.0
WSTR,L_hydro_pp,2015-01-03 17:00:00,133410.0
WSTR,L_hydro_pp,2015-01-03 18:00:00,143650.0
WSTR,L_hydro_pp,2015-01-03 19:00:00,167520.0
WSTR,L_hydro_pp,2015-01-03 20:00:00,167200.0
WSTR,L_hydro_pp,2015-01-03 21:00:00,169080.0
WSTR,L_hydro_pp,2015-01-03 22:00:00,153740.0
WSTR,L_hydro_pp,2015-01-03 23:00:00,107280.0
WSTR,S_hydro_pp,2015-01-01 00:00:00,797.5416667
WSTR,S_hydro_pp,2015-01-01 01:00:00,797.5416667
WSTR,S_hydro_pp,2015-01-01 02:00:00,797.5416667
WSTR,S_hydro_pp,2015-01-01 03:00:00,797.5416667
WSTR,S_hydro_pp,2015-01-01 04:00:00,797.5416667
WSTR,S_hydro_pp,2015-01-01 05:00:00,797.5416667
WSTR,S_hydro_pp,2015-01-01 06:00:00,797.5416667
WSTR,S_hydro_pp,2015-01-01 07:00:00,797.5416667
WSTR,S_hydro_pp,2015-01-01 08:00:00,797.5416667
WSTR,S_hydro_pp,2015-01-01 09:00:00,797.5416667
WSTR,S_hydro_pp,2015-01-01 10:00:00,797.5416667
WSTR,S_hydro_pp,2015-01-01 11:00:00,797.5416667
WSTR,S_hydro_pp,2015-01-01 12:00:00,797.5416667
WSTR,S_hydro_pp,2015-01-01 13:00:00,797.5416667
WSTR,S_hydro_pp,2015-01-01 14:00:00,797.5416667
WSTR,S_hydro_pp,2015-01-01 15:00:00,797.5416667
WSTR,S_hydro_pp,2015-01-01 16:00:00,797.5416667
WSTR,S_hydro_pp,2015-01-01 17:00:00,797.5416667
WSTR,S_hydro_pp,2015-01-01 18:00:00,797.5416667
WSTR,S_hydro_pp,2015-01-01 19:00:00,797.5416667
WSTR,S_hydro_pp,2015-01-01 20:00:00,797.5416667
WSTR,S_hydro_pp,2015-01-01 21:00:00,797.5416667
WSTR,S_hydro_pp,2015-01-01 22:00:00,797.5416667
WSTR,S_hydro_pp,2015-01-01 23:00:00,797.5416667
WSTR,S_hydro_pp,2015-01-02 00:00:00,837.5416667
WSTR,S_hydro_pp,2015-01-02 01:00:00,837.5416667
WSTR,S_hydro_pp,2015-01-02 02:00:00,837.5416667
WSTR,S_hydro_pp,2015-01-02 03:00:00,837.5416667
WSTR,S_hydro_pp,2015-01-02 04:00:00,837.5416667
WSTR,S_hydro_pp,2015-01-02 05:00:00,837.5416667
WSTR,S_hydro_pp,2015-01-02 06:00:00,837.5416667
WSTR,S_hydro_pp,2015-01-02 07:00:00,837.5416667
WSTR,S_hydro_pp,2015-01-02 08:00:00,837.5416667
WSTR,S_hydro_pp,2015-01-02 09:00:00,837.5416667
WSTR,S_hydro_pp,2015-01-02 10:00:00,837.5416667
WSTR,S_hydro_pp,2015-01-02 11:00:00,837.5416667
WSTR,S_hydro_pp,2015-01-02 12:00:00,837.5416667
WSTR,S_hydro_pp,2015-01-02 13:00:00,837.5416667
WSTR,S_hydro_pp,2015-01-02 14:00:00,837.5416667
WSTR,S_hydro_pp,2015-01-02 15:00:00,837.5416667
WSTR,S_hydro_pp,2015-01-02 16:00:00,837.5416667
WSTR,S_hydro_pp,2015-01-02 17:00:00,837.5416667
WSTR,S_hydro_pp,2015-01-02 18:00:00,837.5416667
WSTR,S_hydro_pp,2015-01-02 19:00:00,837.5416667
WSTR,S_hydro_pp,2015-01-02 20:00:00,837.5416667
WSTR,S_hydro_pp,2015-01-02 21:00:00,837.5416667
WSTR,S_hydro_pp,2015-01-02 22:00:00,837.5416667
WSTR,S_hydro_pp,2015-01-02 23:00:00,837.5416667
WSTR,S_hydro_pp,2015-01-03 00:00:00,564.4166667
WSTR,S_hydro_pp,2015-01-03 01:00:00,564.4166667
WSTR,S_hydro_pp,2015-01-03 02:00:00,564.4166667
WSTR,S_hydro_pp,2015-01-03 03:00:00,564.4166667
WSTR,S_hydro_pp,2015-01-03 04:00:00,564.4166667
WSTR,S_hydro_pp,2015-01-03 05:00:00,564.4166667
WSTR,S_hydro_pp,2015-01-03 06:00:00,564.4166667
WSTR,S_hydro_pp,2015-01-03 07:00:00,564.4166667
WSTR,S_hydro_pp,2015-01-03 08:00:00,564.4166667
WSTR,S_hydro_pp,2015-01-03 09:00:00,564.4166667
WSTR,S_hydro_pp,2015-01-03 10:00:00,564.4166667
WSTR,S_hydro_pp,2015-01-03 11:00:00,564.4166667
WSTR,S_hydro_pp,2015-01-03 12:00:00,564.4166667
WSTR,S_hydro_pp,2015-01-03 13:00:00,564.4166667
WSTR,S_hydro_pp,2015-01-03 14:00:00,564.4166667
WSTR,S_hydro_pp,2015-01-03 15:00:00,564.4166667
WSTR,S_hydro_pp,2015-01-03 16:00:00,564.4166667
WSTR,S_hydro_pp,2015-01-03 17:00:00,564.4166667
WSTR,S_hydro_pp,2015-01-03 18:00:00,564.4166667
WSTR,S_hydro_pp,2015-01-03 19:00:00,564.4166667
WSTR,S_hydro_pp,2015-01-03 20:00:00,564.4166667
WSTR,S_hydro_pp,2015-01-03 21:00:00,564.4166667
WSTR,S_hydro_pp,2015-01-03 22:00:00,564.4166667
WSTR,S_hydro_pp,2015-01-03 23:00:00,564.4166667
WSTR,bio_pp,2015-01-01 00:00:00,inf
WSTR,bio_pp,2015-01-01 01:00:00,inf
WSTR,bio_pp,2015-01-01 02:00:00,inf
WSTR,bio_pp,2015-01-01 03:00:00,inf
WSTR,bio_pp,2015-01-01 04:00:00,inf
WSTR,bio_pp,2015-01-01 05:00:00,inf
WSTR,bio_pp,2015-01-01 06:00:00,inf
WSTR,bio_pp,2015-01-01 07:00:00,inf
WSTR,bio_pp,2015-01-01 08:00:00,inf
WSTR,bio_pp,2015-01-01 09:00:00,inf
WSTR,bio_pp,2015-01-01 10:00:00,inf
WSTR,bio_pp,2015-01-01 11:00:00,inf
WSTR,bio_pp,2015-01-01 12:00:00,inf
WSTR,bio_pp,2015-01-01 13:00:00,inf
WSTR,bio_pp,2015-01-01 14:00:00,inf
WSTR,bio_pp,2015-01-01 15:00:00,inf
WSTR,bio_pp,2015-01-01 16:00:00,inf
WSTR,bio_pp,2015-01-01 17:00:00,inf
WSTR,bio_pp,2015-01-01 18:00:00,inf
WSTR,bio_pp,2015-01-01 19:00:00,inf
WSTR,bio_pp,2015-01-01 20:00:00,inf
WSTR,bio_pp,2015-01-01 21:00:00,inf
WSTR,bio_pp,2015-01-01 22:00:00,inf
WSTR,bio_pp,2015-01-01 23:00:00,inf
WSTR,bio_pp,2015-01-02 00:00:00,inf
WSTR,bio_pp,2015-01-02 01:00:00,inf
WSTR,bio_pp,2015-01-02 02:00:00,inf
WSTR,bio_pp,2015-01-02 03:00:00,inf
WSTR,bio_pp,2015-01-02 04:00:00,inf
WSTR,bio_pp,2015-01-02 05:00:00,inf
WSTR,bio_pp,2015-01-02 06:00:00,inf
WSTR,bio_pp,2015-01-02 07:00:00,inf
WSTR,bio_pp,2015-01-02 08:00:00,inf
WSTR,bio_pp,2015-01-02 09:00:00,inf
WSTR,bio_pp,2015-01-02 10:00:00,inf
WSTR,bio_pp,2015-01-02 11:00:00,inf
WSTR,bio_pp,2015-01-02 12:00:00,inf
WSTR,bio_pp,2015-01-02 13:00:00,inf
WSTR,bio_pp,2015-01-02 14:00:00,inf
WSTR,bio_pp,2015-01-02 15:00:00,inf
WSTR,bio_pp,2015-01-02 16:00:00,inf
WSTR,bio_pp,2015-01-02 17:00:00,inf
WSTR,bio_pp,2015-01-02 18:00:00,inf
WSTR,bio_pp,2015-01-02 19:00:00,inf
WSTR,bio_pp,2015-01-02 20:00:00,inf
WSTR,bio_pp,2015-01-02 21:00:00,inf
WSTR,bio_pp,2015-01-02 22:00:00,inf
WSTR,bio_pp,2015-01-02 23:00:00,inf
WSTR,bio_pp,2015-01-03 00:00:00,inf
WSTR,bio_pp,2015-01-03 01:00:00,inf
WSTR,bio_pp,2015-01-03 02:00:00,inf
WSTR,bio_pp,2015-01-03 03:00:00,inf
WSTR,bio_pp,2015-01-03 04:00:00,inf
WSTR,bio_pp,2015-01-03 05:00:00,inf
WSTR,bio_pp,2015-01-03 06:00:00,inf
WSTR,bio_pp,2015-01-03 07:00:00,inf
WSTR,bio_pp,2015-01-03 08:00:00,inf
WSTR,bio_pp,2015-01-03 09:00:00,inf
WSTR,bio_pp,2015-01-03 10:00:00,inf
WSTR,bio_pp,2015-01-03 11:00:00,inf
WSTR,bio_pp,2015-01-03 12:00:00,inf
WSTR,bio_pp,2015-01-03 13:00:00,inf
WSTR,bio_pp,2015-01-03 14:00:00,inf
WSTR,bio_pp,2015-01-03 15:00:00,inf
WSTR,bio_pp,2015-01-03 16:00:00,inf
WSTR,bio_pp,2015-01-03 17:00:00,inf
WSTR,bio_pp,2015-01-03 18:00:00,inf
WSTR,bio_pp,2015-01-03 19:00:00,inf
WSTR,bio_pp,2015-01-03 20:00:00,inf
WSTR,bio_pp,2015-01-03 21:00:00,inf
WSTR,bio_pp,2015-01-03 22:00:00,inf
WSTR,bio_pp,2015-01-03 23:00:00,inf
WSTR,demand_power,2015-01-01 00:00:00,-182724.125
WSTR,demand_power,2015-01-01 01:00:00,-162158.625
WSTR,demand_power,2015-01-01 02:00:00,-155793.625
WSTR,demand_power,2015-01-01 03:00:00,-151243.625
WSTR,demand_power,2015-01-01 04:00:00,-152448.625
WSTR,demand_power,2015-01-01 05:00:00,-167050.625
WSTR,demand_power,2015-01-01 06:00:00,-146388.625
WSTR,demand_power,2015-01-01 07:00:00,-142768.125
WSTR,demand_power,2015-01-01 08:00:00,-150496.625
WSTR,demand_power,2015-01-01 09:00:00,-153701.625
WSTR,demand_power,2015-01-01 10:00:00,-164546.0833
WSTR,demand_power,2015-01-01 11:00:00,-185012.5417
WSTR,demand_power,2015-01-01 12:00:00,-185311.5417
WSTR,demand_power,2015-01-01 13:00:00,-182356.5417
WSTR,demand_power,2015-01-01 14:00:00,-178095.5417
WSTR,demand_power,2015-01-01 15:00:00,-174168.5417
WSTR,demand_power,2015-01-01 16:00:00,-171633.5417
WSTR,demand_power,2015-01-01 17:00:00,-168890.5417
WSTR,demand_power,2015-01-01 18:00:00,-197391.5417
WSTR,demand_power,2015-01-01 19:00:00,-255036.5417
WSTR,demand_power,2015-01-01 20:00:00,-253428.5417
WSTR,demand_power,2015-01-01 21:00:00,-218879.5417
WSTR,demand_power,2015-01-01 22:00:00,-177041.5417
WSTR,demand_power,2015-01-01 23:00:00,-150484.5417
WSTR,demand_power,2015-01-02 00:00:00,-138822.5417
WSTR,demand_power,2015-01-02 01:00:00,-137093.5417
WSTR,demand_power,2015-01-02 02:00:00,-135112.5417
WSTR,demand_power,2015-01-02 03:00:00,-122977.5417
WSTR,demand_power,2015-01-02 04:00:00,-125099.5417
WSTR,demand_power,2015-01-02 05:00:00,-133831.5417
WSTR,demand_power,2015-01-02 06:00:00,-146791.5417
WSTR,demand_power,2015-01-02 07:00:00,-174571.5417
WSTR,demand_power,2015-01-02 08:00:00,-196268.5417
WSTR,demand_power,2015-01-02 09:00:00,-201407.5417
WSTR,demand_power,2015-01-02 10:00:00,-203939.5417
WSTR,demand_power,2015-01-02 11:00:00,-207168.5417
WSTR,demand_power,2015-01-02 12:00:00,-209590.5417
WSTR,demand_power,2015-01-02 13:00:00,-205223.5417
WSTR,demand_power,2015-01-02 14:00:00,-202619.5417
WSTR,demand_power,2015-01-02 15:00:00,-192062.5417
WSTR,demand_power,2015-01-02 16:00:00,-193606.5417
WSTR,demand_power,2015-01-02 17:00:00,-193720.5417
WSTR,demand_power,2015-01-02 18:00:00,-199916.5417
WSTR,demand_power,2015-01-02 19:00:00,-270424.5417
WSTR,demand_power,2015-01-02 20:00:00,-268228.5417
WSTR,demand_power,2015-01-02 21:00:00,-244067.5417
WSTR,demand_power,2015-01-02 22:00:00,-196377.5417
WSTR,demand_power,2015-01-02 23:00:00,-172820.5417
WSTR,demand_power,2015-01-03 00:00:00,-154386.4167
WSTR,demand_power,2015-01-03 01:00:00,-149110.4167
WSTR,demand_power,2015-01-03 02:00:00,-143524.4167
WSTR,demand_power,2015-01-03 03:00:00,-141399.4167
WSTR,demand_power,2015-01-03 04:00:00,-139224.4167
WSTR,demand_power,2015-01-03 05:00:00,-147423.4167
WSTR,demand_power,2015-01-03 06:00:00,-167883.4167
WSTR,demand_power,2015-01-03 07:00:00,-185122.4167
WSTR,demand_power,2015-01-03 08:00:00,-202265.4167
WSTR,demand_power,2015-01-03 09:00:00,-205512.4167
WSTR,demand_power,2015-01-03 10:00:00,-209508.4167
WSTR,demand_power,2015-01-03 11:00:00,-202490.4167
WSTR,demand_power,2015-01-03 12:00:00,-213634.4167
WSTR,demand_power,2015-01-03 13:00:00,-201272.4167
WSTR,demand_power,2015-01-03 14:00:00,-180253.4167
WSTR,demand_power,2015-01-03 15:00:00,-178804.4167
WSTR,demand_power,2015-01-03 16:00:00,-191535.4167
WSTR,demand_power,2015-01-03 17:00:00,-199450.4167
WSTR,demand_power,2015-01-03 18:00:00,-220642.4167
WSTR,demand_power,2015-01-03 19:00:00,-277792.4167
WSTR,demand_power,2015-01-03 20:00:00,-266693.4167
WSTR,demand_power,2015-01-03 21:00:00,-237472.4167
WSTR,demand_power,2015-01-03 22:00:00,-214797.4167
WSTR,demand_power,2015-01-03 23:00:00,-172075.4167
WSTR,geo_pp,2015-01-01 00:00:00,inf
WSTR,geo_pp,2015-01-01 01:00:00,inf
WSTR,geo_pp,2015-01-01 02:00:00,inf
WSTR,geo_pp,2015-01-01 03:00:00,inf
WSTR,geo_pp,2015-01-01 04:00:00,inf
WSTR,geo_pp,2015-01-01 05:00:00,inf
WSTR,geo_pp,2015-01-01 06:00:00,inf
WSTR,geo_pp,2015-01-01 07:00:00,inf
WSTR,geo_pp,2015-01-01 08:00:00,inf
WSTR,geo_pp,2015-01-01 09:00:00,inf
WSTR,geo_pp,2015-01-01 10:00:00,inf
WSTR,geo_pp,2015-01-01 11:00:00,inf
WSTR,geo_pp,2015-01-01 12:00:00,inf
WSTR,geo_pp,2015-01-01 13:00:00,inf
WSTR,geo_pp,2015-01-01 14:00:00,inf
WSTR,geo_pp,2015-01-01 15:00:00,inf
WSTR,geo_pp,2015-01-01 16:00:00,inf
WSTR,geo_pp,2015-01-01 17:00:00,inf
WSTR,geo_pp,2015-01-01 18:00:00,inf
WSTR,geo_pp,2015-01-01 19:00:00,inf
WSTR,geo_pp,2015-01-01 20:00:00,inf
WSTR,geo_pp,2015-01-01 21:00:00,inf
WSTR,geo_pp,2015-01-01 22:00:00,inf
WSTR,geo_pp,2015-01-01 23:00:00,inf
WSTR,geo_pp,2015-01-02 00:00:00,inf
WSTR,geo_pp,2015-01-02 01:00:00,inf
WSTR,geo_pp,2015-01-02 02:00:00,inf
WSTR,geo_pp,2015-01-02 03:00:00,inf
WSTR,geo_pp,2015-01-02 04:00:00,inf
WSTR,geo_pp,2015-01-02 05:00:00,inf
WSTR,geo_pp,2015-01-02 06:00:00,inf
WSTR,geo_pp,2015-01-02 07:00:00,inf
WSTR,geo_pp,2015-01-02 08:00:00,inf
WSTR,geo_pp,2015-01-02 09:00:00,inf
WSTR,geo_pp,2015-01-02 10:00:00,inf
WSTR,geo_pp,2015-01-02 11:00:00,inf
WSTR,geo_pp,2015-01-02 12:00:00,inf
WSTR,geo_pp,2015-01-02 13:00:00,inf
WSTR,geo_pp,2015-01-02 14:00:00,inf
WSTR,geo_pp,2015-01-02 15:00:00,inf
WSTR,geo_pp,2015-01-02 16:00:00,inf
WSTR,geo_pp,2015-01-02 17:00:00,inf
WSTR,geo_pp,2015-01-02 18:00:00,inf
WSTR,geo_pp,2015-01-02 19:00:00,inf
WSTR,geo_pp,2015-01-02 20:00:00,inf
WSTR,geo_pp,2015-01-02 21:00:00,inf
WSTR,geo_pp,2015-01-02 22:00:00,inf
WSTR,geo_pp,2015-01-02 23:00:00,inf
WSTR,geo_pp,2015-01-03 00:00:00,inf
WSTR,geo_pp,2015-01-03 01:00:00,inf
WSTR,geo_pp,2015-01-03 02:00:00,inf
WSTR,geo_pp,2015-01-03 03:00:00,inf
WSTR,geo_pp,2015-01-03 04:00:00,inf
WSTR,geo_pp,2015-01-03 05:00:00,inf
WSTR,geo_pp,2015-01-03 06:00:00,inf
WSTR,geo_pp,2015-01-03 07:00:00,inf
WSTR,geo_pp,2015-01-03 08:00:00,inf
WSTR,geo_pp,2015-01-03 09:00:00,inf
WSTR,geo_pp,2015-01-03 10:00:00,inf
WSTR,geo_pp,2015-01-03 11:00:00,inf
WSTR,geo_pp,2015-01-03 12:00:00,inf
WSTR,geo_pp,2015-01-03 13:00:00,inf
WSTR,geo_pp,2015-01-03 14:00:00,inf
WSTR,geo_pp,2015-01-03 15:00:00,inf
WSTR,geo_pp,2015-01-03 16:00:00,inf
WSTR,geo_pp,2015-01-03 17:00:00,inf
WSTR,geo_pp,2015-01-03 18:00:00,inf
WSTR,geo_pp,2015-01-03 19:00:00,inf
WSTR,geo_pp,2015-01-03 20:00:00,inf
WSTR,geo_pp,2015-01-03 21:00:00,inf
WSTR,geo_pp,2015-01-03 22:00:00,inf
WSTR,geo_pp,2015-01-03 23:00:00,inf
