costs,nodes,techs,timesteps,cost_var
monetary,CSTR,HFO_pp,2015-01-01 00:00:00,0.0
monetary,CSTR,HFO_pp,2015-01-01 01:00:00,0.0
monetary,CSTR,HFO_pp,2015-01-01 02:00:00,0.0
monetary,CSTR,HFO_pp,2015-01-01 03:00:00,0.0
monetary,CSTR,HFO_pp,2015-01-01 04:00:00,0.0
monetary,CSTR,HFO_pp,2015-01-01 05:00:00,0.0
monetary,CSTR,HFO_pp,2015-01-01 06:00:00,0.0
monetary,CSTR,HFO_pp,2015-01-01 07:00:00,0.0
monetary,CSTR,HFO_pp,2015-01-01 08:00:00,0.0
monetary,CSTR,HFO_pp,2015-01-01 09:00:00,0.0
monetary,CSTR,HFO_pp,2015-01-01 10:00:00,0.0
monetary,CSTR,HFO_pp,2015-01-01 11:00:00,0.0
monetary,CSTR,HFO_pp,2015-01-01 12:00:00,0.0
monetary,CSTR,HFO_pp,2015-01-01 13:00:00,0.0
monetary,CSTR,HFO_pp,2015-01-01 14:00:00,0.0
monetary,CSTR,HFO_pp,2015-01-01 15:00:00,0.0
monetary,CSTR,HFO_pp,2015-01-01 16:00:00,0.0
monetary,CSTR,HFO_pp,2015-01-01 17:00:00,0.0
monetary,CSTR,HFO_pp,2015-01-01 18:00:00,0.0
monetary,CSTR,HFO_pp,2015-01-01 19:00:00,0.0
monetary,CSTR,HFO_pp,2015-01-01 20:00:00,0.0
monetary,CSTR,HFO_pp,2015-01-01 21:00:00,0.0
monetary,CSTR,HFO_pp,2015-01-01 22:00:00,0.0
monetary,CSTR,HFO_pp,2015-01-01 23:00:00,0.0
monetary,CSTR,HFO_pp,2015-01-02 00:00:00,0.0
monetary,CSTR,HFO_pp,2015-01-02 01:00:00,0.0
monetary,CSTR,HFO_pp,2015-01-02 02:00:00,0.0
monetary,CSTR,HFO_pp,2015-01-02 03:00:00,0.0
monetary,CSTR,HFO_pp,2015-01-02 04:00:00,0.0
monetary,CSTR,HFO_pp,2015-01-02 05:00:00,0.0
monetary,CSTR,HFO_pp,2015-01-02 06:00:00,0.0
monetary,CSTR,HFO_pp,2015-01-02 07:00:00,0.0
monetary,CSTR,HFO_pp,2015-01-02 08:00:00,0.0
monetary,CSTR,HFO_pp,2015-01-02 09:00:00,0.0
monetary,CSTR,HFO_pp,2015-01-02 10:00:00,0.0
monetary,CSTR,HFO_pp,2015-01-02 11:00:00,0.0
monetary,CSTR,HFO_pp,2015-01-02 12:00:00,0.0
monetary,CSTR,HFO_pp,2015-01-02 13:00:00,0.0
monetary,CSTR,HFO_pp,2015-01-02 14:00:00,0.0
monetary,CSTR,HFO_pp,2015-01-02 15:00:00,0.0
monetary,CSTR,HFO_pp,2015-01-02 16:00:00,0.0
monetary,CSTR,HFO_pp,2015-01-02 17:00:00,0.0
monetary,CSTR,HFO_pp,2015-01-02 18:00:00,1892.3010829616546
monetary,CSTR,HFO_pp,2015-01-02 19:00:00,19513.67643167924
monetary,CSTR,HFO_pp,2015-01-02 20:00:00,13598.475869528478
monetary,CSTR,HFO_pp,2015-01-02 21:00:00,10147.139297047406
monetary,CSTR,HFO_pp,2015-01-02 22:00:00,0.0
monetary,CSTR,HFO_pp,2015-01-02 23:00:00,0.0
monetary,CSTR,HFO_pp,2015-01-03 00:00:00,0.0
monetary,CSTR,HFO_pp,2015-01-03 01:00:00,0.0
monetary,CSTR,HFO_pp,2015-01-03 02:00:00,0.0
monetary,CSTR,HFO_pp,2015-01-03 03:00:00,0.0
monetary,CSTR,HFO_pp,2015-01-03 04:00:00,0.0
monetary,CSTR,HFO_pp,2015-01-03 05:00:00,0.0
monetary,CSTR,HFO_pp,2015-01-03 06:00:00,0.0
monetary,CSTR,HFO_pp,2015-01-03 07:00:00,0.0
monetary,CSTR,HFO_pp,2015-01-03 08:00:00,0.0
monetary,CSTR,HFO_pp,2015-01-03 09:00:00,26.629931576450783
monetary,CSTR,HFO_pp,2015-01-03 10:00:00,306.76985558106185
monetary,CSTR,HFO_pp,2015-01-03 11:00:00,94.84531366094517
monetary,CSTR,HFO_pp,2015-01-03 12:00:00,1651.7026746014108
monetary,CSTR,HFO_pp,2015-01-03 13:00:00,0.0
monetary,CSTR,HFO_pp,2015-01-03 14:00:00,0.0
monetary,CSTR,HFO_pp,2015-01-03 15:00:00,0.0
monetary,CSTR,HFO_pp,2015-01-03 16:00:00,0.0
monetary,CSTR,HFO_pp,2015-01-03 17:00:00,0.0
monetary,CSTR,HFO_pp,2015-01-03 18:00:00,0.0
monetary,CSTR,HFO_pp,2015-01-03 19:00:00,16441.603591120474
monetary,CSTR,HFO_pp,2015-01-03 20:00:00,16516.905118478197
monetary,CSTR,HFO_pp,2015-01-03 21:00:00,9625.505574912459
monetary,CSTR,HFO_pp,2015-01-03 22:00:00,0.0
monetary,CSTR,HFO_pp,2015-01-03 23:00:00,0.0
monetary,CSTR,hvdc_132:MTKR,2015-01-01 00:00:00,0.0
monetary,CSTR,hvdc_132:MTKR,2015-01-01 01:00:00,0.0
monetary,CSTR,hvdc_132:MTKR,2015-01-01 02:00:00,0.0
monetary,CSTR,hvdc_132:MTKR,2015-01-01 03:00:00,0.0
monetary,CSTR,hvdc_132:MTKR,2015-01-01 04:00:00,0.0
monetary,CSTR,hvdc_132:MTKR,2015-01-01 05:00:00,0.0
monetary,CSTR,hvdc_132:MTKR,2015-01-01 06:00:00,0.0
monetary,CSTR,hvdc_132:MTKR,2015-01-01 07:00:00,0.0
monetary,CSTR,hvdc_132:MTKR,2015-01-01 08:00:00,0.0
monetary,CSTR,hvdc_132:MTKR,2015-01-01 09:00:00,0.0
monetary,CSTR,hvdc_132:MTKR,2015-01-01 10:00:00,0.0
monetary,CSTR,hvdc_132:MTKR,2015-01-01 11:00:00,0.0
monetary,CSTR,hvdc_132:MTKR,2015-01-01 12:00:00,0.0
monetary,CSTR,hvdc_132:MTKR,2015-01-01 13:00:00,0.0
monetary,CSTR,hvdc_132:MTKR,2015-01-01 14:00:00,0.0
monetary,CSTR,hvdc_132:MTKR,2015-01-01 15:00:00,0.0
monetary,CSTR,hvdc_132:MTKR,2015-01-01 16:00:00,0.0
monetary,CSTR,hvdc_132:MTKR,2015-01-01 17:00:00,0.0
monetary,CSTR,hvdc_132:MTKR,2015-01-01 18:00:00,7.921917480043513
monetary,CSTR,hvdc_132:MTKR,2015-01-01 19:00:00,10.505056568882875
monetary,CSTR,hvdc_132:MTKR,2015-01-01 20:00:00,10.505056568882875
monetary,CSTR,hvdc_132:MTKR,2015-01-01 21:00:00,0.0
monetary,CSTR,hvdc_132:MTKR,2015-01-01 22:00:00,0.0
monetary,CSTR,hvdc_132:MTKR,2015-01-01 23:00:00,0.0
monetary,CSTR,hvdc_132:MTKR,2015-01-02 00:00:00,0.0
monetary,CSTR,hvdc_132:MTKR,2015-01-02 01:00:00,0.0
monetary,CSTR,hvdc_132:MTKR,2015-01-02 02:00:00,0.0
monetary,CSTR,hvdc_132:MTKR,2015-01-02 03:00:00,0.0
monetary,CSTR,hvdc_132:MTKR,2015-01-02 04:00:00,0.0
monetary,CSTR,hvdc_132:MTKR,2015-01-02 05:00:00,0.0
monetary,CSTR,hvdc_132:MTKR,2015-01-02 06:00:00,0.0
monetary,CSTR,hvdc_132:MTKR,2015-01-02 07:00:00,0.0
monetary,CSTR,hvdc_132:MTKR,2015-01-02 08:00:00,0.0
monetary,CSTR,hvdc_132:MTKR,2015-01-02 09:00:00,0.0
monetary,CSTR,hvdc_132:MTKR,2015-01-02 10:00:00,0.0
monetary,CSTR,hvdc_132:MTKR,2015-01-02 11:00:00,0.0
monetary,CSTR,hvdc_132:MTKR,2015-01-02 12:00:00,0.0
monetary,CSTR,hvdc_132:MTKR,2015-01-02 13:00:00,0.0
monetary,CSTR,hvdc_132:MTKR,2015-01-02 14:00:00,0.0
monetary,CSTR,hvdc_132:MTKR,2015-01-02 15:00:00,0.0
monetary,CSTR,hvdc_132:MTKR,2015-01-02 16:00:00,0.0
monetary,CSTR,hvdc_132:MTKR,2015-01-02 17:00:00,0.0
monetary,CSTR,hvdc_132:MTKR,2015-01-02 18:00:00,10.505056568882875
monetary,CSTR,hvdc_132:MTKR,2015-01-02 19:00:00,7.1215865610868185
monetary,CSTR,hvdc_132:MTKR,2015-01-02 20:00:00,10.505056568882875
monetary,CSTR,hvdc_132:MTKR,2015-01-02 21:00:00,10.505056568882875
monetary,CSTR,hvdc_132:MTKR,2015-01-02 22:00:00,0.0
monetary,CSTR,hvdc_132:MTKR,2015-01-02 23:00:00,0.0
monetary,CSTR,hvdc_132:MTKR,2015-01-03 00:00:00,0.0
monetary,CSTR,hvdc_132:MTKR,2015-01-03 01:00:00,0.0
monetary,CSTR,hvdc_132:MTKR,2015-01-03 02:00:00,0.0
monetary,CSTR,hvdc_132:MTKR,2015-01-03 03:00:00,0.0
monetary,CSTR,hvdc_132:MTKR,2015-01-03 04:00:00,0.0
monetary,CSTR,hvdc_132:MTKR,2015-01-03 05:00:00,0.0
monetary,CSTR,hvdc_132:MTKR,2015-01-03 06:00:00,0.0
monetary,CSTR,hvdc_132:MTKR,2015-01-03 07:00:00,0.0
monetary,CSTR,hvdc_132:MTKR,2015-01-03 08:00:00,10.505056568882875
monetary,CSTR,hvdc_132:MTKR,2015-01-03 09:00:00,10.505056568882875
monetary,CSTR,hvdc_132:MTKR,2015-01-03 10:00:00,10.505056568882875
monetary,CSTR,hvdc_132:MTKR,2015-01-03 11:00:00,10.505056568882875
monetary,CSTR,hvdc_132:MTKR,2015-01-03 12:00:00,10.505056568882875
monetary,CSTR,hvdc_132:MTKR,2015-01-03 13:00:00,10.505056568882875
monetary,CSTR,hvdc_132:MTKR,2015-01-03 14:00:00,0.0
monetary,CSTR,hvdc_132:MTKR,2015-01-03 15:00:00,0.0
monetary,CSTR,hvdc_132:MTKR,2015-01-03 16:00:00,0.0
monetary,CSTR,hvdc_132:MTKR,2015-01-03 17:00:00,0.0
monetary,CSTR,hvdc_132:MTKR,2015-01-03 18:00:00,10.505056568882875
monetary,CSTR,hvdc_132:MTKR,2015-01-03 19:00:00,7.715731251202732
monetary,CSTR,hvdc_132:MTKR,2015-01-03 20:00:00,8.029366039027185
monetary,CSTR,hvdc_132:MTKR,2015-01-03 21:00:00,10.505056568882875
monetary,CSTR,hvdc_132:MTKR,2015-01-03 22:00:00,9.367104080043513
monetary,CSTR,hvdc_132:MTKR,2015-01-03 23:00:00,6.983894680043513
monetary,CSTR,hvdc_132:NBOR,2015-01-01 00:00:00,15.322103319956486
monetary,CSTR,hvdc_132:NBOR,2015-01-01 01:00:00,15.322103319956486
monetary,CSTR,hvdc_132:NBOR,2015-01-01 02:00:00,15.322103319956486
monetary,CSTR,hvdc_132:NBOR,2015-01-01 03:00:00,15.322103319956486
monetary,CSTR,hvdc_132:NBOR,2015-01-01 04:00:00,15.322103319956486
monetary,CSTR,hvdc_132:NBOR,2015-01-01 05:00:00,15.322103319956486
monetary,CSTR,hvdc_132:NBOR,2015-01-01 06:00:00,15.322103319956486
monetary,CSTR,hvdc_132:NBOR,2015-01-01 07:00:00,15.322103319956486
monetary,CSTR,hvdc_132:NBOR,2015-01-01 08:00:00,15.322103319956486
monetary,CSTR,hvdc_132:NBOR,2015-01-01 09:00:00,12.415885746669264
monetary,CSTR,hvdc_132:NBOR,2015-01-01 10:00:00,12.119782687469884
monetary,CSTR,hvdc_132:NBOR,2015-01-01 11:00:00,11.952744106671474
monetary,CSTR,hvdc_132:NBOR,2015-01-01 12:00:00,12.292481447483143
monetary,CSTR,hvdc_132:NBOR,2015-01-01 13:00:00,12.38975699468429
monetary,CSTR,hvdc_132:NBOR,2015-01-01 14:00:00,13.722756693903563
monetary,CSTR,hvdc_132:NBOR,2015-01-01 15:00:00,14.891265209113108
monetary,CSTR,hvdc_132:NBOR,2015-01-01 16:00:00,15.322103319956486
monetary,CSTR,hvdc_132:NBOR,2015-01-01 17:00:00,15.322103319956486
monetary,CSTR,hvdc_132:NBOR,2015-01-01 18:00:00,15.322103319956486
monetary,CSTR,hvdc_132:NBOR,2015-01-01 19:00:00,15.322103319956486
monetary,CSTR,hvdc_132:NBOR,2015-01-01 20:00:00,15.322103319956486
monetary,CSTR,hvdc_132:NBOR,2015-01-01 21:00:00,15.322103319956486
monetary,CSTR,hvdc_132:NBOR,2015-01-01 22:00:00,15.322103319956486
monetary,CSTR,hvdc_132:NBOR,2015-01-01 23:00:00,15.322103319956486
monetary,CSTR,hvdc_132:NBOR,2015-01-02 00:00:00,15.322103319956486
monetary,CSTR,hvdc_132:NBOR,2015-01-02 01:00:00,15.322103319956486
monetary,CSTR,hvdc_132:NBOR,2015-01-02 02:00:00,15.322103319956486
monetary,CSTR,hvdc_132:NBOR,2015-01-02 03:00:00,15.322103319956486
monetary,CSTR,hvdc_132:NBOR,2015-01-02 04:00:00,15.322103319956486
monetary,CSTR,hvdc_132:NBOR,2015-01-02 05:00:00,15.322103319956486
monetary,CSTR,hvdc_132:NBOR,2015-01-02 06:00:00,15.322103319956486
monetary,CSTR,hvdc_132:NBOR,2015-01-02 07:00:00,6.058852234040639
monetary,CSTR,hvdc_132:NBOR,2015-01-02 08:00:00,9.723046128453985
monetary,CSTR,hvdc_132:NBOR,2015-01-02 09:00:00,11.284540421261674
monetary,CSTR,hvdc_132:NBOR,2015-01-02 10:00:00,12.235132453264328
monetary,CSTR,hvdc_132:NBOR,2015-01-02 11:00:00,12.073349886861587
monetary,CSTR,hvdc_132:NBOR,2015-01-02 12:00:00,12.044398866065388
monetary,CSTR,hvdc_132:NBOR,2015-01-02 13:00:00,11.90906397806362
monetary,CSTR,hvdc_132:NBOR,2015-01-02 14:00:00,11.640088424461942
monetary,CSTR,hvdc_132:NBOR,2015-01-02 15:00:00,12.108705560467687
monetary,CSTR,hvdc_132:NBOR,2015-01-02 16:00:00,12.477652507668836
monetary,CSTR,hvdc_132:NBOR,2015-01-02 17:00:00,11.705639686861588
monetary,CSTR,hvdc_132:NBOR,2015-01-02 18:00:00,12.912680449147022
monetary,CSTR,hvdc_132:NBOR,2015-01-02 19:00:00,0.0
monetary,CSTR,hvdc_132:NBOR,2015-01-02 20:00:00,2.767370115098196
monetary,CSTR,hvdc_132:NBOR,2015-01-02 21:00:00,6.443150840592447
monetary,CSTR,hvdc_132:NBOR,2015-01-02 22:00:00,15.322103319956486
monetary,CSTR,hvdc_132:NBOR,2015-01-02 23:00:00,15.322103319956486
monetary,CSTR,hvdc_132:NBOR,2015-01-03 00:00:00,15.322103319956486
monetary,CSTR,hvdc_132:NBOR,2015-01-03 01:00:00,15.322103319956486
monetary,CSTR,hvdc_132:NBOR,2015-01-03 02:00:00,15.322103319956486
monetary,CSTR,hvdc_132:NBOR,2015-01-03 03:00:00,15.322103319956486
monetary,CSTR,hvdc_132:NBOR,2015-01-03 04:00:00,15.322103319956486
monetary,CSTR,hvdc_132:NBOR,2015-01-03 05:00:00,15.322103319956486
monetary,CSTR,hvdc_132:NBOR,2015-01-03 06:00:00,15.322103319956486
monetary,CSTR,hvdc_132:NBOR,2015-01-03 07:00:00,10.66616328986308
monetary,CSTR,hvdc_132:NBOR,2015-01-03 08:00:00,9.23995093458057
monetary,CSTR,hvdc_132:NBOR,2015-01-03 09:00:00,12.508936117954823
monetary,CSTR,hvdc_132:NBOR,2015-01-03 10:00:00,13.056436642851471
monetary,CSTR,hvdc_132:NBOR,2015-01-03 11:00:00,13.169335960619236
monetary,CSTR,hvdc_132:NBOR,2015-01-03 12:00:00,11.372660047052596
monetary,CSTR,hvdc_132:NBOR,2015-01-03 13:00:00,10.72980967766902
monetary,CSTR,hvdc_132:NBOR,2015-01-03 14:00:00,9.213775908429174
monetary,CSTR,hvdc_132:NBOR,2015-01-03 15:00:00,13.317696832951532
monetary,CSTR,hvdc_132:NBOR,2015-01-03 16:00:00,13.088460632269356
monetary,CSTR,hvdc_132:NBOR,2015-01-03 17:00:00,12.90329703546962
monetary,CSTR,hvdc_132:NBOR,2015-01-03 18:00:00,11.094555702123909
monetary,CSTR,hvdc_132:NBOR,2015-01-03 19:00:00,0.0
monetary,CSTR,hvdc_132:NBOR,2015-01-03 20:00:00,0.0
monetary,CSTR,hvdc_132:NBOR,2015-01-03 21:00:00,4.172456530263634
monetary,CSTR,hvdc_132:NBOR,2015-01-03 22:00:00,15.322103319956486
monetary,CSTR,hvdc_132:NBOR,2015-01-03 23:00:00,15.322103319956486
monetary,CSTR,hvdc_220:MTKR,2015-01-01 00:00:00,7.281685086070817
monetary,CSTR,hvdc_220:MTKR,2015-01-01 01:00:00,7.841303286070817
monetary,CSTR,hvdc_220:MTKR,2015-01-01 02:00:00,7.497108006070817
monetary,CSTR,hvdc_220:MTKR,2015-01-01 03:00:00,6.9537367860708175
monetary,CSTR,hvdc_220:MTKR,2015-01-01 04:00:00,6.388101186070817
monetary,CSTR,hvdc_220:MTKR,2015-01-01 05:00:00,6.143193006070817
monetary,CSTR,hvdc_220:MTKR,2015-01-01 06:00:00,5.3158005060708176
monetary,CSTR,hvdc_220:MTKR,2015-01-01 07:00:00,4.952349546070817
monetary,CSTR,hvdc_220:MTKR,2015-01-01 08:00:00,6.409763826070817
monetary,CSTR,hvdc_220:MTKR,2015-01-01 09:00:00,9.541872826851986
monetary,CSTR,hvdc_220:MTKR,2015-01-01 10:00:00,9.500437895223277
monetary,CSTR,hvdc_220:MTKR,2015-01-01 11:00:00,9.393890928178028
monetary,CSTR,hvdc_220:MTKR,2015-01-01 12:00:00,8.612546503179528
monetary,CSTR,hvdc_220:MTKR,2015-01-01 13:00:00,8.53559591586907
monetary,CSTR,hvdc_220:MTKR,2015-01-01 14:00:00,7.245193759432153
monetary,CSTR,hvdc_220:MTKR,2015-01-01 15:00:00,6.605911957160654
monetary,CSTR,hvdc_220:MTKR,2015-01-01 16:00:00,5.941610106070817
monetary,CSTR,hvdc_220:MTKR,2015-01-01 17:00:00,5.434945026070817
monetary,CSTR,hvdc_220:MTKR,2015-01-01 18:00:00,0.0
monetary,CSTR,hvdc_220:MTKR,2015-01-01 19:00:00,0.7323555534353949
monetary,CSTR,hvdc_220:MTKR,2015-01-01 20:00:00,1.104832613435395
monetary,CSTR,hvdc_220:MTKR,2015-01-01 21:00:00,10.122499626070818
monetary,CSTR,hvdc_220:MTKR,2015-01-01 22:00:00,7.5109480260708175
monetary,CSTR,hvdc_220:MTKR,2015-01-01 23:00:00,4.837417206070818
monetary,CSTR,hvdc_220:MTKR,2015-01-02 00:00:00,5.271271746070817
monetary,CSTR,hvdc_220:MTKR,2015-01-02 01:00:00,5.585981766070817
monetary,CSTR,hvdc_220:MTKR,2015-01-02 02:00:00,5.496924246070817
monetary,CSTR,hvdc_220:MTKR,2015-01-02 03:00:00,4.640648226070817
monetary,CSTR,hvdc_220:MTKR,2015-01-02 04:00:00,4.552192446070817
monetary,CSTR,hvdc_220:MTKR,2015-01-02 05:00:00,3.972716826070817
monetary,CSTR,hvdc_220:MTKR,2015-01-02 06:00:00,3.658608546070817
monetary,CSTR,hvdc_220:MTKR,2015-01-02 07:00:00,13.350334970769817
monetary,CSTR,hvdc_220:MTKR,2015-01-02 08:00:00,12.456524302779108
monetary,CSTR,hvdc_220:MTKR,2015-01-02 09:00:00,11.941547295393734
monetary,CSTR,hvdc_220:MTKR,2015-01-02 10:00:00,11.763969016984985
monetary,CSTR,hvdc_220:MTKR,2015-01-02 11:00:00,11.947466571340692
monetary,CSTR,hvdc_220:MTKR,2015-01-02 12:00:00,11.692937705621485
monetary,CSTR,hvdc_220:MTKR,2015-01-02 13:00:00,11.811323224560653
monetary,CSTR,hvdc_220:MTKR,2015-01-02 14:00:00,11.923789467552858
monetary,CSTR,hvdc_220:MTKR,2015-01-02 15:00:00,11.539036531000567
monetary,CSTR,hvdc_220:MTKR,2015-01-02 16:00:00,11.46208594369011
monetary,CSTR,hvdc_220:MTKR,2015-01-02 17:00:00,11.947466571340692
monetary,CSTR,hvdc_220:MTKR,2015-01-02 18:00:00,0.0
monetary,CSTR,hvdc_220:MTKR,2015-01-02 19:00:00,0.0
monetary,CSTR,hvdc_220:MTKR,2015-01-02 20:00:00,0.0
monetary,CSTR,hvdc_220:MTKR,2015-01-02 21:00:00,0.0
monetary,CSTR,hvdc_220:MTKR,2015-01-02 22:00:00,10.253077206070817
monetary,CSTR,hvdc_220:MTKR,2015-01-02 23:00:00,8.610928746070817
monetary,CSTR,hvdc_220:MTKR,2015-01-03 00:00:00,5.2369725660708175
monetary,CSTR,hvdc_220:MTKR,2015-01-03 01:00:00,4.402960926070818
monetary,CSTR,hvdc_220:MTKR,2015-01-03 02:00:00,3.6989251260708174
monetary,CSTR,hvdc_220:MTKR,2015-01-03 03:00:00,3.6531928860708174
monetary,CSTR,hvdc_220:MTKR,2015-01-03 04:00:00,3.4329560460708173
monetary,CSTR,hvdc_220:MTKR,2015-01-03 05:00:00,3.5936206260708174
monetary,CSTR,hvdc_220:MTKR,2015-01-03 06:00:00,2.6771706060708174
monetary,CSTR,hvdc_220:MTKR,2015-01-03 07:00:00,8.381694740537839
monetary,CSTR,hvdc_220:MTKR,2015-01-03 08:00:00,1.928736874201743
monetary,CSTR,hvdc_220:MTKR,2015-01-03 09:00:00,0.0
monetary,CSTR,hvdc_220:MTKR,2015-01-03 10:00:00,0.0
monetary,CSTR,hvdc_220:MTKR,2015-01-03 11:00:00,0.0
monetary,CSTR,hvdc_220:MTKR,2015-01-03 12:00:00,0.0
monetary,CSTR,hvdc_220:MTKR,2015-01-03 13:00:00,1.5262261062570115
monetary,CSTR,hvdc_220:MTKR,2015-01-03 14:00:00,10.815701006375537
monetary,CSTR,hvdc_220:MTKR,2015-01-03 15:00:00,7.979183972593106
monetary,CSTR,hvdc_220:MTKR,2015-01-03 16:00:00,7.961426148303796
monetary,CSTR,hvdc_220:MTKR,2015-01-03 17:00:00,7.943668320462922
monetary,CSTR,hvdc_220:MTKR,2015-01-03 18:00:00,1.0649961244700183
monetary,CSTR,hvdc_220:MTKR,2015-01-03 19:00:00,0.0
monetary,CSTR,hvdc_220:MTKR,2015-01-03 20:00:00,0.0
monetary,CSTR,hvdc_220:MTKR,2015-01-03 21:00:00,0.0
monetary,CSTR,hvdc_220:MTKR,2015-01-03 22:00:00,0.0
monetary,CSTR,hvdc_220:MTKR,2015-01-03 23:00:00,0.0
monetary,MTKR,L_hydro_pp,2015-01-01 00:00:00,46.31
monetary,MTKR,L_hydro_pp,2015-01-01 01:00:00,40.805
monetary,MTKR,L_hydro_pp,2015-01-01 02:00:00,37.800000000000004
monetary,MTKR,L_hydro_pp,2015-01-01 03:00:00,37.300000000000004
monetary,MTKR,L_hydro_pp,2015-01-01 04:00:00,38.300000000000004
monetary,MTKR,L_hydro_pp,2015-01-01 05:00:00,37.300000000000004
monetary,MTKR,L_hydro_pp,2015-01-01 06:00:00,45.300000000000004
monetary,MTKR,L_hydro_pp,2015-01-01 07:00:00,46.06
monetary,MTKR,L_hydro_pp,2015-01-01 08:00:00,60.56
monetary,MTKR,L_hydro_pp,2015-01-01 09:00:00,80.06
monetary,MTKR,L_hydro_pp,2015-01-01 10:00:00,82.06
monetary,MTKR,L_hydro_pp,2015-01-01 11:00:00,80.24
monetary,MTKR,L_hydro_pp,2015-01-01 12:00:00,76.74
monetary,MTKR,L_hydro_pp,2015-01-01 13:00:00,76.32000000000001
monetary,MTKR,L_hydro_pp,2015-01-01 14:00:00,69.82000000000001
monetary,MTKR,L_hydro_pp,2015-01-01 15:00:00,65.82000000000001
monetary,MTKR,L_hydro_pp,2015-01-01 16:00:00,50.82
monetary,MTKR,L_hydro_pp,2015-01-01 17:00:00,39.285000000000004
monetary,MTKR,L_hydro_pp,2015-01-01 18:00:00,50.25
monetary,MTKR,L_hydro_pp,2015-01-01 19:00:00,92.5
monetary,MTKR,L_hydro_pp,2015-01-01 20:00:00,92.5
monetary,MTKR,L_hydro_pp,2015-01-01 21:00:00,92.5
monetary,MTKR,L_hydro_pp,2015-01-01 22:00:00,61.35
monetary,MTKR,L_hydro_pp,2015-01-01 23:00:00,39.32
monetary,MTKR,L_hydro_pp,2015-01-02 00:00:00,27.430828618994116
monetary,MTKR,L_hydro_pp,2015-01-02 01:00:00,17.97395224929017
monetary,MTKR,L_hydro_pp,2015-01-02 02:00:00,11.467033410734897
monetary,MTKR,L_hydro_pp,2015-01-02 03:00:00,0.0
monetary,MTKR,L_hydro_pp,2015-01-02 04:00:00,0.0
monetary,MTKR,L_hydro_pp,2015-01-02 05:00:00,10.971151560922692
monetary,MTKR,L_hydro_pp,2015-01-02 06:00:00,45.101445872783216
monetary,MTKR,L_hydro_pp,2015-01-02 07:00:00,92.5
monetary,MTKR,L_hydro_pp,2015-01-02 08:00:00,92.5
monetary,MTKR,L_hydro_pp,2015-01-02 09:00:00,92.5
monetary,MTKR,L_hydro_pp,2015-01-02 10:00:00,92.5
monetary,MTKR,L_hydro_pp,2015-01-02 11:00:00,92.5
monetary,MTKR,L_hydro_pp,2015-01-02 12:00:00,92.5
monetary,MTKR,L_hydro_pp,2015-01-02 13:00:00,92.5
monetary,MTKR,L_hydro_pp,2015-01-02 14:00:00,92.5
monetary,MTKR,L_hydro_pp,2015-01-02 15:00:00,92.5
monetary,MTKR,L_hydro_pp,2015-01-02 16:00:00,92.5
monetary,MTKR,L_hydro_pp,2015-01-02 17:00:00,92.5
monetary,MTKR,L_hydro_pp,2015-01-02 18:00:00,92.5
monetary,MTKR,L_hydro_pp,2015-01-02 19:00:00,92.5
monetary,MTKR,L_hydro_pp,2015-01-02 20:00:00,92.5
monetary,MTKR,L_hydro_pp,2015-01-02 21:00:00,92.5
monetary,MTKR,L_hydro_pp,2015-01-02 22:00:00,92.5
monetary,MTKR,L_hydro_pp,2015-01-02 23:00:00,53.800000000000004
monetary,MTKR,L_hydro_pp,2015-01-03 00:00:00,38.24
monetary,MTKR,L_hydro_pp,2015-01-03 01:00:00,40.24
monetary,MTKR,L_hydro_pp,2015-01-03 02:00:00,37.05025127963865
monetary,MTKR,L_hydro_pp,2015-01-03 03:00:00,36.74
monetary,MTKR,L_hydro_pp,2015-01-03 04:00:00,36.81791368927456
monetary,MTKR,L_hydro_pp,2015-01-03 05:00:00,39.24
monetary,MTKR,L_hydro_pp,2015-01-03 06:00:00,37.82
monetary,MTKR,L_hydro_pp,2015-01-03 07:00:00,74.32000000000001
monetary,MTKR,L_hydro_pp,2015-01-03 08:00:00,92.5
monetary,MTKR,L_hydro_pp,2015-01-03 09:00:00,92.5
monetary,MTKR,L_hydro_pp,2015-01-03 10:00:00,92.5
monetary,MTKR,L_hydro_pp,2015-01-03 11:00:00,92.5
monetary,MTKR,L_hydro_pp,2015-01-03 12:00:00,92.5
monetary,MTKR,L_hydro_pp,2015-01-03 13:00:00,92.5
monetary,MTKR,L_hydro_pp,2015-01-03 14:00:00,92.5
monetary,MTKR,L_hydro_pp,2015-01-03 15:00:00,80.32000000000001
monetary,MTKR,L_hydro_pp,2015-01-03 16:00:00,77.82000000000001
monetary,MTKR,L_hydro_pp,2015-01-03 17:00:00,77.37
monetary,MTKR,L_hydro_pp,2015-01-03 18:00:00,92.5
monetary,MTKR,L_hydro_pp,2015-01-03 19:00:00,92.5
monetary,MTKR,L_hydro_pp,2015-01-03 20:00:00,92.5
monetary,MTKR,L_hydro_pp,2015-01-03 21:00:00,92.5
monetary,MTKR,L_hydro_pp,2015-01-03 22:00:00,81.47
monetary,MTKR,L_hydro_pp,2015-01-03 23:00:00,39.96
monetary,MTKR,S_hydro_pp,2015-01-01 00:00:00,0.0
monetary,MTKR,S_hydro_pp,2015-01-01 01:00:00,0.0
monetary,MTKR,S_hydro_pp,2015-01-01 02:00:00,0.0
monetary,MTKR,S_hydro_pp,2015-01-01 03:00:00,0.0
monetary,MTKR,S_hydro_pp,2015-01-01 04:00:00,0.0
monetary,MTKR,S_hydro_pp,2015-01-01 05:00:00,0.0
monetary,MTKR,S_hydro_pp,2015-01-01 06:00:00,0.0
monetary,MTKR,S_hydro_pp,2015-01-01 07:00:00,0.0
monetary,MTKR,S_hydro_pp,2015-01-01 08:00:00,0.0
monetary,MTKR,S_hydro_pp,2015-01-01 09:00:00,0.0
monetary,MTKR,S_hydro_pp,2015-01-01 10:00:00,0.0
monetary,MTKR,S_hydro_pp,2015-01-01 11:00:00,0.0
monetary,MTKR,S_hydro_pp,2015-01-01 12:00:00,0.0
monetary,MTKR,S_hydro_pp,2015-01-01 13:00:00,0.0
monetary,MTKR,S_hydro_pp,2015-01-01 14:00:00,0.0
monetary,MTKR,S_hydro_pp,2015-01-01 15:00:00,0.0
monetary,MTKR,S_hydro_pp,2015-01-01 16:00:00,0.0
monetary,MTKR,S_hydro_pp,2015-01-01 17:00:00,0.0
monetary,MTKR,S_hydro_pp,2015-01-01 18:00:00,0.0
monetary,MTKR,S_hydro_pp,2015-01-01 19:00:00,0.0
monetary,MTKR,S_hydro_pp,2015-01-01 20:00:00,0.0
monetary,MTKR,S_hydro_pp,2015-01-01 21:00:00,0.0
monetary,MTKR,S_hydro_pp,2015-01-01 22:00:00,0.0
monetary,MTKR,S_hydro_pp,2015-01-01 23:00:00,0.0
monetary,MTKR,S_hydro_pp,2015-01-02 00:00:00,0.0
monetary,MTKR,S_hydro_pp,2015-01-02 01:00:00,0.0
monetary,MTKR,S_hydro_pp,2015-01-02 02:00:00,0.0
monetary,MTKR,S_hydro_pp,2015-01-02 03:00:00,0.0
monetary,MTKR,S_hydro_pp,2015-01-02 04:00:00,0.0
monetary,MTKR,S_hydro_pp,2015-01-02 05:00:00,0.0
monetary,MTKR,S_hydro_pp,2015-01-02 06:00:00,0.0
monetary,MTKR,S_hydro_pp,2015-01-02 07:00:00,0.0
monetary,MTKR,S_hydro_pp,2015-01-02 08:00:00,0.0
monetary,MTKR,S_hydro_pp,2015-01-02 09:00:00,0.0
monetary,MTKR,S_hydro_pp,2015-01-02 10:00:00,0.0
monetary,MTKR,S_hydro_pp,2015-01-02 11:00:00,0.0
monetary,MTKR,S_hydro_pp,2015-01-02 12:00:00,0.0
monetary,MTKR,S_hydro_pp,2015-01-02 13:00:00,0.0
monetary,MTKR,S_hydro_pp,2015-01-02 14:00:00,0.0
monetary,MTKR,S_hydro_pp,2015-01-02 15:00:00,0.0
monetary,MTKR,S_hydro_pp,2015-01-02 16:00:00,0.0
monetary,MTKR,S_hydro_pp,2015-01-02 17:00:00,0.0
monetary,MTKR,S_hydro_pp,2015-01-02 18:00:00,0.0
monetary,MTKR,S_hydro_pp,2015-01-02 19:00:00,0.0
monetary,MTKR,S_hydro_pp,2015-01-02 20:00:00,0.0
monetary,MTKR,S_hydro_pp,2015-01-02 21:00:00,0.0
monetary,MTKR,S_hydro_pp,2015-01-02 22:00:00,0.0
monetary,MTKR,S_hydro_pp,2015-01-02 23:00:00,0.0
monetary,MTKR,S_hydro_pp,2015-01-03 00:00:00,0.0
monetary,MTKR,S_hydro_pp,2015-01-03 01:00:00,0.0
monetary,MTKR,S_hydro_pp,2015-01-03 02:00:00,0.0
monetary,MTKR,S_hydro_pp,2015-01-03 03:00:00,0.0
monetary,MTKR,S_hydro_pp,2015-01-03 04:00:00,0.0
monetary,MTKR,S_hydro_pp,2015-01-03 05:00:00,0.0
monetary,MTKR,S_hydro_pp,2015-01-03 06:00:00,0.0
monetary,MTKR,S_hydro_pp,2015-01-03 07:00:00,0.0
monetary,MTKR,S_hydro_pp,2015-01-03 08:00:00,0.0
monetary,MTKR,S_hydro_pp,2015-01-03 09:00:00,0.0
monetary,MTKR,S_hydro_pp,2015-01-03 10:00:00,0.0
monetary,MTKR,S_hydro_pp,2015-01-03 11:00:00,0.0
monetary,MTKR,S_hydro_pp,2015-01-03 12:00:00,0.0
monetary,MTKR,S_hydro_pp,2015-01-03 13:00:00,0.0
monetary,MTKR,S_hydro_pp,2015-01-03 14:00:00,0.0
monetary,MTKR,S_hydro_pp,2015-01-03 15:00:00,0.0
monetary,MTKR,S_hydro_pp,2015-01-03 16:00:00,0.0
monetary,MTKR,S_hydro_pp,2015-01-03 17:00:00,0.0
monetary,MTKR,S_hydro_pp,2015-01-03 18:00:00,0.0
monetary,MTKR,S_hydro_pp,2015-01-03 19:00:00,0.0
monetary,MTKR,S_hydro_pp,2015-01-03 20:00:00,0.0
monetary,MTKR,S_hydro_pp,2015-01-03 21:00:00,0.0
monetary,MTKR,S_hydro_pp,2015-01-03 22:00:00,0.0
monetary,MTKR,S_hydro_pp,2015-01-03 23:00:00,0.0
monetary,MTKR,hvdc_132:CSTR,2015-01-01 00:00:00,0.0
monetary,MTKR,hvdc_132:CSTR,2015-01-01 01:00:00,0.0
monetary,MTKR,hvdc_132:CSTR,2015-01-01 02:00:00,0.0
monetary,MTKR,hvdc_132:CSTR,2015-01-01 03:00:00,0.0
monetary,MTKR,hvdc_132:CSTR,2015-01-01 04:00:00,0.0
monetary,MTKR,hvdc_132:CSTR,2015-01-01 05:00:00,0.0
monetary,MTKR,hvdc_132:CSTR,2015-01-01 06:00:00,0.0
monetary,MTKR,hvdc_132:CSTR,2015-01-01 07:00:00,0.0
monetary,MTKR,hvdc_132:CSTR,2015-01-01 08:00:00,0.0
monetary,MTKR,hvdc_132:CSTR,2015-01-01 09:00:00,0.0
monetary,MTKR,hvdc_132:CSTR,2015-01-01 10:00:00,0.0
monetary,MTKR,hvdc_132:CSTR,2015-01-01 11:00:00,0.0
monetary,MTKR,hvdc_132:CSTR,2015-01-01 12:00:00,0.0
monetary,MTKR,hvdc_132:CSTR,2015-01-01 13:00:00,0.0
monetary,MTKR,hvdc_132:CSTR,2015-01-01 14:00:00,0.0
monetary,MTKR,hvdc_132:CSTR,2015-01-01 15:00:00,0.0
monetary,MTKR,hvdc_132:CSTR,2015-01-01 16:00:00,0.0
monetary,MTKR,hvdc_132:CSTR,2015-01-01 17:00:00,0.0
monetary,MTKR,hvdc_132:CSTR,2015-01-01 18:00:00,0.0
monetary,MTKR,hvdc_132:CSTR,2015-01-01 19:00:00,0.0
monetary,MTKR,hvdc_132:CSTR,2015-01-01 20:00:00,0.0
monetary,MTKR,hvdc_132:CSTR,2015-01-01 21:00:00,0.0
monetary,MTKR,hvdc_132:CSTR,2015-01-01 22:00:00,0.0
monetary,MTKR,hvdc_132:CSTR,2015-01-01 23:00:00,0.0
monetary,MTKR,hvdc_132:CSTR,2015-01-02 00:00:00,0.0
monetary,MTKR,hvdc_132:CSTR,2015-01-02 01:00:00,0.0
monetary,MTKR,hvdc_132:CSTR,2015-01-02 02:00:00,0.0
monetary,MTKR,hvdc_132:CSTR,2015-01-02 03:00:00,0.0
monetary,MTKR,hvdc_132:CSTR,2015-01-02 04:00:00,0.0
monetary,MTKR,hvdc_132:CSTR,2015-01-02 05:00:00,0.0
monetary,MTKR,hvdc_132:CSTR,2015-01-02 06:00:00,0.0
monetary,MTKR,hvdc_132:CSTR,2015-01-02 07:00:00,0.0
monetary,MTKR,hvdc_132:CSTR,2015-01-02 08:00:00,0.0
monetary,MTKR,hvdc_132:CSTR,2015-01-02 09:00:00,0.0
monetary,MTKR,hvdc_132:CSTR,2015-01-02 10:00:00,0.0
monetary,MTKR,hvdc_132:CSTR,2015-01-02 11:00:00,0.0
monetary,MTKR,hvdc_132:CSTR,2015-01-02 12:00:00,0.0
monetary,MTKR,hvdc_132:CSTR,2015-01-02 13:00:00,0.0
monetary,MTKR,hvdc_132:CSTR,2015-01-02 14:00:00,0.0
monetary,MTKR,hvdc_132:CSTR,2015-01-02 15:00:00,0.0
monetary,MTKR,hvdc_132:CSTR,2015-01-02 16:00:00,0.0
monetary,MTKR,hvdc_132:CSTR,2015-01-02 17:00:00,0.0
monetary,MTKR,hvdc_132:CSTR,2015-01-02 18:00:00,0.0
monetary,MTKR,hvdc_132:CSTR,2015-01-02 19:00:00,0.0
monetary,MTKR,hvdc_132:CSTR,2015-01-02 20:00:00,0.0
monetary,MTKR,hvdc_132:CSTR,2015-01-02 21:00:00,0.0
monetary,MTKR,hvdc_132:CSTR,2015-01-02 22:00:00,0.0
monetary,MTKR,hvdc_132:CSTR,2015-01-02 23:00:00,0.0
monetary,MTKR,hvdc_132:CSTR,2015-01-03 00:00:00,0.0
monetary,MTKR,hvdc_132:CSTR,2015-01-03 01:00:00,0.0
monetary,MTKR,hvdc_132:CSTR,2015-01-03 02:00:00,0.0
monetary,MTKR,hvdc_132:CSTR,2015-01-03 03:00:00,0.0
monetary,MTKR,hvdc_132:CSTR,2015-01-03 04:00:00,0.0
monetary,MTKR,hvdc_132:CSTR,2015-01-03 05:00:00,0.0
monetary,MTKR,hvdc_132:CSTR,2015-01-03 06:00:00,0.0
monetary,MTKR,hvdc_132:CSTR,2015-01-03 07:00:00,0.0
monetary,MTKR,hvdc_132:CSTR,2015-01-03 08:00:00,0.0
monetary,MTKR,hvdc_132:CSTR,2015-01-03 09:00:00,0.0
monetary,MTKR,hvdc_132:CSTR,2015-01-03 10:00:00,0.0
monetary,MTKR,hvdc_132:CSTR,2015-01-03 11:00:00,0.0
monetary,MTKR,hvdc_132:CSTR,2015-01-03 12:00:00,0.0
monetary,MTKR,hvdc_132:CSTR,2015-01-03 13:00:00,0.0
monetary,MTKR,hvdc_132:CSTR,2015-01-03 14:00:00,0.0
monetary,MTKR,hvdc_132:CSTR,2015-01-03 15:00:00,0.0
monetary,MTKR,hvdc_132:CSTR,2015-01-03 16:00:00,0.0
monetary,MTKR,hvdc_132:CSTR,2015-01-03 17:00:00,0.0
monetary,MTKR,hvdc_132:CSTR,2015-01-03 18:00:00,0.0
monetary,MTKR,hvdc_132:CSTR,2015-01-03 19:00:00,0.0
monetary,MTKR,hvdc_132:CSTR,2015-01-03 20:00:00,0.0
monetary,MTKR,hvdc_132:CSTR,2015-01-03 21:00:00,0.0
monetary,MTKR,hvdc_132:CSTR,2015-01-03 22:00:00,0.0
monetary,MTKR,hvdc_132:CSTR,2015-01-03 23:00:00,0.0
monetary,MTKR,hvdc_132:NBOR,2015-01-01 00:00:00,0.0
monetary,MTKR,hvdc_132:NBOR,2015-01-01 01:00:00,0.0
monetary,MTKR,hvdc_132:NBOR,2015-01-01 02:00:00,0.0
monetary,MTKR,hvdc_132:NBOR,2015-01-01 03:00:00,0.0
monetary,MTKR,hvdc_132:NBOR,2015-01-01 04:00:00,0.0
monetary,MTKR,hvdc_132:NBOR,2015-01-01 05:00:00,0.0
monetary,MTKR,hvdc_132:NBOR,2015-01-01 06:00:00,0.0
monetary,MTKR,hvdc_132:NBOR,2015-01-01 07:00:00,0.0
monetary,MTKR,hvdc_132:NBOR,2015-01-01 08:00:00,0.0
monetary,MTKR,hvdc_132:NBOR,2015-01-01 09:00:00,0.0
monetary,MTKR,hvdc_132:NBOR,2015-01-01 10:00:00,0.0
monetary,MTKR,hvdc_132:NBOR,2015-01-01 11:00:00,0.0
monetary,MTKR,hvdc_132:NBOR,2015-01-01 12:00:00,0.0
monetary,MTKR,hvdc_132:NBOR,2015-01-01 13:00:00,0.0
monetary,MTKR,hvdc_132:NBOR,2015-01-01 14:00:00,0.0
monetary,MTKR,hvdc_132:NBOR,2015-01-01 15:00:00,0.0
monetary,MTKR,hvdc_132:NBOR,2015-01-01 16:00:00,0.0
monetary,MTKR,hvdc_132:NBOR,2015-01-01 17:00:00,0.0
monetary,MTKR,hvdc_132:NBOR,2015-01-01 18:00:00,0.0
monetary,MTKR,hvdc_132:NBOR,2015-01-01 19:00:00,0.0
monetary,MTKR,hvdc_132:NBOR,2015-01-01 20:00:00,0.0
monetary,MTKR,hvdc_132:NBOR,2015-01-01 21:00:00,0.0
monetary,MTKR,hvdc_132:NBOR,2015-01-01 22:00:00,0.0
monetary,MTKR,hvdc_132:NBOR,2015-01-01 23:00:00,0.0
monetary,MTKR,hvdc_132:NBOR,2015-01-02 00:00:00,0.0
monetary,MTKR,hvdc_132:NBOR,2015-01-02 01:00:00,0.0
monetary,MTKR,hvdc_132:NBOR,2015-01-02 02:00:00,0.0
monetary,MTKR,hvdc_132:NBOR,2015-01-02 03:00:00,0.0
monetary,MTKR,hvdc_132:NBOR,2015-01-02 04:00:00,0.0
monetary,MTKR,hvdc_132:NBOR,2015-01-02 05:00:00,0.0
monetary,MTKR,hvdc_132:NBOR,2015-01-02 06:00:00,0.0
monetary,MTKR,hvdc_132:NBOR,2015-01-02 07:00:00,0.0
monetary,MTKR,hvdc_132:NBOR,2015-01-02 08:00:00,0.0
monetary,MTKR,hvdc_132:NBOR,2015-01-02 09:00:00,0.0
monetary,MTKR,hvdc_132:NBOR,2015-01-02 10:00:00,0.0
monetary,MTKR,hvdc_132:NBOR,2015-01-02 11:00:00,0.0
monetary,MTKR,hvdc_132:NBOR,2015-01-02 12:00:00,0.0
monetary,MTKR,hvdc_132:NBOR,2015-01-02 13:00:00,0.0
monetary,MTKR,hvdc_132:NBOR,2015-01-02 14:00:00,0.0
monetary,MTKR,hvdc_132:NBOR,2015-01-02 15:00:00,0.0
monetary,MTKR,hvdc_132:NBOR,2015-01-02 16:00:00,0.0
monetary,MTKR,hvdc_132:NBOR,2015-01-02 17:00:00,0.0
monetary,MTKR,hvdc_132:NBOR,2015-01-02 18:00:00,0.0
monetary,MTKR,hvdc_132:NBOR,2015-01-02 19:00:00,0.0
monetary,MTKR,hvdc_132:NBOR,2015-01-02 20:00:00,0.0
monetary,MTKR,hvdc_132:NBOR,2015-01-02 21:00:00,0.0
monetary,MTKR,hvdc_132:NBOR,2015-01-02 22:00:00,0.0
monetary,MTKR,hvdc_132:NBOR,2015-01-02 23:00:00,0.0
monetary,MTKR,hvdc_132:NBOR,2015-01-03 00:00:00,0.0
monetary,MTKR,hvdc_132:NBOR,2015-01-03 01:00:00,0.0
monetary,MTKR,hvdc_132:NBOR,2015-01-03 02:00:00,0.0
monetary,MTKR,hvdc_132:NBOR,2015-01-03 03:00:00,0.0
monetary,MTKR,hvdc_132:NBOR,2015-01-03 04:00:00,0.0
monetary,MTKR,hvdc_132:NBOR,2015-01-03 05:00:00,0.0
monetary,MTKR,hvdc_132:NBOR,2015-01-03 06:00:00,0.0
monetary,MTKR,hvdc_132:NBOR,2015-01-03 07:00:00,0.0
monetary,MTKR,hvdc_132:NBOR,2015-01-03 08:00:00,0.0
monetary,MTKR,hvdc_132:NBOR,2015-01-03 09:00:00,0.0
monetary,MTKR,hvdc_132:NBOR,2015-01-03 10:00:00,0.0
monetary,MTKR,hvdc_132:NBOR,2015-01-03 11:00:00,0.0
monetary,MTKR,hvdc_132:NBOR,2015-01-03 12:00:00,0.0
monetary,MTKR,hvdc_132:NBOR,2015-01-03 13:00:00,0.0
monetary,MTKR,hvdc_132:NBOR,2015-01-03 14:00:00,0.0
monetary,MTKR,hvdc_132:NBOR,2015-01-03 15:00:00,0.0
monetary,MTKR,hvdc_132:NBOR,2015-01-03 16:00:00,0.0
monetary,MTKR,hvdc_132:NBOR,2015-01-03 17:00:00,0.0
monetary,MTKR,hvdc_132:NBOR,2015-01-03 18:00:00,0.0
monetary,MTKR,hvdc_132:NBOR,2015-01-03 19:00:00,0.0
monetary,MTKR,hvdc_132:NBOR,2015-01-03 20:00:00,0.0
monetary,MTKR,hvdc_132:NBOR,2015-01-03 21:00:00,0.0
monetary,MTKR,hvdc_132:NBOR,2015-01-03 22:00:00,0.0
monetary,MTKR,hvdc_132:NBOR,2015-01-03 23:00:00,0.0
monetary,MTKR,hvdc_132:WSTR,2015-01-01 00:00:00,5.783672488075624
monetary,MTKR,hvdc_132:WSTR,2015-01-01 01:00:00,7.176246036422893
monetary,MTKR,hvdc_132:WSTR,2015-01-01 02:00:00,6.861368974170594
monetary,MTKR,hvdc_132:WSTR,2015-01-01 03:00:00,6.1241270839366315
monetary,MTKR,hvdc_132:WSTR,2015-01-01 04:00:00,5.059292011843693
monetary,MTKR,hvdc_132:WSTR,2015-01-01 05:00:00,5.469399491394942
monetary,MTKR,hvdc_132:WSTR,2015-01-01 06:00:00,2.8199169763653766
monetary,MTKR,hvdc_132:WSTR,2015-01-01 07:00:00,2.3197176141269344
monetary,MTKR,hvdc_132:WSTR,2015-01-01 08:00:00,1.2752296093281033
monetary,MTKR,hvdc_132:WSTR,2015-01-01 09:00:00,0.0
monetary,MTKR,hvdc_132:WSTR,2015-01-01 10:00:00,0.0
monetary,MTKR,hvdc_132:WSTR,2015-01-01 11:00:00,0.0
monetary,MTKR,hvdc_132:WSTR,2015-01-01 12:00:00,0.0
monetary,MTKR,hvdc_132:WSTR,2015-01-01 13:00:00,0.0
monetary,MTKR,hvdc_132:WSTR,2015-01-01 14:00:00,0.0
monetary,MTKR,hvdc_132:WSTR,2015-01-01 15:00:00,0.0
monetary,MTKR,hvdc_132:WSTR,2015-01-01 16:00:00,2.9586076059150113
monetary,MTKR,hvdc_132:WSTR,2015-01-01 17:00:00,5.145162522529634
monetary,MTKR,hvdc_132:WSTR,2015-01-01 18:00:00,6.0665706368910355
monetary,MTKR,hvdc_132:WSTR,2015-01-01 19:00:00,2.0623598187991647
monetary,MTKR,hvdc_132:WSTR,2015-01-01 20:00:00,2.9517456666561124
monetary,MTKR,hvdc_132:WSTR,2015-01-01 21:00:00,1.4396008764594264
monetary,MTKR,hvdc_132:WSTR,2015-01-01 22:00:00,3.905071894785634
monetary,MTKR,hvdc_132:WSTR,2015-01-01 23:00:00,4.071724358584646
monetary,MTKR,hvdc_132:WSTR,2015-01-02 00:00:00,6.2410307468123705
monetary,MTKR,hvdc_132:WSTR,2015-01-02 01:00:00,8.336794925107391
monetary,MTKR,hvdc_132:WSTR,2015-01-02 02:00:00,9.747851002472146
monetary,MTKR,hvdc_132:WSTR,2015-01-02 03:00:00,11.831382668495932
monetary,MTKR,hvdc_132:WSTR,2015-01-02 04:00:00,11.84411976543459
monetary,MTKR,hvdc_132:WSTR,2015-01-02 05:00:00,8.76546821401663
monetary,MTKR,hvdc_132:WSTR,2015-01-02 06:00:00,0.27144749115593875
monetary,MTKR,hvdc_132:WSTR,2015-01-02 07:00:00,0.0
monetary,MTKR,hvdc_132:WSTR,2015-01-02 08:00:00,0.0
monetary,MTKR,hvdc_132:WSTR,2015-01-02 09:00:00,0.0
monetary,MTKR,hvdc_132:WSTR,2015-01-02 10:00:00,0.0
monetary,MTKR,hvdc_132:WSTR,2015-01-02 11:00:00,0.0
monetary,MTKR,hvdc_132:WSTR,2015-01-02 12:00:00,0.0
monetary,MTKR,hvdc_132:WSTR,2015-01-02 13:00:00,0.0
monetary,MTKR,hvdc_132:WSTR,2015-01-02 14:00:00,0.0
monetary,MTKR,hvdc_132:WSTR,2015-01-02 15:00:00,0.0
monetary,MTKR,hvdc_132:WSTR,2015-01-02 16:00:00,0.0
monetary,MTKR,hvdc_132:WSTR,2015-01-02 17:00:00,0.0
monetary,MTKR,hvdc_132:WSTR,2015-01-02 18:00:00,0.0
monetary,MTKR,hvdc_132:WSTR,2015-01-02 19:00:00,0.0
monetary,MTKR,hvdc_132:WSTR,2015-01-02 20:00:00,2.98062336
monetary,MTKR,hvdc_132:WSTR,2015-01-02 21:00:00,1.9649801599999999
monetary,MTKR,hvdc_132:WSTR,2015-01-02 22:00:00,0.12834053008193783
monetary,MTKR,hvdc_132:WSTR,2015-01-02 23:00:00,5.686593491888711
monetary,MTKR,hvdc_132:WSTR,2015-01-03 00:00:00,4.287619024086468
monetary,MTKR,hvdc_132:WSTR,2015-01-03 01:00:00,2.3751472409366654
monetary,MTKR,hvdc_132:WSTR,2015-01-03 02:00:00,2.2168176459948046
monetary,MTKR,hvdc_132:WSTR,2015-01-03 03:00:00,2.074759590226238
monetary,MTKR,hvdc_132:WSTR,2015-01-03 04:00:00,1.8402981792128115
monetary,MTKR,hvdc_132:WSTR,2015-01-03 05:00:00,2.169061057144109
monetary,MTKR,hvdc_132:WSTR,2015-01-03 06:00:00,2.295196294678634
monetary,MTKR,hvdc_132:WSTR,2015-01-03 07:00:00,0.0
monetary,MTKR,hvdc_132:WSTR,2015-01-03 08:00:00,0.0
monetary,MTKR,hvdc_132:WSTR,2015-01-03 09:00:00,0.0
monetary,MTKR,hvdc_132:WSTR,2015-01-03 10:00:00,0.0
monetary,MTKR,hvdc_132:WSTR,2015-01-03 11:00:00,0.0
monetary,MTKR,hvdc_132:WSTR,2015-01-03 12:00:00,0.0
monetary,MTKR,hvdc_132:WSTR,2015-01-03 13:00:00,0.0
monetary,MTKR,hvdc_132:WSTR,2015-01-03 14:00:00,0.0
monetary,MTKR,hvdc_132:WSTR,2015-01-03 15:00:00,0.0
monetary,MTKR,hvdc_132:WSTR,2015-01-03 16:00:00,0.0
monetary,MTKR,hvdc_132:WSTR,2015-01-03 17:00:00,0.0
monetary,MTKR,hvdc_132:WSTR,2015-01-03 18:00:00,0.0
monetary,MTKR,hvdc_132:WSTR,2015-01-03 19:00:00,0.0
monetary,MTKR,hvdc_132:WSTR,2015-01-03 20:00:00,0.0
monetary,MTKR,hvdc_132:WSTR,2015-01-03 21:00:00,1.5979277643414824
monetary,MTKR,hvdc_132:WSTR,2015-01-03 22:00:00,0.6642387763791188
monetary,MTKR,hvdc_132:WSTR,2015-01-03 23:00:00,6.409405697673007
monetary,MTKR,hvdc_220:CSTR,2015-01-01 00:00:00,0.0
monetary,MTKR,hvdc_220:CSTR,2015-01-01 01:00:00,0.0
monetary,MTKR,hvdc_220:CSTR,2015-01-01 02:00:00,0.0
monetary,MTKR,hvdc_220:CSTR,2015-01-01 03:00:00,0.0
monetary,MTKR,hvdc_220:CSTR,2015-01-01 04:00:00,0.0
monetary,MTKR,hvdc_220:CSTR,2015-01-01 05:00:00,0.0
monetary,MTKR,hvdc_220:CSTR,2015-01-01 06:00:00,0.0
monetary,MTKR,hvdc_220:CSTR,2015-01-01 07:00:00,0.0
monetary,MTKR,hvdc_220:CSTR,2015-01-01 08:00:00,0.0
monetary,MTKR,hvdc_220:CSTR,2015-01-01 09:00:00,0.0
monetary,MTKR,hvdc_220:CSTR,2015-01-01 10:00:00,0.0
monetary,MTKR,hvdc_220:CSTR,2015-01-01 11:00:00,0.0
monetary,MTKR,hvdc_220:CSTR,2015-01-01 12:00:00,0.0
monetary,MTKR,hvdc_220:CSTR,2015-01-01 13:00:00,0.0
monetary,MTKR,hvdc_220:CSTR,2015-01-01 14:00:00,0.0
monetary,MTKR,hvdc_220:CSTR,2015-01-01 15:00:00,0.0
monetary,MTKR,hvdc_220:CSTR,2015-01-01 16:00:00,0.0
monetary,MTKR,hvdc_220:CSTR,2015-01-01 17:00:00,0.0
monetary,MTKR,hvdc_220:CSTR,2015-01-01 18:00:00,0.0
monetary,MTKR,hvdc_220:CSTR,2015-01-01 19:00:00,0.0
monetary,MTKR,hvdc_220:CSTR,2015-01-01 20:00:00,0.0
monetary,MTKR,hvdc_220:CSTR,2015-01-01 21:00:00,0.0
monetary,MTKR,hvdc_220:CSTR,2015-01-01 22:00:00,0.0
monetary,MTKR,hvdc_220:CSTR,2015-01-01 23:00:00,0.0
monetary,MTKR,hvdc_220:CSTR,2015-01-02 00:00:00,0.0
monetary,MTKR,hvdc_220:CSTR,2015-01-02 01:00:00,0.0
monetary,MTKR,hvdc_220:CSTR,2015-01-02 02:00:00,0.0
monetary,MTKR,hvdc_220:CSTR,2015-01-02 03:00:00,0.0
monetary,MTKR,hvdc_220:CSTR,2015-01-02 04:00:00,0.0
monetary,MTKR,hvdc_220:CSTR,2015-01-02 05:00:00,0.0
monetary,MTKR,hvdc_220:CSTR,2015-01-02 06:00:00,0.0
monetary,MTKR,hvdc_220:CSTR,2015-01-02 07:00:00,0.0
monetary,MTKR,hvdc_220:CSTR,2015-01-02 08:00:00,0.0
monetary,MTKR,hvdc_220:CSTR,2015-01-02 09:00:00,0.0
monetary,MTKR,hvdc_220:CSTR,2015-01-02 10:00:00,0.0
monetary,MTKR,hvdc_220:CSTR,2015-01-02 11:00:00,0.0
monetary,MTKR,hvdc_220:CSTR,2015-01-02 12:00:00,0.0
monetary,MTKR,hvdc_220:CSTR,2015-01-02 13:00:00,0.0
monetary,MTKR,hvdc_220:CSTR,2015-01-02 14:00:00,0.0
monetary,MTKR,hvdc_220:CSTR,2015-01-02 15:00:00,0.0
monetary,MTKR,hvdc_220:CSTR,2015-01-02 16:00:00,0.0
monetary,MTKR,hvdc_220:CSTR,2015-01-02 17:00:00,0.0
monetary,MTKR,hvdc_220:CSTR,2015-01-02 18:00:00,0.0
monetary,MTKR,hvdc_220:CSTR,2015-01-02 19:00:00,0.0
monetary,MTKR,hvdc_220:CSTR,2015-01-02 20:00:00,0.0
monetary,MTKR,hvdc_220:CSTR,2015-01-02 21:00:00,0.0
monetary,MTKR,hvdc_220:CSTR,2015-01-02 22:00:00,0.0
monetary,MTKR,hvdc_220:CSTR,2015-01-02 23:00:00,0.0
monetary,MTKR,hvdc_220:CSTR,2015-01-03 00:00:00,0.0
monetary,MTKR,hvdc_220:CSTR,2015-01-03 01:00:00,0.0
monetary,MTKR,hvdc_220:CSTR,2015-01-03 02:00:00,0.0
monetary,MTKR,hvdc_220:CSTR,2015-01-03 03:00:00,0.0
monetary,MTKR,hvdc_220:CSTR,2015-01-03 04:00:00,0.0
monetary,MTKR,hvdc_220:CSTR,2015-01-03 05:00:00,0.0
monetary,MTKR,hvdc_220:CSTR,2015-01-03 06:00:00,0.0
monetary,MTKR,hvdc_220:CSTR,2015-01-03 07:00:00,0.0
monetary,MTKR,hvdc_220:CSTR,2015-01-03 08:00:00,0.0
monetary,MTKR,hvdc_220:CSTR,2015-01-03 09:00:00,0.0
monetary,MTKR,hvdc_220:CSTR,2015-01-03 10:00:00,0.0
monetary,MTKR,hvdc_220:CSTR,2015-01-03 11:00:00,0.0
monetary,MTKR,hvdc_220:CSTR,2015-01-03 12:00:00,0.0
monetary,MTKR,hvdc_220:CSTR,2015-01-03 13:00:00,0.0
monetary,MTKR,hvdc_220:CSTR,2015-01-03 14:00:00,0.0
monetary,MTKR,hvdc_220:CSTR,2015-01-03 15:00:00,0.0
monetary,MTKR,hvdc_220:CSTR,2015-01-03 16:00:00,0.0
monetary,MTKR,hvdc_220:CSTR,2015-01-03 17:00:00,0.0
monetary,MTKR,hvdc_220:CSTR,2015-01-03 18:00:00,0.0
monetary,MTKR,hvdc_220:CSTR,2015-01-03 19:00:00,0.0
monetary,MTKR,hvdc_220:CSTR,2015-01-03 20:00:00,0.0
monetary,MTKR,hvdc_220:CSTR,2015-01-03 21:00:00,0.0
monetary,MTKR,hvdc_220:CSTR,2015-01-03 22:00:00,0.0
monetary,MTKR,hvdc_220:CSTR,2015-01-03 23:00:00,0.0
monetary,MTKR,hvdc_220:NBOR,2015-01-01 00:00:00,0.0
monetary,MTKR,hvdc_220:NBOR,2015-01-01 01:00:00,0.0
monetary,MTKR,hvdc_220:NBOR,2015-01-01 02:00:00,0.0
monetary,MTKR,hvdc_220:NBOR,2015-01-01 03:00:00,0.0
monetary,MTKR,hvdc_220:NBOR,2015-01-01 04:00:00,0.0
monetary,MTKR,hvdc_220:NBOR,2015-01-01 05:00:00,0.0
monetary,MTKR,hvdc_220:NBOR,2015-01-01 06:00:00,0.0
monetary,MTKR,hvdc_220:NBOR,2015-01-01 07:00:00,0.0
monetary,MTKR,hvdc_220:NBOR,2015-01-01 08:00:00,0.0
monetary,MTKR,hvdc_220:NBOR,2015-01-01 09:00:00,0.0
monetary,MTKR,hvdc_220:NBOR,2015-01-01 10:00:00,0.0
monetary,MTKR,hvdc_220:NBOR,2015-01-01 11:00:00,0.0
monetary,MTKR,hvdc_220:NBOR,2015-01-01 12:00:00,0.0
monetary,MTKR,hvdc_220:NBOR,2015-01-01 13:00:00,0.0
monetary,MTKR,hvdc_220:NBOR,2015-01-01 14:00:00,0.0
monetary,MTKR,hvdc_220:NBOR,2015-01-01 15:00:00,0.0
monetary,MTKR,hvdc_220:NBOR,2015-01-01 16:00:00,0.0
monetary,MTKR,hvdc_220:NBOR,2015-01-01 17:00:00,0.0
monetary,MTKR,hvdc_220:NBOR,2015-01-01 18:00:00,0.0
monetary,MTKR,hvdc_220:NBOR,2015-01-01 19:00:00,0.0
monetary,MTKR,hvdc_220:NBOR,2015-01-01 20:00:00,0.0
monetary,MTKR,hvdc_220:NBOR,2015-01-01 21:00:00,0.0
monetary,MTKR,hvdc_220:NBOR,2015-01-01 22:00:00,0.0
monetary,MTKR,hvdc_220:NBOR,2015-01-01 23:00:00,0.0
monetary,MTKR,hvdc_220:NBOR,2015-01-02 00:00:00,0.0
monetary,MTKR,hvdc_220:NBOR,2015-01-02 01:00:00,0.0
monetary,MTKR,hvdc_220:NBOR,2015-01-02 02:00:00,0.0
monetary,MTKR,hvdc_220:NBOR,2015-01-02 03:00:00,0.0
monetary,MTKR,hvdc_220:NBOR,2015-01-02 04:00:00,0.0
monetary,MTKR,hvdc_220:NBOR,2015-01-02 05:00:00,0.0
monetary,MTKR,hvdc_220:NBOR,2015-01-02 06:00:00,0.0
monetary,MTKR,hvdc_220:NBOR,2015-01-02 07:00:00,0.0
monetary,MTKR,hvdc_220:NBOR,2015-01-02 08:00:00,0.0
monetary,MTKR,hvdc_220:NBOR,2015-01-02 09:00:00,0.0
monetary,MTKR,hvdc_220:NBOR,2015-01-02 10:00:00,0.0
monetary,MTKR,hvdc_220:NBOR,2015-01-02 11:00:00,0.0
monetary,MTKR,hvdc_220:NBOR,2015-01-02 12:00:00,0.0
monetary,MTKR,hvdc_220:NBOR,2015-01-02 13:00:00,0.0
monetary,MTKR,hvdc_220:NBOR,2015-01-02 14:00:00,0.0
monetary,MTKR,hvdc_220:NBOR,2015-01-02 15:00:00,0.0
monetary,MTKR,hvdc_220:NBOR,2015-01-02 16:00:00,0.0
monetary,MTKR,hvdc_220:NBOR,2015-01-02 17:00:00,0.0
monetary,MTKR,hvdc_220:NBOR,2015-01-02 18:00:00,0.0
monetary,MTKR,hvdc_220:NBOR,2015-01-02 19:00:00,0.0
monetary,MTKR,hvdc_220:NBOR,2015-01-02 20:00:00,0.0
monetary,MTKR,hvdc_220:NBOR,2015-01-02 21:00:00,0.0
monetary,MTKR,hvdc_220:NBOR,2015-01-02 22:00:00,0.0
monetary,MTKR,hvdc_220:NBOR,2015-01-02 23:00:00,0.0
monetary,MTKR,hvdc_220:NBOR,2015-01-03 00:00:00,0.0
monetary,MTKR,hvdc_220:NBOR,2015-01-03 01:00:00,0.0
monetary,MTKR,hvdc_220:NBOR,2015-01-03 02:00:00,0.0
monetary,MTKR,hvdc_220:NBOR,2015-01-03 03:00:00,0.0
monetary,MTKR,hvdc_220:NBOR,2015-01-03 04:00:00,0.0
monetary,MTKR,hvdc_220:NBOR,2015-01-03 05:00:00,0.0
monetary,MTKR,hvdc_220:NBOR,2015-01-03 06:00:00,0.0
monetary,MTKR,hvdc_220:NBOR,2015-01-03 07:00:00,0.0
monetary,MTKR,hvdc_220:NBOR,2015-01-03 08:00:00,0.0
monetary,MTKR,hvdc_220:NBOR,2015-01-03 09:00:00,0.0
monetary,MTKR,hvdc_220:NBOR,2015-01-03 10:00:00,0.0
monetary,MTKR,hvdc_220:NBOR,2015-01-03 11:00:00,0.0
monetary,MTKR,hvdc_220:NBOR,2015-01-03 12:00:00,0.0
monetary,MTKR,hvdc_220:NBOR,2015-01-03 13:00:00,0.0
monetary,MTKR,hvdc_220:NBOR,2015-01-03 14:00:00,0.0
monetary,MTKR,hvdc_220:NBOR,2015-01-03 15:00:00,0.0
monetary,MTKR,hvdc_220:NBOR,2015-01-03 16:00:00,0.0
monetary,MTKR,hvdc_220:NBOR,2015-01-03 17:00:00,0.0
monetary,MTKR,hvdc_220:NBOR,2015-01-03 18:00:00,0.0
monetary,MTKR,hvdc_220:NBOR,2015-01-03 19:00:00,0.0
monetary,MTKR,hvdc_220:NBOR,2015-01-03 20:00:00,0.0
monetary,MTKR,hvdc_220:NBOR,2015-01-03 21:00:00,0.0
monetary,MTKR,hvdc_220:NBOR,2015-01-03 22:00:00,0.0
monetary,MTKR,hvdc_220:NBOR,2015-01-03 23:00:00,0.0
monetary,NBOR,GT_pp,2015-01-01 00:00:00,0.0
monetary,NBOR,GT_pp,2015-01-01 01:00:00,0.0
monetary,NBOR,GT_pp,2015-01-01 02:00:00,0.0
monetary,NBOR,GT_pp,2015-01-01 03:00:00,0.0
monetary,NBOR,GT_pp,2015-01-01 04:00:00,0.0
monetary,NBOR,GT_pp,2015-01-01 05:00:00,0.0
monetary,NBOR,GT_pp,2015-01-01 06:00:00,0.0
monetary,NBOR,GT_pp,2015-01-01 07:00:00,0.0
monetary,NBOR,GT_pp,2015-01-01 08:00:00,0.0
monetary,NBOR,GT_pp,2015-01-01 09:00:00,0.0
monetary,NBOR,GT_pp,2015-01-01 10:00:00,0.0
monetary,NBOR,GT_pp,2015-01-01 11:00:00,0.0
monetary,NBOR,GT_pp,2015-01-01 12:00:00,0.0
monetary,NBOR,GT_pp,2015-01-01 13:00:00,0.0
monetary,NBOR,GT_pp,2015-01-01 14:00:00,0.0
monetary,NBOR,GT_pp,2015-01-01 15:00:00,0.0
monetary,NBOR,GT_pp,2015-01-01 16:00:00,0.0
monetary,NBOR,GT_pp,2015-01-01 17:00:00,0.0
monetary,NBOR,GT_pp,2015-01-01 18:00:00,0.0
monetary,NBOR,GT_pp,2015-01-01 19:00:00,0.0
monetary,NBOR,GT_pp,2015-01-01 20:00:00,0.0
monetary,NBOR,GT_pp,2015-01-01 21:00:00,0.0
monetary,NBOR,GT_pp,2015-01-01 22:00:00,0.0
monetary,NBOR,GT_pp,2015-01-01 23:00:00,0.0
monetary,NBOR,GT_pp,2015-01-02 00:00:00,0.0
monetary,NBOR,GT_pp,2015-01-02 01:00:00,0.0
monetary,NBOR,GT_pp,2015-01-02 02:00:00,0.0
monetary,NBOR,GT_pp,2015-01-02 03:00:00,0.0
monetary,NBOR,GT_pp,2015-01-02 04:00:00,0.0
monetary,NBOR,GT_pp,2015-01-02 05:00:00,0.0
monetary,NBOR,GT_pp,2015-01-02 06:00:00,0.0
monetary,NBOR,GT_pp,2015-01-02 07:00:00,0.0
monetary,NBOR,GT_pp,2015-01-02 08:00:00,0.0
monetary,NBOR,GT_pp,2015-01-02 09:00:00,0.0
monetary,NBOR,GT_pp,2015-01-02 10:00:00,0.0
monetary,NBOR,GT_pp,2015-01-02 11:00:00,0.0
monetary,NBOR,GT_pp,2015-01-02 12:00:00,0.0
monetary,NBOR,GT_pp,2015-01-02 13:00:00,0.0
monetary,NBOR,GT_pp,2015-01-02 14:00:00,0.0
monetary,NBOR,GT_pp,2015-01-02 15:00:00,0.0
monetary,NBOR,GT_pp,2015-01-02 16:00:00,0.0
monetary,NBOR,GT_pp,2015-01-02 17:00:00,0.0
monetary,NBOR,GT_pp,2015-01-02 18:00:00,0.0
monetary,NBOR,GT_pp,2015-01-02 19:00:00,0.0
monetary,NBOR,GT_pp,2015-01-02 20:00:00,0.0
monetary,NBOR,GT_pp,2015-01-02 21:00:00,0.0
monetary,NBOR,GT_pp,2015-01-02 22:00:00,0.0
monetary,NBOR,GT_pp,2015-01-02 23:00:00,0.0
monetary,NBOR,GT_pp,2015-01-03 00:00:00,0.0
monetary,NBOR,GT_pp,2015-01-03 01:00:00,0.0
monetary,NBOR,GT_pp,2015-01-03 02:00:00,0.0
monetary,NBOR,GT_pp,2015-01-03 03:00:00,0.0
monetary,NBOR,GT_pp,2015-01-03 04:00:00,0.0
monetary,NBOR,GT_pp,2015-01-03 05:00:00,0.0
monetary,NBOR,GT_pp,2015-01-03 06:00:00,0.0
monetary,NBOR,GT_pp,2015-01-03 07:00:00,0.0
monetary,NBOR,GT_pp,2015-01-03 08:00:00,0.0
monetary,NBOR,GT_pp,2015-01-03 09:00:00,0.0
monetary,NBOR,GT_pp,2015-01-03 10:00:00,0.0
monetary,NBOR,GT_pp,2015-01-03 11:00:00,0.0
monetary,NBOR,GT_pp,2015-01-03 12:00:00,0.0
monetary,NBOR,GT_pp,2015-01-03 13:00:00,0.0
monetary,NBOR,GT_pp,2015-01-03 14:00:00,0.0
monetary,NBOR,GT_pp,2015-01-03 15:00:00,0.0
monetary,NBOR,GT_pp,2015-01-03 16:00:00,0.0
monetary,NBOR,GT_pp,2015-01-03 17:00:00,0.0
monetary,NBOR,GT_pp,2015-01-03 18:00:00,0.0
monetary,NBOR,GT_pp,2015-01-03 19:00:00,0.0
monetary,NBOR,GT_pp,2015-01-03 20:00:00,0.0
monetary,NBOR,GT_pp,2015-01-03 21:00:00,0.0
monetary,NBOR,GT_pp,2015-01-03 22:00:00,0.0
monetary,NBOR,GT_pp,2015-01-03 23:00:00,0.0
monetary,NBOR,HFO_pp,2015-01-01 00:00:00,0.0
monetary,NBOR,HFO_pp,2015-01-01 01:00:00,0.0
monetary,NBOR,HFO_pp,2015-01-01 02:00:00,0.0
monetary,NBOR,HFO_pp,2015-01-01 03:00:00,0.0
monetary,NBOR,HFO_pp,2015-01-01 04:00:00,0.0
monetary,NBOR,HFO_pp,2015-01-01 05:00:00,0.0
monetary,NBOR,HFO_pp,2015-01-01 06:00:00,0.0
monetary,NBOR,HFO_pp,2015-01-01 07:00:00,0.0
monetary,NBOR,HFO_pp,2015-01-01 08:00:00,0.0
monetary,NBOR,HFO_pp,2015-01-01 09:00:00,0.0
monetary,NBOR,HFO_pp,2015-01-01 10:00:00,0.0
monetary,NBOR,HFO_pp,2015-01-01 11:00:00,0.0
monetary,NBOR,HFO_pp,2015-01-01 12:00:00,0.0
monetary,NBOR,HFO_pp,2015-01-01 13:00:00,0.0
monetary,NBOR,HFO_pp,2015-01-01 14:00:00,0.0
monetary,NBOR,HFO_pp,2015-01-01 15:00:00,0.0
monetary,NBOR,HFO_pp,2015-01-01 16:00:00,0.0
monetary,NBOR,HFO_pp,2015-01-01 17:00:00,0.0
monetary,NBOR,HFO_pp,2015-01-01 18:00:00,0.0
monetary,NBOR,HFO_pp,2015-01-01 19:00:00,0.0
monetary,NBOR,HFO_pp,2015-01-01 20:00:00,0.0
monetary,NBOR,HFO_pp,2015-01-01 21:00:00,0.0
monetary,NBOR,HFO_pp,2015-01-01 22:00:00,0.0
monetary,NBOR,HFO_pp,2015-01-01 23:00:00,0.0
monetary,NBOR,HFO_pp,2015-01-02 00:00:00,0.0
monetary,NBOR,HFO_pp,2015-01-02 01:00:00,0.0
monetary,NBOR,HFO_pp,2015-01-02 02:00:00,0.0
monetary,NBOR,HFO_pp,2015-01-02 03:00:00,0.0
monetary,NBOR,HFO_pp,2015-01-02 04:00:00,0.0
monetary,NBOR,HFO_pp,2015-01-02 05:00:00,0.0
monetary,NBOR,HFO_pp,2015-01-02 06:00:00,0.0
monetary,NBOR,HFO_pp,2015-01-02 07:00:00,0.0
monetary,NBOR,HFO_pp,2015-01-02 08:00:00,0.0
monetary,NBOR,HFO_pp,2015-01-02 09:00:00,0.0
monetary,NBOR,HFO_pp,2015-01-02 10:00:00,0.0
monetary,NBOR,HFO_pp,2015-01-02 11:00:00,0.0
monetary,NBOR,HFO_pp,2015-01-02 12:00:00,0.0
monetary,NBOR,HFO_pp,2015-01-02 13:00:00,0.0
monetary,NBOR,HFO_pp,2015-01-02 14:00:00,0.0
monetary,NBOR,HFO_pp,2015-01-02 15:00:00,0.0
monetary,NBOR,HFO_pp,2015-01-02 16:00:00,0.0
monetary,NBOR,HFO_pp,2015-01-02 17:00:00,0.0
monetary,NBOR,HFO_pp,2015-01-02 18:00:00,0.0
monetary,NBOR,HFO_pp,2015-01-02 19:00:00,805.0509394905611
monetary,NBOR,HFO_pp,2015-01-02 20:00:00,0.0
monetary,NBOR,HFO_pp,2015-01-02 21:00:00,0.0
monetary,NBOR,HFO_pp,2015-01-02 22:00:00,0.0
monetary,NBOR,HFO_pp,2015-01-02 23:00:00,0.0
monetary,NBOR,HFO_pp,2015-01-03 00:00:00,0.0
monetary,NBOR,HFO_pp,2015-01-03 01:00:00,0.0
monetary,NBOR,HFO_pp,2015-01-03 02:00:00,0.0
monetary,NBOR,HFO_pp,2015-01-03 03:00:00,0.0
monetary,NBOR,HFO_pp,2015-01-03 04:00:00,0.0
monetary,NBOR,HFO_pp,2015-01-03 05:00:00,0.0
monetary,NBOR,HFO_pp,2015-01-03 06:00:00,0.0
monetary,NBOR,HFO_pp,2015-01-03 07:00:00,0.0
monetary,NBOR,HFO_pp,2015-01-03 08:00:00,0.0
monetary,NBOR,HFO_pp,2015-01-03 09:00:00,0.0
monetary,NBOR,HFO_pp,2015-01-03 10:00:00,0.0
monetary,NBOR,HFO_pp,2015-01-03 11:00:00,0.0
monetary,NBOR,HFO_pp,2015-01-03 12:00:00,0.0
monetary,NBOR,HFO_pp,2015-01-03 13:00:00,0.0
monetary,NBOR,HFO_pp,2015-01-03 14:00:00,0.0
monetary,NBOR,HFO_pp,2015-01-03 15:00:00,0.0
monetary,NBOR,HFO_pp,2015-01-03 16:00:00,0.0
monetary,NBOR,HFO_pp,2015-01-03 17:00:00,0.0
monetary,NBOR,HFO_pp,2015-01-03 18:00:00,0.0
monetary,NBOR,HFO_pp,2015-01-03 19:00:00,3145.3780876913156
monetary,NBOR,HFO_pp,2015-01-03 20:00:00,2523.7320202597953
monetary,NBOR,HFO_pp,2015-01-03 21:00:00,0.0
monetary,NBOR,HFO_pp,2015-01-03 22:00:00,0.0
monetary,NBOR,HFO_pp,2015-01-03 23:00:00,0.0
monetary,NBOR,L_hydro_pp,2015-01-01 00:00:00,17.0
monetary,NBOR,L_hydro_pp,2015-01-01 01:00:00,18.5
monetary,NBOR,L_hydro_pp,2015-01-01 02:00:00,9.5
monetary,NBOR,L_hydro_pp,2015-01-01 03:00:00,5.0
monetary,NBOR,L_hydro_pp,2015-01-01 04:00:00,4.387497704263806
monetary,NBOR,L_hydro_pp,2015-01-01 05:00:00,5.5
monetary,NBOR,L_hydro_pp,2015-01-01 06:00:00,5.5
monetary,NBOR,L_hydro_pp,2015-01-01 07:00:00,13.0
monetary,NBOR,L_hydro_pp,2015-01-01 08:00:00,18.0
monetary,NBOR,L_hydro_pp,2015-01-01 09:00:00,16.5
monetary,NBOR,L_hydro_pp,2015-01-01 10:00:00,17.0
monetary,NBOR,L_hydro_pp,2015-01-01 11:00:00,17.5
monetary,NBOR,L_hydro_pp,2015-01-01 12:00:00,17.5
monetary,NBOR,L_hydro_pp,2015-01-01 13:00:00,16.0
monetary,NBOR,L_hydro_pp,2015-01-01 14:00:00,17.0
monetary,NBOR,L_hydro_pp,2015-01-01 15:00:00,7.0
monetary,NBOR,L_hydro_pp,2015-01-01 16:00:00,6.5
monetary,NBOR,L_hydro_pp,2015-01-01 17:00:00,12.5
monetary,NBOR,L_hydro_pp,2015-01-01 18:00:00,26.0
monetary,NBOR,L_hydro_pp,2015-01-01 19:00:00,51.5
monetary,NBOR,L_hydro_pp,2015-01-01 20:00:00,51.5
monetary,NBOR,L_hydro_pp,2015-01-01 21:00:00,41.5
monetary,NBOR,L_hydro_pp,2015-01-01 22:00:00,20.0
monetary,NBOR,L_hydro_pp,2015-01-01 23:00:00,7.0
monetary,NBOR,L_hydro_pp,2015-01-02 00:00:00,0.0
monetary,NBOR,L_hydro_pp,2015-01-02 01:00:00,0.0
monetary,NBOR,L_hydro_pp,2015-01-02 02:00:00,0.0
monetary,NBOR,L_hydro_pp,2015-01-02 03:00:00,0.0
monetary,NBOR,L_hydro_pp,2015-01-02 04:00:00,0.0
monetary,NBOR,L_hydro_pp,2015-01-02 05:00:00,0.0
monetary,NBOR,L_hydro_pp,2015-01-02 06:00:00,0.0
monetary,NBOR,L_hydro_pp,2015-01-02 07:00:00,0.9216966848868978
monetary,NBOR,L_hydro_pp,2015-01-02 08:00:00,34.0
monetary,NBOR,L_hydro_pp,2015-01-02 09:00:00,44.5
monetary,NBOR,L_hydro_pp,2015-01-02 10:00:00,45.5
monetary,NBOR,L_hydro_pp,2015-01-02 11:00:00,46.0
monetary,NBOR,L_hydro_pp,2015-01-02 12:00:00,47.0
monetary,NBOR,L_hydro_pp,2015-01-02 13:00:00,33.0
monetary,NBOR,L_hydro_pp,2015-01-02 14:00:00,28.0
monetary,NBOR,L_hydro_pp,2015-01-02 15:00:00,27.0
monetary,NBOR,L_hydro_pp,2015-01-02 16:00:00,27.0
monetary,NBOR,L_hydro_pp,2015-01-02 17:00:00,15.5
monetary,NBOR,L_hydro_pp,2015-01-02 18:00:00,9.0
monetary,NBOR,L_hydro_pp,2015-01-02 19:00:00,43.5
monetary,NBOR,L_hydro_pp,2015-01-02 20:00:00,45.5
monetary,NBOR,L_hydro_pp,2015-01-02 21:00:00,44.0
monetary,NBOR,L_hydro_pp,2015-01-02 22:00:00,36.5
monetary,NBOR,L_hydro_pp,2015-01-02 23:00:00,24.0
monetary,NBOR,L_hydro_pp,2015-01-03 00:00:00,23.0
monetary,NBOR,L_hydro_pp,2015-01-03 01:00:00,10.131010245168873
monetary,NBOR,L_hydro_pp,2015-01-03 02:00:00,0.0
monetary,NBOR,L_hydro_pp,2015-01-03 03:00:00,1.8556676615852048
monetary,NBOR,L_hydro_pp,2015-01-03 04:00:00,0.0
monetary,NBOR,L_hydro_pp,2015-01-03 05:00:00,8.236504319440778
monetary,NBOR,L_hydro_pp,2015-01-03 06:00:00,16.0
monetary,NBOR,L_hydro_pp,2015-01-03 07:00:00,9.5
monetary,NBOR,L_hydro_pp,2015-01-03 08:00:00,13.0
monetary,NBOR,L_hydro_pp,2015-01-03 09:00:00,16.5
monetary,NBOR,L_hydro_pp,2015-01-03 10:00:00,18.0
monetary,NBOR,L_hydro_pp,2015-01-03 11:00:00,18.0
monetary,NBOR,L_hydro_pp,2015-01-03 12:00:00,18.5
monetary,NBOR,L_hydro_pp,2015-01-03 13:00:00,16.5
monetary,NBOR,L_hydro_pp,2015-01-03 14:00:00,16.0
monetary,NBOR,L_hydro_pp,2015-01-03 15:00:00,26.0
monetary,NBOR,L_hydro_pp,2015-01-03 16:00:00,27.0
monetary,NBOR,L_hydro_pp,2015-01-03 17:00:00,27.5
monetary,NBOR,L_hydro_pp,2015-01-03 18:00:00,28.0
monetary,NBOR,L_hydro_pp,2015-01-03 19:00:00,30.0
monetary,NBOR,L_hydro_pp,2015-01-03 20:00:00,28.5
monetary,NBOR,L_hydro_pp,2015-01-03 21:00:00,27.5
monetary,NBOR,L_hydro_pp,2015-01-03 22:00:00,27.0
monetary,NBOR,L_hydro_pp,2015-01-03 23:00:00,17.0
monetary,NBOR,hvdc_132:CSTR,2015-01-01 00:00:00,0.0
monetary,NBOR,hvdc_132:CSTR,2015-01-01 01:00:00,0.0
monetary,NBOR,hvdc_132:CSTR,2015-01-01 02:00:00,0.0
monetary,NBOR,hvdc_132:CSTR,2015-01-01 03:00:00,0.0
monetary,NBOR,hvdc_132:CSTR,2015-01-01 04:00:00,0.0
monetary,NBOR,hvdc_132:CSTR,2015-01-01 05:00:00,0.0
monetary,NBOR,hvdc_132:CSTR,2015-01-01 06:00:00,0.0
monetary,NBOR,hvdc_132:CSTR,2015-01-01 07:00:00,0.0
monetary,NBOR,hvdc_132:CSTR,2015-01-01 08:00:00,0.0
monetary,NBOR,hvdc_132:CSTR,2015-01-01 09:00:00,0.0
monetary,NBOR,hvdc_132:CSTR,2015-01-01 10:00:00,0.0
monetary,NBOR,hvdc_132:CSTR,2015-01-01 11:00:00,0.0
monetary,NBOR,hvdc_132:CSTR,2015-01-01 12:00:00,0.0
monetary,NBOR,hvdc_132:CSTR,2015-01-01 13:00:00,0.0
monetary,NBOR,hvdc_132:CSTR,2015-01-01 14:00:00,0.0
monetary,NBOR,hvdc_132:CSTR,2015-01-01 15:00:00,0.0
monetary,NBOR,hvdc_132:CSTR,2015-01-01 16:00:00,0.0
monetary,NBOR,hvdc_132:CSTR,2015-01-01 17:00:00,0.0
monetary,NBOR,hvdc_132:CSTR,2015-01-01 18:00:00,0.0
monetary,NBOR,hvdc_132:CSTR,2015-01-01 19:00:00,0.0
monetary,NBOR,hvdc_132:CSTR,2015-01-01 20:00:00,0.0
monetary,NBOR,hvdc_132:CSTR,2015-01-01 21:00:00,0.0
monetary,NBOR,hvdc_132:CSTR,2015-01-01 22:00:00,0.0
monetary,NBOR,hvdc_132:CSTR,2015-01-01 23:00:00,0.0
monetary,NBOR,hvdc_132:CSTR,2015-01-02 00:00:00,0.0
monetary,NBOR,hvdc_132:CSTR,2015-01-02 01:00:00,0.0
monetary,NBOR,hvdc_132:CSTR,2015-01-02 02:00:00,0.0
monetary,NBOR,hvdc_132:CSTR,2015-01-02 03:00:00,0.0
monetary,NBOR,hvdc_132:CSTR,2015-01-02 04:00:00,0.0
monetary,NBOR,hvdc_132:CSTR,2015-01-02 05:00:00,0.0
monetary,NBOR,hvdc_132:CSTR,2015-01-02 06:00:00,0.0
monetary,NBOR,hvdc_132:CSTR,2015-01-02 07:00:00,0.0
monetary,NBOR,hvdc_132:CSTR,2015-01-02 08:00:00,0.0
monetary,NBOR,hvdc_132:CSTR,2015-01-02 09:00:00,0.0
monetary,NBOR,hvdc_132:CSTR,2015-01-02 10:00:00,0.0
monetary,NBOR,hvdc_132:CSTR,2015-01-02 11:00:00,0.0
monetary,NBOR,hvdc_132:CSTR,2015-01-02 12:00:00,0.0
monetary,NBOR,hvdc_132:CSTR,2015-01-02 13:00:00,0.0
monetary,NBOR,hvdc_132:CSTR,2015-01-02 14:00:00,0.0
monetary,NBOR,hvdc_132:CSTR,2015-01-02 15:00:00,0.0
monetary,NBOR,hvdc_132:CSTR,2015-01-02 16:00:00,0.0
monetary,NBOR,hvdc_132:CSTR,2015-01-02 17:00:00,0.0
monetary,NBOR,hvdc_132:CSTR,2015-01-02 18:00:00,0.0
monetary,NBOR,hvdc_132:CSTR,2015-01-02 19:00:00,0.0
monetary,NBOR,hvdc_132:CSTR,2015-01-02 20:00:00,0.0
monetary,NBOR,hvdc_132:CSTR,2015-01-02 21:00:00,0.0
monetary,NBOR,hvdc_132:CSTR,2015-01-02 22:00:00,0.0
monetary,NBOR,hvdc_132:CSTR,2015-01-02 23:00:00,0.0
monetary,NBOR,hvdc_132:CSTR,2015-01-03 00:00:00,0.0
monetary,NBOR,hvdc_132:CSTR,2015-01-03 01:00:00,0.0
monetary,NBOR,hvdc_132:CSTR,2015-01-03 02:00:00,0.0
monetary,NBOR,hvdc_132:CSTR,2015-01-03 03:00:00,0.0
monetary,NBOR,hvdc_132:CSTR,2015-01-03 04:00:00,0.0
monetary,NBOR,hvdc_132:CSTR,2015-01-03 05:00:00,0.0
monetary,NBOR,hvdc_132:CSTR,2015-01-03 06:00:00,0.0
monetary,NBOR,hvdc_132:CSTR,2015-01-03 07:00:00,0.0
monetary,NBOR,hvdc_132:CSTR,2015-01-03 08:00:00,0.0
monetary,NBOR,hvdc_132:CSTR,2015-01-03 09:00:00,0.0
monetary,NBOR,hvdc_132:CSTR,2015-01-03 10:00:00,0.0
monetary,NBOR,hvdc_132:CSTR,2015-01-03 11:00:00,0.0
monetary,NBOR,hvdc_132:CSTR,2015-01-03 12:00:00,0.0
monetary,NBOR,hvdc_132:CSTR,2015-01-03 13:00:00,0.0
monetary,NBOR,hvdc_132:CSTR,2015-01-03 14:00:00,0.0
monetary,NBOR,hvdc_132:CSTR,2015-01-03 15:00:00,0.0
monetary,NBOR,hvdc_132:CSTR,2015-01-03 16:00:00,0.0
monetary,NBOR,hvdc_132:CSTR,2015-01-03 17:00:00,0.0
monetary,NBOR,hvdc_132:CSTR,2015-01-03 18:00:00,0.0
monetary,NBOR,hvdc_132:CSTR,2015-01-03 19:00:00,0.0
monetary,NBOR,hvdc_132:CSTR,2015-01-03 20:00:00,0.0
monetary,NBOR,hvdc_132:CSTR,2015-01-03 21:00:00,0.0
monetary,NBOR,hvdc_132:CSTR,2015-01-03 22:00:00,0.0
monetary,NBOR,hvdc_132:CSTR,2015-01-03 23:00:00,0.0
monetary,NBOR,hvdc_132:MTKR,2015-01-01 00:00:00,0.0
monetary,NBOR,hvdc_132:MTKR,2015-01-01 01:00:00,0.0
monetary,NBOR,hvdc_132:MTKR,2015-01-01 02:00:00,0.0
monetary,NBOR,hvdc_132:MTKR,2015-01-01 03:00:00,0.0
monetary,NBOR,hvdc_132:MTKR,2015-01-01 04:00:00,0.0
monetary,NBOR,hvdc_132:MTKR,2015-01-01 05:00:00,0.0
monetary,NBOR,hvdc_132:MTKR,2015-01-01 06:00:00,0.0
monetary,NBOR,hvdc_132:MTKR,2015-01-01 07:00:00,0.0
monetary,NBOR,hvdc_132:MTKR,2015-01-01 08:00:00,0.0
monetary,NBOR,hvdc_132:MTKR,2015-01-01 09:00:00,0.0
monetary,NBOR,hvdc_132:MTKR,2015-01-01 10:00:00,0.0
monetary,NBOR,hvdc_132:MTKR,2015-01-01 11:00:00,0.0
monetary,NBOR,hvdc_132:MTKR,2015-01-01 12:00:00,0.0
monetary,NBOR,hvdc_132:MTKR,2015-01-01 13:00:00,0.0
monetary,NBOR,hvdc_132:MTKR,2015-01-01 14:00:00,0.0
monetary,NBOR,hvdc_132:MTKR,2015-01-01 15:00:00,0.0
monetary,NBOR,hvdc_132:MTKR,2015-01-01 16:00:00,0.0
monetary,NBOR,hvdc_132:MTKR,2015-01-01 17:00:00,0.0
monetary,NBOR,hvdc_132:MTKR,2015-01-01 18:00:00,0.0
monetary,NBOR,hvdc_132:MTKR,2015-01-01 19:00:00,0.0
monetary,NBOR,hvdc_132:MTKR,2015-01-01 20:00:00,0.0
monetary,NBOR,hvdc_132:MTKR,2015-01-01 21:00:00,0.0
monetary,NBOR,hvdc_132:MTKR,2015-01-01 22:00:00,0.0
monetary,NBOR,hvdc_132:MTKR,2015-01-01 23:00:00,0.0
monetary,NBOR,hvdc_132:MTKR,2015-01-02 00:00:00,0.0
monetary,NBOR,hvdc_132:MTKR,2015-01-02 01:00:00,0.0
monetary,NBOR,hvdc_132:MTKR,2015-01-02 02:00:00,0.0
monetary,NBOR,hvdc_132:MTKR,2015-01-02 03:00:00,0.0
monetary,NBOR,hvdc_132:MTKR,2015-01-02 04:00:00,0.0
monetary,NBOR,hvdc_132:MTKR,2015-01-02 05:00:00,0.0
monetary,NBOR,hvdc_132:MTKR,2015-01-02 06:00:00,0.0
monetary,NBOR,hvdc_132:MTKR,2015-01-02 07:00:00,0.0
monetary,NBOR,hvdc_132:MTKR,2015-01-02 08:00:00,0.0
monetary,NBOR,hvdc_132:MTKR,2015-01-02 09:00:00,0.0
monetary,NBOR,hvdc_132:MTKR,2015-01-02 10:00:00,0.0
monetary,NBOR,hvdc_132:MTKR,2015-01-02 11:00:00,0.0
monetary,NBOR,hvdc_132:MTKR,2015-01-02 12:00:00,0.0
monetary,NBOR,hvdc_132:MTKR,2015-01-02 13:00:00,0.0
monetary,NBOR,hvdc_132:MTKR,2015-01-02 14:00:00,0.0
monetary,NBOR,hvdc_132:MTKR,2015-01-02 15:00:00,0.0
monetary,NBOR,hvdc_132:MTKR,2015-01-02 16:00:00,0.0
monetary,NBOR,hvdc_132:MTKR,2015-01-02 17:00:00,0.0
monetary,NBOR,hvdc_132:MTKR,2015-01-02 18:00:00,1.3824271351923119
monetary,NBOR,hvdc_132:MTKR,2015-01-02 19:00:00,0.0
monetary,NBOR,hvdc_132:MTKR,2015-01-02 20:00:00,0.0
monetary,NBOR,hvdc_132:MTKR,2015-01-02 21:00:00,0.0
monetary,NBOR,hvdc_132:MTKR,2015-01-02 22:00:00,0.0
monetary,NBOR,hvdc_132:MTKR,2015-01-02 23:00:00,0.0
monetary,NBOR,hvdc_132:MTKR,2015-01-03 00:00:00,0.0
monetary,NBOR,hvdc_132:MTKR,2015-01-03 01:00:00,0.0
monetary,NBOR,hvdc_132:MTKR,2015-01-03 02:00:00,0.0
monetary,NBOR,hvdc_132:MTKR,2015-01-03 03:00:00,0.0
monetary,NBOR,hvdc_132:MTKR,2015-01-03 04:00:00,0.0
monetary,NBOR,hvdc_132:MTKR,2015-01-03 05:00:00,0.0
monetary,NBOR,hvdc_132:MTKR,2015-01-03 06:00:00,0.0
monetary,NBOR,hvdc_132:MTKR,2015-01-03 07:00:00,0.0
monetary,NBOR,hvdc_132:MTKR,2015-01-03 08:00:00,0.0
monetary,NBOR,hvdc_132:MTKR,2015-01-03 09:00:00,1.4198820532526455
monetary,NBOR,hvdc_132:MTKR,2015-01-03 10:00:00,1.0139021253352365
monetary,NBOR,hvdc_132:MTKR,2015-01-03 11:00:00,1.5979893764680246
monetary,NBOR,hvdc_132:MTKR,2015-01-03 12:00:00,1.5652490597004918
monetary,NBOR,hvdc_132:MTKR,2015-01-03 13:00:00,0.0
monetary,NBOR,hvdc_132:MTKR,2015-01-03 14:00:00,0.0
monetary,NBOR,hvdc_132:MTKR,2015-01-03 15:00:00,0.0
monetary,NBOR,hvdc_132:MTKR,2015-01-03 16:00:00,0.0
monetary,NBOR,hvdc_132:MTKR,2015-01-03 17:00:00,0.0
monetary,NBOR,hvdc_132:MTKR,2015-01-03 18:00:00,0.0
monetary,NBOR,hvdc_132:MTKR,2015-01-03 19:00:00,0.0
monetary,NBOR,hvdc_132:MTKR,2015-01-03 20:00:00,0.0
monetary,NBOR,hvdc_132:MTKR,2015-01-03 21:00:00,0.0
monetary,NBOR,hvdc_132:MTKR,2015-01-03 22:00:00,0.0
monetary,NBOR,hvdc_132:MTKR,2015-01-03 23:00:00,0.0
monetary,NBOR,hvdc_132:WSTR,2015-01-01 00:00:00,0.0
monetary,NBOR,hvdc_132:WSTR,2015-01-01 01:00:00,0.0
monetary,NBOR,hvdc_132:WSTR,2015-01-01 02:00:00,0.0
monetary,NBOR,hvdc_132:WSTR,2015-01-01 03:00:00,0.0
monetary,NBOR,hvdc_132:WSTR,2015-01-01 04:00:00,0.0
monetary,NBOR,hvdc_132:WSTR,2015-01-01 05:00:00,0.0
monetary,NBOR,hvdc_132:WSTR,2015-01-01 06:00:00,0.0
monetary,NBOR,hvdc_132:WSTR,2015-01-01 07:00:00,0.0
monetary,NBOR,hvdc_132:WSTR,2015-01-01 08:00:00,0.0
monetary,NBOR,hvdc_132:WSTR,2015-01-01 09:00:00,0.0
monetary,NBOR,hvdc_132:WSTR,2015-01-01 10:00:00,0.0
monetary,NBOR,hvdc_132:WSTR,2015-01-01 11:00:00,0.0
monetary,NBOR,hvdc_132:WSTR,2015-01-01 12:00:00,0.0
monetary,NBOR,hvdc_132:WSTR,2015-01-01 13:00:00,0.0
monetary,NBOR,hvdc_132:WSTR,2015-01-01 14:00:00,0.0
monetary,NBOR,hvdc_132:WSTR,2015-01-01 15:00:00,0.0
monetary,NBOR,hvdc_132:WSTR,2015-01-01 16:00:00,0.0
monetary,NBOR,hvdc_132:WSTR,2015-01-01 17:00:00,0.0
monetary,NBOR,hvdc_132:WSTR,2015-01-01 18:00:00,0.0
monetary,NBOR,hvdc_132:WSTR,2015-01-01 19:00:00,0.0
monetary,NBOR,hvdc_132:WSTR,2015-01-01 20:00:00,0.0
monetary,NBOR,hvdc_132:WSTR,2015-01-01 21:00:00,0.0
monetary,NBOR,hvdc_132:WSTR,2015-01-01 22:00:00,0.0
monetary,NBOR,hvdc_132:WSTR,2015-01-01 23:00:00,0.0
monetary,NBOR,hvdc_132:WSTR,2015-01-02 00:00:00,0.0
monetary,NBOR,hvdc_132:WSTR,2015-01-02 01:00:00,0.0
monetary,NBOR,hvdc_132:WSTR,2015-01-02 02:00:00,0.0
monetary,NBOR,hvdc_132:WSTR,2015-01-02 03:00:00,0.0
monetary,NBOR,hvdc_132:WSTR,2015-01-02 04:00:00,0.0
monetary,NBOR,hvdc_132:WSTR,2015-01-02 05:00:00,0.0
monetary,NBOR,hvdc_132:WSTR,2015-01-02 06:00:00,0.0
monetary,NBOR,hvdc_132:WSTR,2015-01-02 07:00:00,0.0
monetary,NBOR,hvdc_132:WSTR,2015-01-02 08:00:00,0.0
monetary,NBOR,hvdc_132:WSTR,2015-01-02 09:00:00,0.0
monetary,NBOR,hvdc_132:WSTR,2015-01-02 10:00:00,0.0
monetary,NBOR,hvdc_132:WSTR,2015-01-02 11:00:00,0.0
monetary,NBOR,hvdc_132:WSTR,2015-01-02 12:00:00,0.0
monetary,NBOR,hvdc_132:WSTR,2015-01-02 13:00:00,0.0
monetary,NBOR,hvdc_132:WSTR,2015-01-02 14:00:00,0.0
monetary,NBOR,hvdc_132:WSTR,2015-01-02 15:00:00,0.0
monetary,NBOR,hvdc_132:WSTR,2015-01-02 16:00:00,0.0
monetary,NBOR,hvdc_132:WSTR,2015-01-02 17:00:00,0.0
monetary,NBOR,hvdc_132:WSTR,2015-01-02 18:00:00,0.0
monetary,NBOR,hvdc_132:WSTR,2015-01-02 19:00:00,0.0
monetary,NBOR,hvdc_132:WSTR,2015-01-02 20:00:00,0.0
monetary,NBOR,hvdc_132:WSTR,2015-01-02 21:00:00,0.0
monetary,NBOR,hvdc_132:WSTR,2015-01-02 22:00:00,0.0
monetary,NBOR,hvdc_132:WSTR,2015-01-02 23:00:00,0.0
monetary,NBOR,hvdc_132:WSTR,2015-01-03 00:00:00,0.0
monetary,NBOR,hvdc_132:WSTR,2015-01-03 01:00:00,0.0
monetary,NBOR,hvdc_132:WSTR,2015-01-03 02:00:00,0.0
monetary,NBOR,hvdc_132:WSTR,2015-01-03 03:00:00,0.0
monetary,NBOR,hvdc_132:WSTR,2015-01-03 04:00:00,0.0
monetary,NBOR,hvdc_132:WSTR,2015-01-03 05:00:00,0.0
monetary,NBOR,hvdc_132:WSTR,2015-01-03 06:00:00,0.0
monetary,NBOR,hvdc_132:WSTR,2015-01-03 07:00:00,0.0
monetary,NBOR,hvdc_132:WSTR,2015-01-03 08:00:00,0.0
monetary,NBOR,hvdc_132:WSTR,2015-01-03 09:00:00,0.0
monetary,NBOR,hvdc_132:WSTR,2015-01-03 10:00:00,0.0
monetary,NBOR,hvdc_132:WSTR,2015-01-03 11:00:00,0.0
monetary,NBOR,hvdc_132:WSTR,2015-01-03 12:00:00,0.0
monetary,NBOR,hvdc_132:WSTR,2015-01-03 13:00:00,0.0
monetary,NBOR,hvdc_132:WSTR,2015-01-03 14:00:00,0.0
monetary,NBOR,hvdc_132:WSTR,2015-01-03 15:00:00,0.0
monetary,NBOR,hvdc_132:WSTR,2015-01-03 16:00:00,0.0
monetary,NBOR,hvdc_132:WSTR,2015-01-03 17:00:00,0.0
monetary,NBOR,hvdc_132:WSTR,2015-01-03 18:00:00,0.0
monetary,NBOR,hvdc_132:WSTR,2015-01-03 19:00:00,0.0
monetary,NBOR,hvdc_132:WSTR,2015-01-03 20:00:00,0.0
monetary,NBOR,hvdc_132:WSTR,2015-01-03 21:00:00,0.0
monetary,NBOR,hvdc_132:WSTR,2015-01-03 22:00:00,0.0
monetary,NBOR,hvdc_132:WSTR,2015-01-03 23:00:00,0.0
monetary,NBOR,hvdc_220:MTKR,2015-01-01 00:00:00,0.0
monetary,NBOR,hvdc_220:MTKR,2015-01-01 01:00:00,0.0
monetary,NBOR,hvdc_220:MTKR,2015-01-01 02:00:00,0.0
monetary,NBOR,hvdc_220:MTKR,2015-01-01 03:00:00,0.0
monetary,NBOR,hvdc_220:MTKR,2015-01-01 04:00:00,0.0
monetary,NBOR,hvdc_220:MTKR,2015-01-01 05:00:00,0.0
monetary,NBOR,hvdc_220:MTKR,2015-01-01 06:00:00,0.0
monetary,NBOR,hvdc_220:MTKR,2015-01-01 07:00:00,0.0
monetary,NBOR,hvdc_220:MTKR,2015-01-01 08:00:00,0.0
monetary,NBOR,hvdc_220:MTKR,2015-01-01 09:00:00,0.0
monetary,NBOR,hvdc_220:MTKR,2015-01-01 10:00:00,0.0
monetary,NBOR,hvdc_220:MTKR,2015-01-01 11:00:00,0.0
monetary,NBOR,hvdc_220:MTKR,2015-01-01 12:00:00,0.0
monetary,NBOR,hvdc_220:MTKR,2015-01-01 13:00:00,0.0
monetary,NBOR,hvdc_220:MTKR,2015-01-01 14:00:00,0.0
monetary,NBOR,hvdc_220:MTKR,2015-01-01 15:00:00,0.0
monetary,NBOR,hvdc_220:MTKR,2015-01-01 16:00:00,0.0
monetary,NBOR,hvdc_220:MTKR,2015-01-01 17:00:00,0.0
monetary,NBOR,hvdc_220:MTKR,2015-01-01 18:00:00,0.0
monetary,NBOR,hvdc_220:MTKR,2015-01-01 19:00:00,0.0
monetary,NBOR,hvdc_220:MTKR,2015-01-01 20:00:00,0.0
monetary,NBOR,hvdc_220:MTKR,2015-01-01 21:00:00,0.0
monetary,NBOR,hvdc_220:MTKR,2015-01-01 22:00:00,0.0
monetary,NBOR,hvdc_220:MTKR,2015-01-01 23:00:00,0.0
monetary,NBOR,hvdc_220:MTKR,2015-01-02 00:00:00,0.0
monetary,NBOR,hvdc_220:MTKR,2015-01-02 01:00:00,0.0
monetary,NBOR,hvdc_220:MTKR,2015-01-02 02:00:00,0.0
monetary,NBOR,hvdc_220:MTKR,2015-01-02 03:00:00,0.0
monetary,NBOR,hvdc_220:MTKR,2015-01-02 04:00:00,0.0
monetary,NBOR,hvdc_220:MTKR,2015-01-02 05:00:00,0.0
monetary,NBOR,hvdc_220:MTKR,2015-01-02 06:00:00,0.0
monetary,NBOR,hvdc_220:MTKR,2015-01-02 07:00:00,0.0
monetary,NBOR,hvdc_220:MTKR,2015-01-02 08:00:00,0.0
monetary,NBOR,hvdc_220:MTKR,2015-01-02 09:00:00,0.0
monetary,NBOR,hvdc_220:MTKR,2015-01-02 10:00:00,0.0
monetary,NBOR,hvdc_220:MTKR,2015-01-02 11:00:00,0.0
monetary,NBOR,hvdc_220:MTKR,2015-01-02 12:00:00,0.0
monetary,NBOR,hvdc_220:MTKR,2015-01-02 13:00:00,0.0
monetary,NBOR,hvdc_220:MTKR,2015-01-02 14:00:00,0.0
monetary,NBOR,hvdc_220:MTKR,2015-01-02 15:00:00,0.0
monetary,NBOR,hvdc_220:MTKR,2015-01-02 16:00:00,0.0
monetary,NBOR,hvdc_220:MTKR,2015-01-02 17:00:00,0.0
monetary,NBOR,hvdc_220:MTKR,2015-01-02 18:00:00,0.0
monetary,NBOR,hvdc_220:MTKR,2015-01-02 19:00:00,0.0
monetary,NBOR,hvdc_220:MTKR,2015-01-02 20:00:00,0.0
monetary,NBOR,hvdc_220:MTKR,2015-01-02 21:00:00,0.0
monetary,NBOR,hvdc_220:MTKR,2015-01-02 22:00:00,0.0
monetary,NBOR,hvdc_220:MTKR,2015-01-02 23:00:00,0.0
monetary,NBOR,hvdc_220:MTKR,2015-01-03 00:00:00,0.0
monetary,NBOR,hvdc_220:MTKR,2015-01-03 01:00:00,0.0
monetary,NBOR,hvdc_220:MTKR,2015-01-03 02:00:00,0.0
monetary,NBOR,hvdc_220:MTKR,2015-01-03 03:00:00,0.0
monetary,NBOR,hvdc_220:MTKR,2015-01-03 04:00:00,0.0
monetary,NBOR,hvdc_220:MTKR,2015-01-03 05:00:00,0.0
monetary,NBOR,hvdc_220:MTKR,2015-01-03 06:00:00,0.0
monetary,NBOR,hvdc_220:MTKR,2015-01-03 07:00:00,0.0
monetary,NBOR,hvdc_220:MTKR,2015-01-03 08:00:00,0.0
monetary,NBOR,hvdc_220:MTKR,2015-01-03 09:00:00,0.0
monetary,NBOR,hvdc_220:MTKR,2015-01-03 10:00:00,0.0
monetary,NBOR,hvdc_220:MTKR,2015-01-03 11:00:00,0.0
monetary,NBOR,hvdc_220:MTKR,2015-01-03 12:00:00,0.0
monetary,NBOR,hvdc_220:MTKR,2015-01-03 13:00:00,0.0
monetary,NBOR,hvdc_220:MTKR,2015-01-03 14:00:00,0.0
monetary,NBOR,hvdc_220:MTKR,2015-01-03 15:00:00,0.0
monetary,NBOR,hvdc_220:MTKR,2015-01-03 16:00:00,0.0
monetary,NBOR,hvdc_220:MTKR,2015-01-03 17:00:00,0.0
monetary,NBOR,hvdc_220:MTKR,2015-01-03 18:00:00,0.0
monetary,NBOR,hvdc_220:MTKR,2015-01-03 19:00:00,0.0
monetary,NBOR,hvdc_220:MTKR,2015-01-03 20:00:00,0.0
monetary,NBOR,hvdc_220:MTKR,2015-01-03 21:00:00,0.0
monetary,NBOR,hvdc_220:MTKR,2015-01-03 22:00:00,0.0
monetary,NBOR,hvdc_220:MTKR,2015-01-03 23:00:00,0.0
monetary,NBOR,hvdc_220:WSTR,2015-01-01 00:00:00,58.146835506123594
monetary,NBOR,hvdc_220:WSTR,2015-01-01 01:00:00,53.639800258467595
monetary,NBOR,hvdc_220:WSTR,2015-01-01 02:00:00,53.4099311255916
monetary,NBOR,hvdc_220:WSTR,2015-01-01 03:00:00,52.921317162459594
monetary,NBOR,hvdc_220:WSTR,2015-01-01 04:00:00,52.026544054706115
monetary,NBOR,hvdc_220:WSTR,2015-01-01 05:00:00,52.39660602020759
monetary,NBOR,hvdc_220:WSTR,2015-01-01 06:00:00,55.630364241783596
monetary,NBOR,hvdc_220:WSTR,2015-01-01 07:00:00,57.22859591136359
monetary,NBOR,hvdc_220:WSTR,2015-01-01 08:00:00,60.033911762847595
monetary,NBOR,hvdc_220:WSTR,2015-01-01 09:00:00,57.43442454202564
monetary,NBOR,hvdc_220:WSTR,2015-01-01 10:00:00,56.245775002453016
monetary,NBOR,hvdc_220:WSTR,2015-01-01 11:00:00,56.188835051702725
monetary,NBOR,hvdc_220:WSTR,2015-01-01 12:00:00,56.02507008199417
monetary,NBOR,hvdc_220:WSTR,2015-01-01 13:00:00,59.19759586114301
monetary,NBOR,hvdc_220:WSTR,2015-01-01 14:00:00,58.66437057904813
monetary,NBOR,hvdc_220:WSTR,2015-01-01 15:00:00,58.6409796789203
monetary,NBOR,hvdc_220:WSTR,2015-01-01 16:00:00,57.919321703955596
monetary,NBOR,hvdc_220:WSTR,2015-01-01 17:00:00,56.5124587589196
monetary,NBOR,hvdc_220:WSTR,2015-01-01 18:00:00,59.95682802641159
monetary,NBOR,hvdc_220:WSTR,2015-01-01 19:00:00,64.97895981459959
monetary,NBOR,hvdc_220:WSTR,2015-01-01 20:00:00,64.02580894991159
monetary,NBOR,hvdc_220:WSTR,2015-01-01 21:00:00,63.3651024013956
monetary,NBOR,hvdc_220:WSTR,2015-01-01 22:00:00,60.81252276557159
monetary,NBOR,hvdc_220:WSTR,2015-01-01 23:00:00,56.3199336104436
monetary,NBOR,hvdc_220:WSTR,2015-01-02 00:00:00,52.583876450064
monetary,NBOR,hvdc_220:WSTR,2015-01-02 01:00:00,50.872528732499994
monetary,NBOR,hvdc_220:WSTR,2015-01-02 02:00:00,49.818281696675996
monetary,NBOR,hvdc_220:WSTR,2015-01-02 03:00:00,48.85790598050399
monetary,NBOR,hvdc_220:WSTR,2015-01-02 04:00:00,48.77247346261199
monetary,NBOR,hvdc_220:WSTR,2015-01-02 05:00:00,50.871342582611994
monetary,NBOR,hvdc_220:WSTR,2015-01-02 06:00:00,57.093343810452
monetary,NBOR,hvdc_220:WSTR,2015-01-02 07:00:00,54.00963780301216
monetary,NBOR,hvdc_220:WSTR,2015-01-02 08:00:00,55.793205218170534
monetary,NBOR,hvdc_220:WSTR,2015-01-02 09:00:00,61.16685388300903
monetary,NBOR,hvdc_220:WSTR,2015-01-02 10:00:00,61.74030111854044
monetary,NBOR,hvdc_220:WSTR,2015-01-02 11:00:00,60.219936076173326
monetary,NBOR,hvdc_220:WSTR,2015-01-02 12:00:00,61.52321870197151
monetary,NBOR,hvdc_220:WSTR,2015-01-02 13:00:00,62.732530809395676
monetary,NBOR,hvdc_220:WSTR,2015-01-02 14:00:00,63.54125555901154
monetary,NBOR,hvdc_220:WSTR,2015-01-02 15:00:00,65.65353424319609
monetary,NBOR,hvdc_220:WSTR,2015-01-02 16:00:00,65.63569930916506
monetary,NBOR,hvdc_220:WSTR,2015-01-02 17:00:00,65.9541499585438
monetary,NBOR,hvdc_220:WSTR,2015-01-02 18:00:00,72.30149132377424
monetary,NBOR,hvdc_220:WSTR,2015-01-02 19:00:00,66.66525660635027
monetary,NBOR,hvdc_220:WSTR,2015-01-02 20:00:00,64.04267244931502
monetary,NBOR,hvdc_220:WSTR,2015-01-02 21:00:00,65.78471267157093
monetary,NBOR,hvdc_220:WSTR,2015-01-02 22:00:00,65.96294820552
monetary,NBOR,hvdc_220:WSTR,2015-01-02 23:00:00,60.75910249074
monetary,NBOR,hvdc_220:WSTR,2015-01-03 00:00:00,53.74705780191599
monetary,NBOR,hvdc_220:WSTR,2015-01-03 01:00:00,54.85642464412083
monetary,NBOR,hvdc_220:WSTR,2015-01-03 02:00:00,55.671424247484
monetary,NBOR,hvdc_220:WSTR,2015-01-03 03:00:00,56.05637798644708
monetary,NBOR,hvdc_220:WSTR,2015-01-03 04:00:00,56.531927611331994
monetary,NBOR,hvdc_220:WSTR,2015-01-03 05:00:00,55.24745994958388
monetary,NBOR,hvdc_220:WSTR,2015-01-03 06:00:00,57.582589119191994
monetary,NBOR,hvdc_220:WSTR,2015-01-03 07:00:00,62.32969357640432
monetary,NBOR,hvdc_220:WSTR,2015-01-03 08:00:00,66.22176452837795
monetary,NBOR,hvdc_220:WSTR,2015-01-03 09:00:00,70.37520603120781
monetary,NBOR,hvdc_220:WSTR,2015-01-03 10:00:00,69.84310555435216
monetary,NBOR,hvdc_220:WSTR,2015-01-03 11:00:00,70.83365689291706
monetary,NBOR,hvdc_220:WSTR,2015-01-03 12:00:00,69.03871741237879
monetary,NBOR,hvdc_220:WSTR,2015-01-03 13:00:00,68.95062511483829
monetary,NBOR,hvdc_220:WSTR,2015-01-03 14:00:00,65.4756235225875
monetary,NBOR,hvdc_220:WSTR,2015-01-03 15:00:00,65.73291338292617
monetary,NBOR,hvdc_220:WSTR,2015-01-03 16:00:00,65.59484521785623
monetary,NBOR,hvdc_220:WSTR,2015-01-03 17:00:00,65.32993454614552
monetary,NBOR,hvdc_220:WSTR,2015-01-03 18:00:00,67.52926384107546
monetary,NBOR,hvdc_220:WSTR,2015-01-03 19:00:00,66.00780784312985
monetary,NBOR,hvdc_220:WSTR,2015-01-03 20:00:00,67.30075442564268
monetary,NBOR,hvdc_220:WSTR,2015-01-03 21:00:00,69.5683790606635
monetary,NBOR,hvdc_220:WSTR,2015-01-03 22:00:00,67.413803639868
monetary,NBOR,hvdc_220:WSTR,2015-01-03 23:00:00,62.191909455876
monetary,WSTR,L_hydro_pp,2015-01-01 00:00:00,43.41393575624435
monetary,WSTR,L_hydro_pp,2015-01-01 01:00:00,19.658598061189462
monetary,WSTR,L_hydro_pp,2015-01-01 02:00:00,14.316250663097948
monetary,WSTR,L_hydro_pp,2015-01-01 03:00:00,7.190985650257789
monetary,WSTR,L_hydro_pp,2015-01-01 04:00:00,0.0
monetary,WSTR,L_hydro_pp,2015-01-01 05:00:00,10.408652690845543
monetary,WSTR,L_hydro_pp,2015-01-01 06:00:00,3.4459935155095303
monetary,WSTR,L_hydro_pp,2015-01-01 07:00:00,6.3888804696411245
monetary,WSTR,L_hydro_pp,2015-01-01 08:00:00,17.960693035553735
monetary,WSTR,L_hydro_pp,2015-01-01 09:00:00,3.860873598169361
monetary,WSTR,L_hydro_pp,2015-01-01 10:00:00,4.328353046850593
monetary,WSTR,L_hydro_pp,2015-01-01 11:00:00,14.324234572384157
monetary,WSTR,L_hydro_pp,2015-01-01 12:00:00,13.791099020241818
monetary,WSTR,L_hydro_pp,2015-01-01 13:00:00,25.53790999950294
monetary,WSTR,L_hydro_pp,2015-01-01 14:00:00,21.184721377467913
monetary,WSTR,L_hydro_pp,2015-01-01 15:00:00,19.123719084686485
monetary,WSTR,L_hydro_pp,2015-01-01 16:00:00,26.13899388891476
monetary,WSTR,L_hydro_pp,2015-01-01 17:00:00,27.247688217897725
monetary,WSTR,L_hydro_pp,2015-01-01 18:00:00,53.22
monetary,WSTR,L_hydro_pp,2015-01-01 19:00:00,77.82000000000001
monetary,WSTR,L_hydro_pp,2015-01-01 20:00:00,81.91
monetary,WSTR,L_hydro_pp,2015-01-01 21:00:00,66.665128165635
monetary,WSTR,L_hydro_pp,2015-01-01 22:00:00,44.5149599802068
monetary,WSTR,L_hydro_pp,2015-01-01 23:00:00,13.145610945799389
monetary,WSTR,L_hydro_pp,2015-01-02 00:00:00,0.0
monetary,WSTR,L_hydro_pp,2015-01-02 01:00:00,0.0
monetary,WSTR,L_hydro_pp,2015-01-02 02:00:00,0.0
monetary,WSTR,L_hydro_pp,2015-01-02 03:00:00,0.0
monetary,WSTR,L_hydro_pp,2015-01-02 04:00:00,0.0
monetary,WSTR,L_hydro_pp,2015-01-02 05:00:00,0.0
monetary,WSTR,L_hydro_pp,2015-01-02 06:00:00,0.0
monetary,WSTR,L_hydro_pp,2015-01-02 07:00:00,0.0
monetary,WSTR,L_hydro_pp,2015-01-02 08:00:00,18.283096845690366
monetary,WSTR,L_hydro_pp,2015-01-02 09:00:00,43.252036908296084
monetary,WSTR,L_hydro_pp,2015-01-02 10:00:00,46.90838614444935
monetary,WSTR,L_hydro_pp,2015-01-02 11:00:00,42.18541829646402
monetary,WSTR,L_hydro_pp,2015-01-02 12:00:00,48.829002911126246
monetary,WSTR,L_hydro_pp,2015-01-02 13:00:00,51.68638216407702
monetary,WSTR,L_hydro_pp,2015-01-02 14:00:00,53.75545881720813
monetary,WSTR,L_hydro_pp,2015-01-02 15:00:00,57.281751004591236
monetary,WSTR,L_hydro_pp,2015-01-02 16:00:00,57.979408121242244
monetary,WSTR,L_hydro_pp,2015-01-02 17:00:00,59.36383324308373
monetary,WSTR,L_hydro_pp,2015-01-02 18:00:00,70.92
monetary,WSTR,L_hydro_pp,2015-01-02 19:00:00,82.68
monetary,WSTR,L_hydro_pp,2015-01-02 20:00:00,82.025
monetary,WSTR,L_hydro_pp,2015-01-02 21:00:00,73.33
monetary,WSTR,L_hydro_pp,2015-01-02 22:00:00,61.21879323286536
monetary,WSTR,L_hydro_pp,2015-01-02 23:00:00,48.96059813387581
monetary,WSTR,L_hydro_pp,2015-01-03 00:00:00,5.312290343232278
monetary,WSTR,L_hydro_pp,2015-01-03 01:00:00,0.0
monetary,WSTR,L_hydro_pp,2015-01-03 02:00:00,0.0
monetary,WSTR,L_hydro_pp,2015-01-03 03:00:00,0.0
monetary,WSTR,L_hydro_pp,2015-01-03 04:00:00,0.0
monetary,WSTR,L_hydro_pp,2015-01-03 05:00:00,0.0
monetary,WSTR,L_hydro_pp,2015-01-03 06:00:00,20.4450884094293
monetary,WSTR,L_hydro_pp,2015-01-03 07:00:00,40.09320121679659
monetary,WSTR,L_hydro_pp,2015-01-03 08:00:00,50.755
monetary,WSTR,L_hydro_pp,2015-01-03 09:00:00,65.825
monetary,WSTR,L_hydro_pp,2015-01-03 10:00:00,65.605
monetary,WSTR,L_hydro_pp,2015-01-03 11:00:00,66.225
monetary,WSTR,L_hydro_pp,2015-01-03 12:00:00,64.315
monetary,WSTR,L_hydro_pp,2015-01-03 13:00:00,61.88
monetary,WSTR,L_hydro_pp,2015-01-03 14:00:00,50.77215050717816
monetary,WSTR,L_hydro_pp,2015-01-03 15:00:00,51.12013387273246
monetary,WSTR,L_hydro_pp,2015-01-03 16:00:00,56.9101125126789
monetary,WSTR,L_hydro_pp,2015-01-03 17:00:00,59.763362666246714
monetary,WSTR,L_hydro_pp,2015-01-03 18:00:00,71.825
monetary,WSTR,L_hydro_pp,2015-01-03 19:00:00,83.76
monetary,WSTR,L_hydro_pp,2015-01-03 20:00:00,83.60000000000001
monetary,WSTR,L_hydro_pp,2015-01-03 21:00:00,84.54
monetary,WSTR,L_hydro_pp,2015-01-03 22:00:00,76.87
monetary,WSTR,L_hydro_pp,2015-01-03 23:00:00,53.64
monetary,WSTR,S_hydro_pp,2015-01-01 00:00:00,0.0
monetary,WSTR,S_hydro_pp,2015-01-01 01:00:00,0.0
monetary,WSTR,S_hydro_pp,2015-01-01 02:00:00,0.0
monetary,WSTR,S_hydro_pp,2015-01-01 03:00:00,0.0
monetary,WSTR,S_hydro_pp,2015-01-01 04:00:00,0.0
monetary,WSTR,S_hydro_pp,2015-01-01 05:00:00,0.0
monetary,WSTR,S_hydro_pp,2015-01-01 06:00:00,0.0
monetary,WSTR,S_hydro_pp,2015-01-01 07:00:00,0.0
monetary,WSTR,S_hydro_pp,2015-01-01 08:00:00,0.0
monetary,WSTR,S_hydro_pp,2015-01-01 09:00:00,0.0
monetary,WSTR,S_hydro_pp,2015-01-01 10:00:00,0.0
monetary,WSTR,S_hydro_pp,2015-01-01 11:00:00,0.0
monetary,WSTR,S_hydro_pp,2015-01-01 12:00:00,0.0
monetary,WSTR,S_hydro_pp,2015-01-01 13:00:00,0.0
monetary,WSTR,S_hydro_pp,2015-01-01 14:00:00,0.0
monetary,WSTR,S_hydro_pp,2015-01-01 15:00:00,0.0
monetary,WSTR,S_hydro_pp,2015-01-01 16:00:00,0.0
monetary,WSTR,S_hydro_pp,2015-01-01 17:00:00,0.0
monetary,WSTR,S_hydro_pp,2015-01-01 18:00:00,0.0
monetary,WSTR,S_hydro_pp,2015-01-01 19:00:00,0.0
monetary,WSTR,S_hydro_pp,2015-01-01 20:00:00,0.0
monetary,WSTR,S_hydro_pp,2015-01-01 21:00:00,0.0
monetary,WSTR,S_hydro_pp,2015-01-01 22:00:00,0.0
monetary,WSTR,S_hydro_pp,2015-01-01 23:00:00,0.0
monetary,WSTR,S_hydro_pp,2015-01-02 00:00:00,0.0
monetary,WSTR,S_hydro_pp,2015-01-02 01:00:00,0.0
monetary,WSTR,S_hydro_pp,2015-01-02 02:00:00,0.0
monetary,WSTR,S_hydro_pp,2015-01-02 03:00:00,0.0
monetary,WSTR,S_hydro_pp,2015-01-02 04:00:00,0.0
monetary,WSTR,S_hydro_pp,2015-01-02 05:00:00,0.0
monetary,WSTR,S_hydro_pp,2015-01-02 06:00:00,0.0
monetary,WSTR,S_hydro_pp,2015-01-02 07:00:00,0.0
monetary,WSTR,S_hydro_pp,2015-01-02 08:00:00,0.0
monetary,WSTR,S_hydro_pp,2015-01-02 09:00:00,0.0
monetary,WSTR,S_hydro_pp,2015-01-02 10:00:00,0.0
monetary,WSTR,S_hydro_pp,2015-01-02 11:00:00,0.0
monetary,WSTR,S_hydro_pp,2015-01-02 12:00:00,0.0
monetary,WSTR,S_hydro_pp,2015-01-02 13:00:00,0.0
monetary,WSTR,S_hydro_pp,2015-01-02 14:00:00,0.0
monetary,WSTR,S_hydro_pp,2015-01-02 15:00:00,0.0
monetary,WSTR,S_hydro_pp,2015-01-02 16:00:00,0.0
monetary,WSTR,S_hydro_pp,2015-01-02 17:00:00,0.0
monetary,WSTR,S_hydro_pp,2015-01-02 18:00:00,0.0
monetary,WSTR,S_hydro_pp,2015-01-02 19:00:00,0.0
monetary,WSTR,S_hydro_pp,2015-01-02 20:00:00,0.0
monetary,WSTR,S_hydro_pp,2015-01-02 21:00:00,0.0
monetary,WSTR,S_hydro_pp,2015-01-02 22:00:00,0.0
monetary,WSTR,S_hydro_pp,2015-01-02 23:00:00,0.0
monetary,WSTR,S_hydro_pp,2015-01-03 00:00:00,0.0
monetary,WSTR,S_hydro_pp,2015-01-03 01:00:00,0.0
monetary,WSTR,S_hydro_pp,2015-01-03 02:00:00,0.0
monetary,WSTR,S_hydro_pp,2015-01-03 03:00:00,0.0
monetary,WSTR,S_hydro_pp,2015-01-03 04:00:00,0.0
monetary,WSTR,S_hydro_pp,2015-01-03 05:00:00,0.0
monetary,WSTR,S_hydro_pp,2015-01-03 06:00:00,0.0
monetary,WSTR,S_hydro_pp,2015-01-03 07:00:00,0.0
monetary,WSTR,S_hydro_pp,2015-01-03 08:00:00,0.0
monetary,WSTR,S_hydro_pp,2015-01-03 09:00:00,0.0
monetary,WSTR,S_hydro_pp,2015-01-03 10:00:00,0.0
monetary,WSTR,S_hydro_pp,2015-01-03 11:00:00,0.0
monetary,WSTR,S_hydro_pp,2015-01-03 12:00:00,0.0
monetary,WSTR,S_hydro_pp,2015-01-03 13:00:00,0.0
monetary,WSTR,S_hydro_pp,2015-01-03 14:00:00,0.0
monetary,WSTR,S_hydro_pp,2015-01-03 15:00:00,0.0
monetary,WSTR,S_hydro_pp,2015-01-03 16:00:00,0.0
monetary,WSTR,S_hydro_pp,2015-01-03 17:00:00,0.0
monetary,WSTR,S_hydro_pp,2015-01-03 18:00:00,0.0
monetary,WSTR,S_hydro_pp,2015-01-03 19:00:00,0.0
monetary,WSTR,S_hydro_pp,2015-01-03 20:00:00,0.0
monetary,WSTR,S_hydro_pp,2015-01-03 21:00:00,0.0
monetary,WSTR,S_hydro_pp,2015-01-03 22:00:00,0.0
monetary,WSTR,S_hydro_pp,2015-01-03 23:00:00,0.0
monetary,WSTR,bio_pp,2015-01-01 00:00:00,0.0
monetary,WSTR,bio_pp,2015-01-01 01:00:00,0.0
monetary,WSTR,bio_pp,2015-01-01 02:00:00,0.0
monetary,WSTR,bio_pp,2015-01-01 03:00:00,0.0
monetary,WSTR,bio_pp,2015-01-01 04:00:00,0.0
monetary,WSTR,bio_pp,2015-01-01 05:00:00,0.0
monetary,WSTR,bio_pp,2015-01-01 06:00:00,0.0
monetary,WSTR,bio_pp,2015-01-01 07:00:00,0.0
monetary,WSTR,bio_pp,2015-01-01 08:00:00,0.0
monetary,WSTR,bio_pp,2015-01-01 09:00:00,0.0
monetary,WSTR,bio_pp,2015-01-01 10:00:00,0.0
monetary,WSTR,bio_pp,2015-01-01 11:00:00,0.0
monetary,WSTR,bio_pp,2015-01-01 12:00:00,0.0
monetary,WSTR,bio_pp,2015-01-01 13:00:00,0.0
monetary,WSTR,bio_pp,2015-01-01 14:00:00,0.0
monetary,WSTR,bio_pp,2015-01-01 15:00:00,0.0
monetary,WSTR,bio_pp,2015-01-01 16:00:00,0.0
monetary,WSTR,bio_pp,2015-01-01 17:00:00,0.0
monetary,WSTR,bio_pp,2015-01-01 18:00:00,105.81464370451586
monetary,WSTR,bio_pp,2015-01-01 19:00:00,275.67198490914745
monetary,WSTR,bio_pp,2015-01-01 20:00:00,181.53741021017024
monetary,WSTR,bio_pp,2015-01-01 21:00:00,0.0
monetary,WSTR,bio_pp,2015-01-01 22:00:00,0.0
monetary,WSTR,bio_pp,2015-01-01 23:00:00,0.0
monetary,WSTR,bio_pp,2015-01-02 00:00:00,0.0
monetary,WSTR,bio_pp,2015-01-02 01:00:00,0.0
monetary,WSTR,bio_pp,2015-01-02 02:00:00,0.0
monetary,WSTR,bio_pp,2015-01-02 03:00:00,0.0
monetary,WSTR,bio_pp,2015-01-02 04:00:00,0.0
monetary,WSTR,bio_pp,2015-01-02 05:00:00,0.0
monetary,WSTR,bio_pp,2015-01-02 06:00:00,0.0
monetary,WSTR,bio_pp,2015-01-02 07:00:00,0.0
monetary,WSTR,bio_pp,2015-01-02 08:00:00,0.0
monetary,WSTR,bio_pp,2015-01-02 09:00:00,0.0
monetary,WSTR,bio_pp,2015-01-02 10:00:00,0.0
monetary,WSTR,bio_pp,2015-01-02 11:00:00,0.0
monetary,WSTR,bio_pp,2015-01-02 12:00:00,0.0
monetary,WSTR,bio_pp,2015-01-02 13:00:00,0.0
monetary,WSTR,bio_pp,2015-01-02 14:00:00,0.0
monetary,WSTR,bio_pp,2015-01-02 15:00:00,0.0
monetary,WSTR,bio_pp,2015-01-02 16:00:00,0.0
monetary,WSTR,bio_pp,2015-01-02 17:00:00,0.0
monetary,WSTR,bio_pp,2015-01-02 18:00:00,309.6
monetary,WSTR,bio_pp,2015-01-02 19:00:00,309.6
monetary,WSTR,bio_pp,2015-01-02 20:00:00,309.6
monetary,WSTR,bio_pp,2015-01-02 21:00:00,309.6
monetary,WSTR,bio_pp,2015-01-02 22:00:00,0.0
monetary,WSTR,bio_pp,2015-01-02 23:00:00,0.0
monetary,WSTR,bio_pp,2015-01-03 00:00:00,0.0
monetary,WSTR,bio_pp,2015-01-03 01:00:00,0.0
monetary,WSTR,bio_pp,2015-01-03 02:00:00,0.0
monetary,WSTR,bio_pp,2015-01-03 03:00:00,0.0
monetary,WSTR,bio_pp,2015-01-03 04:00:00,0.0
monetary,WSTR,bio_pp,2015-01-03 05:00:00,0.0
monetary,WSTR,bio_pp,2015-01-03 06:00:00,0.0
monetary,WSTR,bio_pp,2015-01-03 07:00:00,0.0
monetary,WSTR,bio_pp,2015-01-03 08:00:00,243.09368845072007
monetary,WSTR,bio_pp,2015-01-03 09:00:00,309.6
monetary,WSTR,bio_pp,2015-01-03 10:00:00,309.6
monetary,WSTR,bio_pp,2015-01-03 11:00:00,309.6
monetary,WSTR,bio_pp,2015-01-03 12:00:00,309.6
monetary,WSTR,bio_pp,2015-01-03 13:00:00,238.8529140716304
monetary,WSTR,bio_pp,2015-01-03 14:00:00,0.0
monetary,WSTR,bio_pp,2015-01-03 15:00:00,0.0
monetary,WSTR,bio_pp,2015-01-03 16:00:00,0.0
monetary,WSTR,bio_pp,2015-01-03 17:00:00,0.0
monetary,WSTR,bio_pp,2015-01-03 18:00:00,132.47466439117144
monetary,WSTR,bio_pp,2015-01-03 19:00:00,309.6
monetary,WSTR,bio_pp,2015-01-03 20:00:00,309.6
monetary,WSTR,bio_pp,2015-01-03 21:00:00,309.6
monetary,WSTR,bio_pp,2015-01-03 22:00:00,30.756434155956587
monetary,WSTR,bio_pp,2015-01-03 23:00:00,65.62755921471833
monetary,WSTR,hvdc_132:MTKR,2015-01-01 00:00:00,0.0
monetary,WSTR,hvdc_132:MTKR,2015-01-01 01:00:00,0.0
monetary,WSTR,hvdc_132:MTKR,2015-01-01 02:00:00,0.0
monetary,WSTR,hvdc_132:MTKR,2015-01-01 03:00:00,0.0
monetary,WSTR,hvdc_132:MTKR,2015-01-01 04:00:00,0.0
monetary,WSTR,hvdc_132:MTKR,2015-01-01 05:00:00,0.0
monetary,WSTR,hvdc_132:MTKR,2015-01-01 06:00:00,0.0
monetary,WSTR,hvdc_132:MTKR,2015-01-01 07:00:00,0.0
monetary,WSTR,hvdc_132:MTKR,2015-01-01 08:00:00,0.0
monetary,WSTR,hvdc_132:MTKR,2015-01-01 09:00:00,0.0
monetary,WSTR,hvdc_132:MTKR,2015-01-01 10:00:00,0.0
monetary,WSTR,hvdc_132:MTKR,2015-01-01 11:00:00,0.0
monetary,WSTR,hvdc_132:MTKR,2015-01-01 12:00:00,0.0
monetary,WSTR,hvdc_132:MTKR,2015-01-01 13:00:00,0.0
monetary,WSTR,hvdc_132:MTKR,2015-01-01 14:00:00,0.0
monetary,WSTR,hvdc_132:MTKR,2015-01-01 15:00:00,0.0
monetary,WSTR,hvdc_132:MTKR,2015-01-01 16:00:00,0.0
monetary,WSTR,hvdc_132:MTKR,2015-01-01 17:00:00,0.0
monetary,WSTR,hvdc_132:MTKR,2015-01-01 18:00:00,0.0
monetary,WSTR,hvdc_132:MTKR,2015-01-01 19:00:00,0.0
monetary,WSTR,hvdc_132:MTKR,2015-01-01 20:00:00,0.0
monetary,WSTR,hvdc_132:MTKR,2015-01-01 21:00:00,0.0
monetary,WSTR,hvdc_132:MTKR,2015-01-01 22:00:00,0.0
monetary,WSTR,hvdc_132:MTKR,2015-01-01 23:00:00,0.0
monetary,WSTR,hvdc_132:MTKR,2015-01-02 00:00:00,0.0
monetary,WSTR,hvdc_132:MTKR,2015-01-02 01:00:00,0.0
monetary,WSTR,hvdc_132:MTKR,2015-01-02 02:00:00,0.0
monetary,WSTR,hvdc_132:MTKR,2015-01-02 03:00:00,0.0
monetary,WSTR,hvdc_132:MTKR,2015-01-02 04:00:00,0.0
monetary,WSTR,hvdc_132:MTKR,2015-01-02 05:00:00,0.0
monetary,WSTR,hvdc_132:MTKR,2015-01-02 06:00:00,0.0
monetary,WSTR,hvdc_132:MTKR,2015-01-02 07:00:00,0.0
monetary,WSTR,hvdc_132:MTKR,2015-01-02 08:00:00,0.0
monetary,WSTR,hvdc_132:MTKR,2015-01-02 09:00:00,0.0
monetary,WSTR,hvdc_132:MTKR,2015-01-02 10:00:00,0.0
monetary,WSTR,hvdc_132:MTKR,2015-01-02 11:00:00,0.0
monetary,WSTR,hvdc_132:MTKR,2015-01-02 12:00:00,0.0
monetary,WSTR,hvdc_132:MTKR,2015-01-02 13:00:00,0.0
monetary,WSTR,hvdc_132:MTKR,2015-01-02 14:00:00,0.0
monetary,WSTR,hvdc_132:MTKR,2015-01-02 15:00:00,0.0
monetary,WSTR,hvdc_132:MTKR,2015-01-02 16:00:00,0.0
monetary,WSTR,hvdc_132:MTKR,2015-01-02 17:00:00,0.0
monetary,WSTR,hvdc_132:MTKR,2015-01-02 18:00:00,0.0
monetary,WSTR,hvdc_132:MTKR,2015-01-02 19:00:00,0.0
monetary,WSTR,hvdc_132:MTKR,2015-01-02 20:00:00,0.0
monetary,WSTR,hvdc_132:MTKR,2015-01-02 21:00:00,0.0
monetary,WSTR,hvdc_132:MTKR,2015-01-02 22:00:00,0.0
monetary,WSTR,hvdc_132:MTKR,2015-01-02 23:00:00,0.0
monetary,WSTR,hvdc_132:MTKR,2015-01-03 00:00:00,0.0
monetary,WSTR,hvdc_132:MTKR,2015-01-03 01:00:00,0.0
monetary,WSTR,hvdc_132:MTKR,2015-01-03 02:00:00,0.0
monetary,WSTR,hvdc_132:MTKR,2015-01-03 03:00:00,0.0
monetary,WSTR,hvdc_132:MTKR,2015-01-03 04:00:00,0.0
monetary,WSTR,hvdc_132:MTKR,2015-01-03 05:00:00,0.0
monetary,WSTR,hvdc_132:MTKR,2015-01-03 06:00:00,0.0
monetary,WSTR,hvdc_132:MTKR,2015-01-03 07:00:00,0.0
monetary,WSTR,hvdc_132:MTKR,2015-01-03 08:00:00,0.0
monetary,WSTR,hvdc_132:MTKR,2015-01-03 09:00:00,0.0
monetary,WSTR,hvdc_132:MTKR,2015-01-03 10:00:00,0.0
monetary,WSTR,hvdc_132:MTKR,2015-01-03 11:00:00,0.0
monetary,WSTR,hvdc_132:MTKR,2015-01-03 12:00:00,0.0
monetary,WSTR,hvdc_132:MTKR,2015-01-03 13:00:00,0.0
monetary,WSTR,hvdc_132:MTKR,2015-01-03 14:00:00,0.0
monetary,WSTR,hvdc_132:MTKR,2015-01-03 15:00:00,0.0
monetary,WSTR,hvdc_132:MTKR,2015-01-03 16:00:00,0.0
monetary,WSTR,hvdc_132:MTKR,2015-01-03 17:00:00,0.0
monetary,WSTR,hvdc_132:MTKR,2015-01-03 18:00:00,0.0
monetary,WSTR,hvdc_132:MTKR,2015-01-03 19:00:00,0.0
monetary,WSTR,hvdc_132:MTKR,2015-01-03 20:00:00,0.0
monetary,WSTR,hvdc_132:MTKR,2015-01-03 21:00:00,0.0
monetary,WSTR,hvdc_132:MTKR,2015-01-03 22:00:00,0.0
monetary,WSTR,hvdc_132:MTKR,2015-01-03 23:00:00,0.0
monetary,WSTR,hvdc_132:NBOR,2015-01-01 00:00:00,0.0
monetary,WSTR,hvdc_132:NBOR,2015-01-01 01:00:00,0.0
monetary,WSTR,hvdc_132:NBOR,2015-01-01 02:00:00,0.0
monetary,WSTR,hvdc_132:NBOR,2015-01-01 03:00:00,0.0
monetary,WSTR,hvdc_132:NBOR,2015-01-01 04:00:00,0.0
monetary,WSTR,hvdc_132:NBOR,2015-01-01 05:00:00,0.0
monetary,WSTR,hvdc_132:NBOR,2015-01-01 06:00:00,0.0
monetary,WSTR,hvdc_132:NBOR,2015-01-01 07:00:00,0.0
monetary,WSTR,hvdc_132:NBOR,2015-01-01 08:00:00,0.0
monetary,WSTR,hvdc_132:NBOR,2015-01-01 09:00:00,0.0
monetary,WSTR,hvdc_132:NBOR,2015-01-01 10:00:00,0.0
monetary,WSTR,hvdc_132:NBOR,2015-01-01 11:00:00,0.0
monetary,WSTR,hvdc_132:NBOR,2015-01-01 12:00:00,0.0
monetary,WSTR,hvdc_132:NBOR,2015-01-01 13:00:00,0.0
monetary,WSTR,hvdc_132:NBOR,2015-01-01 14:00:00,0.0
monetary,WSTR,hvdc_132:NBOR,2015-01-01 15:00:00,0.0
monetary,WSTR,hvdc_132:NBOR,2015-01-01 16:00:00,0.0
monetary,WSTR,hvdc_132:NBOR,2015-01-01 17:00:00,0.0
monetary,WSTR,hvdc_132:NBOR,2015-01-01 18:00:00,0.0
monetary,WSTR,hvdc_132:NBOR,2015-01-01 19:00:00,0.0
monetary,WSTR,hvdc_132:NBOR,2015-01-01 20:00:00,0.0
monetary,WSTR,hvdc_132:NBOR,2015-01-01 21:00:00,0.0
monetary,WSTR,hvdc_132:NBOR,2015-01-01 22:00:00,0.0
monetary,WSTR,hvdc_132:NBOR,2015-01-01 23:00:00,0.0
monetary,WSTR,hvdc_132:NBOR,2015-01-02 00:00:00,0.0
monetary,WSTR,hvdc_132:NBOR,2015-01-02 01:00:00,0.0
monetary,WSTR,hvdc_132:NBOR,2015-01-02 02:00:00,0.0
monetary,WSTR,hvdc_132:NBOR,2015-01-02 03:00:00,0.0
monetary,WSTR,hvdc_132:NBOR,2015-01-02 04:00:00,0.0
monetary,WSTR,hvdc_132:NBOR,2015-01-02 05:00:00,0.0
monetary,WSTR,hvdc_132:NBOR,2015-01-02 06:00:00,0.0
monetary,WSTR,hvdc_132:NBOR,2015-01-02 07:00:00,0.0
monetary,WSTR,hvdc_132:NBOR,2015-01-02 08:00:00,0.0
monetary,WSTR,hvdc_132:NBOR,2015-01-02 09:00:00,0.0
monetary,WSTR,hvdc_132:NBOR,2015-01-02 10:00:00,0.0
monetary,WSTR,hvdc_132:NBOR,2015-01-02 11:00:00,0.0
monetary,WSTR,hvdc_132:NBOR,2015-01-02 12:00:00,0.0
monetary,WSTR,hvdc_132:NBOR,2015-01-02 13:00:00,0.0
monetary,WSTR,hvdc_132:NBOR,2015-01-02 14:00:00,0.0
monetary,WSTR,hvdc_132:NBOR,2015-01-02 15:00:00,0.0
monetary,WSTR,hvdc_132:NBOR,2015-01-02 16:00:00,0.0
monetary,WSTR,hvdc_132:NBOR,2015-01-02 17:00:00,0.0
monetary,WSTR,hvdc_132:NBOR,2015-01-02 18:00:00,0.0
monetary,WSTR,hvdc_132:NBOR,2015-01-02 19:00:00,0.0
monetary,WSTR,hvdc_132:NBOR,2015-01-02 20:00:00,0.0
monetary,WSTR,hvdc_132:NBOR,2015-01-02 21:00:00,0.0
monetary,WSTR,hvdc_132:NBOR,2015-01-02 22:00:00,0.0
monetary,WSTR,hvdc_132:NBOR,2015-01-02 23:00:00,0.0
monetary,WSTR,hvdc_132:NBOR,2015-01-03 00:00:00,0.0
monetary,WSTR,hvdc_132:NBOR,2015-01-03 01:00:00,0.0
monetary,WSTR,hvdc_132:NBOR,2015-01-03 02:00:00,0.0
monetary,WSTR,hvdc_132:NBOR,2015-01-03 03:00:00,0.0
monetary,WSTR,hvdc_132:NBOR,2015-01-03 04:00:00,0.0
monetary,WSTR,hvdc_132:NBOR,2015-01-03 05:00:00,0.0
monetary,WSTR,hvdc_132:NBOR,2015-01-03 06:00:00,0.0
monetary,WSTR,hvdc_132:NBOR,2015-01-03 07:00:00,0.0
monetary,WSTR,hvdc_132:NBOR,2015-01-03 08:00:00,0.0
monetary,WSTR,hvdc_132:NBOR,2015-01-03 09:00:00,0.0
monetary,WSTR,hvdc_132:NBOR,2015-01-03 10:00:00,0.0
monetary,WSTR,hvdc_132:NBOR,2015-01-03 11:00:00,0.0
monetary,WSTR,hvdc_132:NBOR,2015-01-03 12:00:00,0.0
monetary,WSTR,hvdc_132:NBOR,2015-01-03 13:00:00,0.0
monetary,WSTR,hvdc_132:NBOR,2015-01-03 14:00:00,0.0
monetary,WSTR,hvdc_132:NBOR,2015-01-03 15:00:00,0.0
monetary,WSTR,hvdc_132:NBOR,2015-01-03 16:00:00,0.0
monetary,WSTR,hvdc_132:NBOR,2015-01-03 17:00:00,0.0
monetary,WSTR,hvdc_132:NBOR,2015-01-03 18:00:00,0.0
monetary,WSTR,hvdc_132:NBOR,2015-01-03 19:00:00,0.0
monetary,WSTR,hvdc_132:NBOR,2015-01-03 20:00:00,0.0
monetary,WSTR,hvdc_132:NBOR,2015-01-03 21:00:00,0.0
monetary,WSTR,hvdc_132:NBOR,2015-01-03 22:00:00,0.0
monetary,WSTR,hvdc_132:NBOR,2015-01-03 23:00:00,0.0
monetary,WSTR,hvdc_220:NBOR,2015-01-01 00:00:00,0.0
monetary,WSTR,hvdc_220:NBOR,2015-01-01 01:00:00,0.0
monetary,WSTR,hvdc_220:NBOR,2015-01-01 02:00:00,0.0
monetary,WSTR,hvdc_220:NBOR,2015-01-01 03:00:00,0.0
monetary,WSTR,hvdc_220:NBOR,2015-01-01 04:00:00,0.0
monetary,WSTR,hvdc_220:NBOR,2015-01-01 05:00:00,0.0
monetary,WSTR,hvdc_220:NBOR,2015-01-01 06:00:00,0.0
monetary,WSTR,hvdc_220:NBOR,2015-01-01 07:00:00,0.0
monetary,WSTR,hvdc_220:NBOR,2015-01-01 08:00:00,0.0
monetary,WSTR,hvdc_220:NBOR,2015-01-01 09:00:00,0.0
monetary,WSTR,hvdc_220:NBOR,2015-01-01 10:00:00,0.0
monetary,WSTR,hvdc_220:NBOR,2015-01-01 11:00:00,0.0
monetary,WSTR,hvdc_220:NBOR,2015-01-01 12:00:00,0.0
monetary,WSTR,hvdc_220:NBOR,2015-01-01 13:00:00,0.0
monetary,WSTR,hvdc_220:NBOR,2015-01-01 14:00:00,0.0
monetary,WSTR,hvdc_220:NBOR,2015-01-01 15:00:00,0.0
monetary,WSTR,hvdc_220:NBOR,2015-01-01 16:00:00,0.0
monetary,WSTR,hvdc_220:NBOR,2015-01-01 17:00:00,0.0
monetary,WSTR,hvdc_220:NBOR,2015-01-01 18:00:00,0.0
monetary,WSTR,hvdc_220:NBOR,2015-01-01 19:00:00,0.0
monetary,WSTR,hvdc_220:NBOR,2015-01-01 20:00:00,0.0
monetary,WSTR,hvdc_220:NBOR,2015-01-01 21:00:00,0.0
monetary,WSTR,hvdc_220:NBOR,2015-01-01 22:00:00,0.0
monetary,WSTR,hvdc_220:NBOR,2015-01-01 23:00:00,0.0
monetary,WSTR,hvdc_220:NBOR,2015-01-02 00:00:00,0.0
monetary,WSTR,hvdc_220:NBOR,2015-01-02 01:00:00,0.0
monetary,WSTR,hvdc_220:NBOR,2015-01-02 02:00:00,0.0
monetary,WSTR,hvdc_220:NBOR,2015-01-02 03:00:00,0.0
monetary,WSTR,hvdc_220:NBOR,2015-01-02 04:00:00,0.0
monetary,WSTR,hvdc_220:NBOR,2015-01-02 05:00:00,0.0
monetary,WSTR,hvdc_220:NBOR,2015-01-02 06:00:00,0.0
monetary,WSTR,hvdc_220:NBOR,2015-01-02 07:00:00,0.0
monetary,WSTR,hvdc_220:NBOR,2015-01-02 08:00:00,0.0
monetary,WSTR,hvdc_220:NBOR,2015-01-02 09:00:00,0.0
monetary,WSTR,hvdc_220:NBOR,2015-01-02 10:00:00,0.0
monetary,WSTR,hvdc_220:NBOR,2015-01-02 11:00:00,0.0
monetary,WSTR,hvdc_220:NBOR,2015-01-02 12:00:00,0.0
monetary,WSTR,hvdc_220:NBOR,2015-01-02 13:00:00,0.0
monetary,WSTR,hvdc_220:NBOR,2015-01-02 14:00:00,0.0
monetary,WSTR,hvdc_220:NBOR,2015-01-02 15:00:00,0.0
monetary,WSTR,hvdc_220:NBOR,2015-01-02 16:00:00,0.0
monetary,WSTR,hvdc_220:NBOR,2015-01-02 17:00:00,0.0
monetary,WSTR,hvdc_220:NBOR,2015-01-02 18:00:00,0.0
monetary,WSTR,hvdc_220:NBOR,2015-01-02 19:00:00,0.0
monetary,WSTR,hvdc_220:NBOR,2015-01-02 20:00:00,0.0
monetary,WSTR,hvdc_220:NBOR,2015-01-02 21:00:00,0.0
monetary,WSTR,hvdc_220:NBOR,2015-01-02 22:00:00,0.0
monetary,WSTR,hvdc_220:NBOR,2015-01-02 23:00:00,0.0
monetary,WSTR,hvdc_220:NBOR,2015-01-03 00:00:00,0.0
monetary,WSTR,hvdc_220:NBOR,2015-01-03 01:00:00,0.0
monetary,WSTR,hvdc_220:NBOR,2015-01-03 02:00:00,0.0
monetary,WSTR,hvdc_220:NBOR,2015-01-03 03:00:00,0.0
monetary,WSTR,hvdc_220:NBOR,2015-01-03 04:00:00,0.0
monetary,WSTR,hvdc_220:NBOR,2015-01-03 05:00:00,0.0
monetary,WSTR,hvdc_220:NBOR,2015-01-03 06:00:00,0.0
monetary,WSTR,hvdc_220:NBOR,2015-01-03 07:00:00,0.0
monetary,WSTR,hvdc_220:NBOR,2015-01-03 08:00:00,0.0
monetary,WSTR,hvdc_220:NBOR,2015-01-03 09:00:00,0.0
monetary,WSTR,hvdc_220:NBOR,2015-01-03 10:00:00,0.0
monetary,WSTR,hvdc_220:NBOR,2015-01-03 11:00:00,0.0
monetary,WSTR,hvdc_220:NBOR,2015-01-03 12:00:00,0.0
monetary,WSTR,hvdc_220:NBOR,2015-01-03 13:00:00,0.0
monetary,WSTR,hvdc_220:NBOR,2015-01-03 14:00:00,0.0
monetary,WSTR,hvdc_220:NBOR,2015-01-03 15:00:00,0.0
monetary,WSTR,hvdc_220:NBOR,2015-01-03 16:00:00,0.0
monetary,WSTR,hvdc_220:NBOR,2015-01-03 17:00:00,0.0
monetary,WSTR,hvdc_220:NBOR,2015-01-03 18:00:00,0.0
monetary,WSTR,hvdc_220:NBOR,2015-01-03 19:00:00,0.0
monetary,WSTR,hvdc_220:NBOR,2015-01-03 20:00:00,0.0
monetary,WSTR,hvdc_220:NBOR,2015-01-03 21:00:00,0.0
monetary,WSTR,hvdc_220:NBOR,2015-01-03 22:00:00,0.0
monetary,WSTR,hvdc_220:NBOR,2015-01-03 23:00:00,0.0
