carriers,nodes,techs,timesteps,carrier_con
power,CSTR,demand_power,2015-01-01 00:00:00,-176970.0
power,CSTR,demand_power,2015-01-01 01:00:00,-181620.0
power,CSTR,demand_power,2015-01-01 02:00:00,-178760.0
power,CSTR,demand_power,2015-01-01 03:00:00,-174245.0
power,CSTR,demand_power,2015-01-01 04:00:00,-169545.0
power,CSTR,demand_power,2015-01-01 05:00:00,-167510.0
power,CSTR,demand_power,2015-01-01 06:00:00,-160635.0
power,CSTR,demand_power,2015-01-01 07:00:00,-157615.0
power,CSTR,demand_power,2015-01-01 08:00:00,-169725.0
power,CSTR,demand_power,2015-01-01 09:00:00,-173660.0
power,CSTR,demand_power,2015-01-01 10:00:00,-171065.0
power,CSTR,demand_power,2015-01-01 11:00:00,-168910.0
power,CSTR,demand_power,2015-01-01 12:00:00,-165000.0
power,CSTR,demand_power,2015-01-01 13:00:00,-165100.0
power,CSTR,demand_power,2015-01-01 14:00:00,-164510.0
power,CSTR,demand_power,2015-01-01 15:00:00,-168080.0
power,CSTR,demand_power,2015-01-01 16:00:00,-165835.0
power,CSTR,demand_power,2015-01-01 17:00:00,-161625.0
power,CSTR,demand_power,2015-01-01 18:00:00,-176680.0
power,CSTR,demand_power,2015-01-01 19:00:00,-202400.0
power,CSTR,demand_power,2015-01-01 20:00:00,-205495.0
power,CSTR,demand_power,2015-01-01 21:00:00,-200575.0
power,CSTR,demand_power,2015-01-01 22:00:00,-178875.0
power,CSTR,demand_power,2015-01-01 23:00:00,-156660.0
power,CSTR,demand_power,2015-01-02 00:00:00,-160265.0
power,CSTR,demand_power,2015-01-02 01:00:00,-162880.0
power,CSTR,demand_power,2015-01-02 02:00:00,-162140.0
power,CSTR,demand_power,2015-01-02 03:00:00,-155025.0
power,CSTR,demand_power,2015-01-02 04:00:00,-154290.0
power,CSTR,demand_power,2015-01-02 05:00:00,-149475.0
power,CSTR,demand_power,2015-01-02 06:00:00,-146865.0
power,CSTR,demand_power,2015-01-02 07:00:00,-156985.0
power,CSTR,demand_power,2015-01-02 08:00:00,-177410.0
power,CSTR,demand_power,2015-01-02 09:00:00,-185000.0
power,CSTR,demand_power,2015-01-02 10:00:00,-190750.0
power,CSTR,demand_power,2015-01-02 11:00:00,-191045.0
power,CSTR,demand_power,2015-01-02 12:00:00,-188710.0
power,CSTR,demand_power,2015-01-02 13:00:00,-188665.0
power,CSTR,demand_power,2015-01-02 14:00:00,-187555.0
power,CSTR,demand_power,2015-01-02 15:00:00,-187920.0
power,CSTR,demand_power,2015-01-02 16:00:00,-190085.0
power,CSTR,demand_power,2015-01-02 17:00:00,-188250.0
power,CSTR,demand_power,2015-01-02 18:00:00,-194235.0
power,CSTR,demand_power,2015-01-02 19:00:00,-221545.0
power,CSTR,demand_power,2015-01-02 20:00:00,-217550.0
power,CSTR,demand_power,2015-01-02 21:00:00,-215880.0
power,CSTR,demand_power,2015-01-02 22:00:00,-201660.0
power,CSTR,demand_power,2015-01-02 23:00:00,-188015.0
power,CSTR,demand_power,2015-01-03 00:00:00,-159980.0
power,CSTR,demand_power,2015-01-03 01:00:00,-153050.0
power,CSTR,demand_power,2015-01-03 02:00:00,-147200.0
power,CSTR,demand_power,2015-01-03 03:00:00,-146820.0
power,CSTR,demand_power,2015-01-03 04:00:00,-144990.0
power,CSTR,demand_power,2015-01-03 05:00:00,-146325.0
power,CSTR,demand_power,2015-01-03 06:00:00,-138710.0
power,CSTR,demand_power,2015-01-03 07:00:00,-150720.0
power,CSTR,demand_power,2015-01-03 08:00:00,-166110.0
power,CSTR,demand_power,2015-01-03 09:00:00,-175160.0
power,CSTR,demand_power,2015-01-03 10:00:00,-181725.0
power,CSTR,demand_power,2015-01-03 11:00:00,-180765.0
power,CSTR,demand_power,2015-01-03 12:00:00,-180465.0
power,CSTR,demand_power,2015-01-03 13:00:00,-174090.0
power,CSTR,demand_power,2015-01-03 14:00:00,-159905.0
power,CSTR,demand_power,2015-01-03 15:00:00,-167530.0
power,CSTR,demand_power,2015-01-03 16:00:00,-165640.0
power,CSTR,demand_power,2015-01-03 17:00:00,-164085.0
power,CSTR,demand_power,2015-01-03 18:00:00,-173030.0
power,CSTR,demand_power,2015-01-03 19:00:00,-199705.0
power,CSTR,demand_power,2015-01-03 20:00:00,-202735.0
power,CSTR,demand_power,2015-01-03 21:00:00,-194145.0
power,CSTR,demand_power,2015-01-03 22:00:00,-187665.0
power,CSTR,demand_power,2015-01-03 23:00:00,-169550.0
power,CSTR,hvdc_132:MTKR,2015-01-01 00:00:00,0.0
power,CSTR,hvdc_132:MTKR,2015-01-01 01:00:00,0.0
power,CSTR,hvdc_132:MTKR,2015-01-01 02:00:00,0.0
power,CSTR,hvdc_132:MTKR,2015-01-01 03:00:00,0.0
power,CSTR,hvdc_132:MTKR,2015-01-01 04:00:00,0.0
power,CSTR,hvdc_132:MTKR,2015-01-01 05:00:00,0.0
power,CSTR,hvdc_132:MTKR,2015-01-01 06:00:00,0.0
power,CSTR,hvdc_132:MTKR,2015-01-01 07:00:00,0.0
power,CSTR,hvdc_132:MTKR,2015-01-01 08:00:00,0.0
power,CSTR,hvdc_132:MTKR,2015-01-01 09:00:00,0.0
power,CSTR,hvdc_132:MTKR,2015-01-01 10:00:00,0.0
power,CSTR,hvdc_132:MTKR,2015-01-01 11:00:00,0.0
power,CSTR,hvdc_132:MTKR,2015-01-01 12:00:00,0.0
power,CSTR,hvdc_132:MTKR,2015-01-01 13:00:00,0.0
power,CSTR,hvdc_132:MTKR,2015-01-01 14:00:00,0.0
power,CSTR,hvdc_132:MTKR,2015-01-01 15:00:00,0.0
power,CSTR,hvdc_132:MTKR,2015-01-01 16:00:00,0.0
power,CSTR,hvdc_132:MTKR,2015-01-01 17:00:00,0.0
power,CSTR,hvdc_132:MTKR,2015-01-01 18:00:00,0.0
power,CSTR,hvdc_132:MTKR,2015-01-01 19:00:00,0.0
power,CSTR,hvdc_132:MTKR,2015-01-01 20:00:00,0.0
power,CSTR,hvdc_132:MTKR,2015-01-01 21:00:00,0.0
power,CSTR,hvdc_132:MTKR,2015-01-01 22:00:00,0.0
power,CSTR,hvdc_132:MTKR,2015-01-01 23:00:00,0.0
power,CSTR,hvdc_132:MTKR,2015-01-02 00:00:00,0.0
power,CSTR,hvdc_132:MTKR,2015-01-02 01:00:00,0.0
power,CSTR,hvdc_132:MTKR,2015-01-02 02:00:00,0.0
power,CSTR,hvdc_132:MTKR,2015-01-02 03:00:00,0.0
power,CSTR,hvdc_132:MTKR,2015-01-02 04:00:00,0.0
power,CSTR,hvdc_132:MTKR,2015-01-02 05:00:00,0.0
power,CSTR,hvdc_132:MTKR,2015-01-02 06:00:00,0.0
power,CSTR,hvdc_132:MTKR,2015-01-02 07:00:00,0.0
power,CSTR,hvdc_132:MTKR,2015-01-02 08:00:00,0.0
power,CSTR,hvdc_132:MTKR,2015-01-02 09:00:00,0.0
power,CSTR,hvdc_132:MTKR,2015-01-02 10:00:00,0.0
power,CSTR,hvdc_132:MTKR,2015-01-02 11:00:00,0.0
power,CSTR,hvdc_132:MTKR,2015-01-02 12:00:00,0.0
power,CSTR,hvdc_132:MTKR,2015-01-02 13:00:00,0.0
power,CSTR,hvdc_132:MTKR,2015-01-02 14:00:00,0.0
power,CSTR,hvdc_132:MTKR,2015-01-02 15:00:00,0.0
power,CSTR,hvdc_132:MTKR,2015-01-02 16:00:00,0.0
power,CSTR,hvdc_132:MTKR,2015-01-02 17:00:00,0.0
power,CSTR,hvdc_132:MTKR,2015-01-02 18:00:00,0.0
power,CSTR,hvdc_132:MTKR,2015-01-02 19:00:00,0.0
power,CSTR,hvdc_132:MTKR,2015-01-02 20:00:00,0.0
power,CSTR,hvdc_132:MTKR,2015-01-02 21:00:00,0.0
power,CSTR,hvdc_132:MTKR,2015-01-02 22:00:00,0.0
power,CSTR,hvdc_132:MTKR,2015-01-02 23:00:00,0.0
power,CSTR,hvdc_132:MTKR,2015-01-03 00:00:00,0.0
power,CSTR,hvdc_132:MTKR,2015-01-03 01:00:00,0.0
power,CSTR,hvdc_132:MTKR,2015-01-03 02:00:00,0.0
power,CSTR,hvdc_132:MTKR,2015-01-03 03:00:00,0.0
power,CSTR,hvdc_132:MTKR,2015-01-03 04:00:00,0.0
power,CSTR,hvdc_132:MTKR,2015-01-03 05:00:00,0.0
power,CSTR,hvdc_132:MTKR,2015-01-03 06:00:00,0.0
power,CSTR,hvdc_132:MTKR,2015-01-03 07:00:00,0.0
power,CSTR,hvdc_132:MTKR,2015-01-03 08:00:00,0.0
power,CSTR,hvdc_132:MTKR,2015-01-03 09:00:00,0.0
power,CSTR,hvdc_132:MTKR,2015-01-03 10:00:00,0.0
power,CSTR,hvdc_132:MTKR,2015-01-03 11:00:00,0.0
power,CSTR,hvdc_132:MTKR,2015-01-03 12:00:00,0.0
power,CSTR,hvdc_132:MTKR,2015-01-03 13:00:00,0.0
power,CSTR,hvdc_132:MTKR,2015-01-03 14:00:00,0.0
power,CSTR,hvdc_132:MTKR,2015-01-03 15:00:00,0.0
power,CSTR,hvdc_132:MTKR,2015-01-03 16:00:00,0.0
power,CSTR,hvdc_132:MTKR,2015-01-03 17:00:00,0.0
power,CSTR,hvdc_132:MTKR,2015-01-03 18:00:00,0.0
power,CSTR,hvdc_132:MTKR,2015-01-03 19:00:00,0.0
power,CSTR,hvdc_132:MTKR,2015-01-03 20:00:00,0.0
power,CSTR,hvdc_132:MTKR,2015-01-03 21:00:00,0.0
power,CSTR,hvdc_132:MTKR,2015-01-03 22:00:00,0.0
power,CSTR,hvdc_132:MTKR,2015-01-03 23:00:00,0.0
power,CSTR,hvdc_132:NBOR,2015-01-01 00:00:00,0.0
power,CSTR,hvdc_132:NBOR,2015-01-01 01:00:00,0.0
power,CSTR,hvdc_132:NBOR,2015-01-01 02:00:00,0.0
power,CSTR,hvdc_132:NBOR,2015-01-01 03:00:00,0.0
power,CSTR,hvdc_132:NBOR,2015-01-01 04:00:00,0.0
power,CSTR,hvdc_132:NBOR,2015-01-01 05:00:00,0.0
power,CSTR,hvdc_132:NBOR,2015-01-01 06:00:00,0.0
power,CSTR,hvdc_132:NBOR,2015-01-01 07:00:00,0.0
power,CSTR,hvdc_132:NBOR,2015-01-01 08:00:00,0.0
power,CSTR,hvdc_132:NBOR,2015-01-01 09:00:00,0.0
power,CSTR,hvdc_132:NBOR,2015-01-01 10:00:00,0.0
power,CSTR,hvdc_132:NBOR,2015-01-01 11:00:00,0.0
power,CSTR,hvdc_132:NBOR,2015-01-01 12:00:00,0.0
power,CSTR,hvdc_132:NBOR,2015-01-01 13:00:00,0.0
power,CSTR,hvdc_132:NBOR,2015-01-01 14:00:00,0.0
power,CSTR,hvdc_132:NBOR,2015-01-01 15:00:00,0.0
power,CSTR,hvdc_132:NBOR,2015-01-01 16:00:00,0.0
power,CSTR,hvdc_132:NBOR,2015-01-01 17:00:00,0.0
power,CSTR,hvdc_132:NBOR,2015-01-01 18:00:00,0.0
power,CSTR,hvdc_132:NBOR,2015-01-01 19:00:00,0.0
power,CSTR,hvdc_132:NBOR,2015-01-01 20:00:00,0.0
power,CSTR,hvdc_132:NBOR,2015-01-01 21:00:00,0.0
power,CSTR,hvdc_132:NBOR,2015-01-01 22:00:00,0.0
power,CSTR,hvdc_132:NBOR,2015-01-01 23:00:00,0.0
power,CSTR,hvdc_132:NBOR,2015-01-02 00:00:00,0.0
power,CSTR,hvdc_132:NBOR,2015-01-02 01:00:00,0.0
power,CSTR,hvdc_132:NBOR,2015-01-02 02:00:00,0.0
power,CSTR,hvdc_132:NBOR,2015-01-02 03:00:00,0.0
power,CSTR,hvdc_132:NBOR,2015-01-02 04:00:00,0.0
power,CSTR,hvdc_132:NBOR,2015-01-02 05:00:00,0.0
power,CSTR,hvdc_132:NBOR,2015-01-02 06:00:00,0.0
power,CSTR,hvdc_132:NBOR,2015-01-02 07:00:00,0.0
power,CSTR,hvdc_132:NBOR,2015-01-02 08:00:00,0.0
power,CSTR,hvdc_132:NBOR,2015-01-02 09:00:00,0.0
power,CSTR,hvdc_132:NBOR,2015-01-02 10:00:00,0.0
power,CSTR,hvdc_132:NBOR,2015-01-02 11:00:00,0.0
power,CSTR,hvdc_132:NBOR,2015-01-02 12:00:00,0.0
power,CSTR,hvdc_132:NBOR,2015-01-02 13:00:00,0.0
power,CSTR,hvdc_132:NBOR,2015-01-02 14:00:00,0.0
power,CSTR,hvdc_132:NBOR,2015-01-02 15:00:00,0.0
power,CSTR,hvdc_132:NBOR,2015-01-02 16:00:00,0.0
power,CSTR,hvdc_132:NBOR,2015-01-02 17:00:00,0.0
power,CSTR,hvdc_132:NBOR,2015-01-02 18:00:00,0.0
power,CSTR,hvdc_132:NBOR,2015-01-02 19:00:00,0.0
power,CSTR,hvdc_132:NBOR,2015-01-02 20:00:00,0.0
power,CSTR,hvdc_132:NBOR,2015-01-02 21:00:00,0.0
power,CSTR,hvdc_132:NBOR,2015-01-02 22:00:00,0.0
power,CSTR,hvdc_132:NBOR,2015-01-02 23:00:00,0.0
power,CSTR,hvdc_132:NBOR,2015-01-03 00:00:00,0.0
power,CSTR,hvdc_132:NBOR,2015-01-03 01:00:00,0.0
power,CSTR,hvdc_132:NBOR,2015-01-03 02:00:00,0.0
power,CSTR,hvdc_132:NBOR,2015-01-03 03:00:00,0.0
power,CSTR,hvdc_132:NBOR,2015-01-03 04:00:00,0.0
power,CSTR,hvdc_132:NBOR,2015-01-03 05:00:00,0.0
power,CSTR,hvdc_132:NBOR,2015-01-03 06:00:00,0.0
power,CSTR,hvdc_132:NBOR,2015-01-03 07:00:00,0.0
power,CSTR,hvdc_132:NBOR,2015-01-03 08:00:00,0.0
power,CSTR,hvdc_132:NBOR,2015-01-03 09:00:00,0.0
power,CSTR,hvdc_132:NBOR,2015-01-03 10:00:00,0.0
power,CSTR,hvdc_132:NBOR,2015-01-03 11:00:00,0.0
power,CSTR,hvdc_132:NBOR,2015-01-03 12:00:00,0.0
power,CSTR,hvdc_132:NBOR,2015-01-03 13:00:00,0.0
power,CSTR,hvdc_132:NBOR,2015-01-03 14:00:00,0.0
power,CSTR,hvdc_132:NBOR,2015-01-03 15:00:00,0.0
power,CSTR,hvdc_132:NBOR,2015-01-03 16:00:00,0.0
power,CSTR,hvdc_132:NBOR,2015-01-03 17:00:00,0.0
power,CSTR,hvdc_132:NBOR,2015-01-03 18:00:00,0.0
power,CSTR,hvdc_132:NBOR,2015-01-03 19:00:00,0.0
power,CSTR,hvdc_132:NBOR,2015-01-03 20:00:00,0.0
power,CSTR,hvdc_132:NBOR,2015-01-03 21:00:00,0.0
power,CSTR,hvdc_132:NBOR,2015-01-03 22:00:00,0.0
power,CSTR,hvdc_132:NBOR,2015-01-03 23:00:00,0.0
power,CSTR,hvdc_220:MTKR,2015-01-01 00:00:00,0.0
power,CSTR,hvdc_220:MTKR,2015-01-01 01:00:00,0.0
power,CSTR,hvdc_220:MTKR,2015-01-01 02:00:00,0.0
power,CSTR,hvdc_220:MTKR,2015-01-01 03:00:00,0.0
power,CSTR,hvdc_220:MTKR,2015-01-01 04:00:00,0.0
power,CSTR,hvdc_220:MTKR,2015-01-01 05:00:00,0.0
power,CSTR,hvdc_220:MTKR,2015-01-01 06:00:00,0.0
power,CSTR,hvdc_220:MTKR,2015-01-01 07:00:00,0.0
power,CSTR,hvdc_220:MTKR,2015-01-01 08:00:00,0.0
power,CSTR,hvdc_220:MTKR,2015-01-01 09:00:00,0.0
power,CSTR,hvdc_220:MTKR,2015-01-01 10:00:00,0.0
power,CSTR,hvdc_220:MTKR,2015-01-01 11:00:00,0.0
power,CSTR,hvdc_220:MTKR,2015-01-01 12:00:00,0.0
power,CSTR,hvdc_220:MTKR,2015-01-01 13:00:00,0.0
power,CSTR,hvdc_220:MTKR,2015-01-01 14:00:00,0.0
power,CSTR,hvdc_220:MTKR,2015-01-01 15:00:00,0.0
power,CSTR,hvdc_220:MTKR,2015-01-01 16:00:00,0.0
power,CSTR,hvdc_220:MTKR,2015-01-01 17:00:00,0.0
power,CSTR,hvdc_220:MTKR,2015-01-01 18:00:00,0.0
power,CSTR,hvdc_220:MTKR,2015-01-01 19:00:00,0.0
power,CSTR,hvdc_220:MTKR,2015-01-01 20:00:00,0.0
power,CSTR,hvdc_220:MTKR,2015-01-01 21:00:00,0.0
power,CSTR,hvdc_220:MTKR,2015-01-01 22:00:00,0.0
power,CSTR,hvdc_220:MTKR,2015-01-01 23:00:00,0.0
power,CSTR,hvdc_220:MTKR,2015-01-02 00:00:00,0.0
power,CSTR,hvdc_220:MTKR,2015-01-02 01:00:00,0.0
power,CSTR,hvdc_220:MTKR,2015-01-02 02:00:00,0.0
power,CSTR,hvdc_220:MTKR,2015-01-02 03:00:00,0.0
power,CSTR,hvdc_220:MTKR,2015-01-02 04:00:00,0.0
power,CSTR,hvdc_220:MTKR,2015-01-02 05:00:00,0.0
power,CSTR,hvdc_220:MTKR,2015-01-02 06:00:00,0.0
power,CSTR,hvdc_220:MTKR,2015-01-02 07:00:00,0.0
power,CSTR,hvdc_220:MTKR,2015-01-02 08:00:00,0.0
power,CSTR,hvdc_220:MTKR,2015-01-02 09:00:00,0.0
power,CSTR,hvdc_220:MTKR,2015-01-02 10:00:00,0.0
power,CSTR,hvdc_220:MTKR,2015-01-02 11:00:00,0.0
power,CSTR,hvdc_220:MTKR,2015-01-02 12:00:00,0.0
power,CSTR,hvdc_220:MTKR,2015-01-02 13:00:00,0.0
power,CSTR,hvdc_220:MTKR,2015-01-02 14:00:00,0.0
power,CSTR,hvdc_220:MTKR,2015-01-02 15:00:00,0.0
power,CSTR,hvdc_220:MTKR,2015-01-02 16:00:00,0.0
power,CSTR,hvdc_220:MTKR,2015-01-02 17:00:00,0.0
power,CSTR,hvdc_220:MTKR,2015-01-02 18:00:00,0.0
power,CSTR,hvdc_220:MTKR,2015-01-02 19:00:00,0.0
power,CSTR,hvdc_220:MTKR,2015-01-02 20:00:00,0.0
power,CSTR,hvdc_220:MTKR,2015-01-02 21:00:00,0.0
power,CSTR,hvdc_220:MTKR,2015-01-02 22:00:00,0.0
power,CSTR,hvdc_220:MTKR,2015-01-02 23:00:00,0.0
power,CSTR,hvdc_220:MTKR,2015-01-03 00:00:00,0.0
power,CSTR,hvdc_220:MTKR,2015-01-03 01:00:00,0.0
power,CSTR,hvdc_220:MTKR,2015-01-03 02:00:00,0.0
power,CSTR,hvdc_220:MTKR,2015-01-03 03:00:00,0.0
power,CSTR,hvdc_220:MTKR,2015-01-03 04:00:00,0.0
power,CSTR,hvdc_220:MTKR,2015-01-03 05:00:00,0.0
power,CSTR,hvdc_220:MTKR,2015-01-03 06:00:00,0.0
power,CSTR,hvdc_220:MTKR,2015-01-03 07:00:00,0.0
power,CSTR,hvdc_220:MTKR,2015-01-03 08:00:00,0.0
power,CSTR,hvdc_220:MTKR,2015-01-03 09:00:00,0.0
power,CSTR,hvdc_220:MTKR,2015-01-03 10:00:00,0.0
power,CSTR,hvdc_220:MTKR,2015-01-03 11:00:00,0.0
power,CSTR,hvdc_220:MTKR,2015-01-03 12:00:00,0.0
power,CSTR,hvdc_220:MTKR,2015-01-03 13:00:00,0.0
power,CSTR,hvdc_220:MTKR,2015-01-03 14:00:00,0.0
power,CSTR,hvdc_220:MTKR,2015-01-03 15:00:00,0.0
power,CSTR,hvdc_220:MTKR,2015-01-03 16:00:00,0.0
power,CSTR,hvdc_220:MTKR,2015-01-03 17:00:00,0.0
power,CSTR,hvdc_220:MTKR,2015-01-03 18:00:00,0.0
power,CSTR,hvdc_220:MTKR,2015-01-03 19:00:00,0.0
power,CSTR,hvdc_220:MTKR,2015-01-03 20:00:00,0.0
power,CSTR,hvdc_220:MTKR,2015-01-03 21:00:00,0.0
power,CSTR,hvdc_220:MTKR,2015-01-03 22:00:00,0.0
power,CSTR,hvdc_220:MTKR,2015-01-03 23:00:00,0.0
power,MTKR,demand_power,2015-01-01 00:00:00,-83342.20833
power,MTKR,demand_power,2015-01-01 01:00:00,-78188.20833
power,MTKR,demand_power,2015-01-01 02:00:00,-72696.20833
power,MTKR,demand_power,2015-01-01 03:00:00,-70681.20833
power,MTKR,demand_power,2015-01-01 04:00:00,-69368.20833
power,MTKR,demand_power,2015-01-01 05:00:00,-72553.20833
power,MTKR,demand_power,2015-01-01 06:00:00,-75391.20833
power,MTKR,demand_power,2015-01-01 07:00:00,-76178.20833
power,MTKR,demand_power,2015-01-01 08:00:00,-84927.20833
power,MTKR,demand_power,2015-01-01 09:00:00,-87777.20833
power,MTKR,demand_power,2015-01-01 10:00:00,-92127.20833
power,MTKR,demand_power,2015-01-01 11:00:00,-89383.20833
power,MTKR,demand_power,2015-01-01 12:00:00,-89027.20833
power,MTKR,demand_power,2015-01-01 13:00:00,-88837.20833
power,MTKR,demand_power,2015-01-01 14:00:00,-86737.20833
power,MTKR,demand_power,2015-01-01 15:00:00,-84136.20833
power,MTKR,demand_power,2015-01-01 16:00:00,-82235.20833
power,MTKR,demand_power,2015-01-01 17:00:00,-80063.20833
power,MTKR,demand_power,2015-01-01 18:00:00,-94639.20833
power,MTKR,demand_power,2015-01-01 19:00:00,-122837.2083
power,MTKR,demand_power,2015-01-01 20:00:00,-126453.2083
power,MTKR,demand_power,2015-01-01 21:00:00,-118705.2083
power,MTKR,demand_power,2015-01-01 22:00:00,-97205.20833
power,MTKR,demand_power,2015-01-01 23:00:00,-76995.20833
power,MTKR,demand_power,2015-01-02 00:00:00,-65756.0
power,MTKR,demand_power,2015-01-02 01:00:00,-60114.0
power,MTKR,demand_power,2015-01-02 02:00:00,-58579.0
power,MTKR,demand_power,2015-01-02 03:00:00,-58713.0
power,MTKR,demand_power,2015-01-02 04:00:00,-59556.0
power,MTKR,demand_power,2015-01-02 05:00:00,-62992.0
power,MTKR,demand_power,2015-01-02 06:00:00,-69347.0
power,MTKR,demand_power,2015-01-02 07:00:00,-80224.0
power,MTKR,demand_power,2015-01-02 08:00:00,-87775.0
power,MTKR,demand_power,2015-01-02 09:00:00,-92126.0
power,MTKR,demand_power,2015-01-02 10:00:00,-93626.0
power,MTKR,demand_power,2015-01-02 11:00:00,-92076.0
power,MTKR,demand_power,2015-01-02 12:00:00,-94208.0
power,MTKR,demand_power,2015-01-02 13:00:00,-93206.0
power,MTKR,demand_power,2015-01-02 14:00:00,-92254.0
power,MTKR,demand_power,2015-01-02 15:00:00,-95504.0
power,MTKR,demand_power,2015-01-02 16:00:00,-96152.0
power,MTKR,demand_power,2015-01-02 17:00:00,-92052.0
power,MTKR,demand_power,2015-01-02 18:00:00,-102502.0
power,MTKR,demand_power,2015-01-02 19:00:00,-138798.0
power,MTKR,demand_power,2015-01-02 20:00:00,-135713.0
power,MTKR,demand_power,2015-01-02 21:00:00,-127994.0
power,MTKR,demand_power,2015-01-02 22:00:00,-107344.0
power,MTKR,demand_power,2015-01-02 23:00:00,-86064.0
power,MTKR,demand_power,2015-01-03 00:00:00,-72822.04167
power,MTKR,demand_power,2015-01-03 01:00:00,-69330.04167
power,MTKR,demand_power,2015-01-03 02:00:00,-67694.04167
power,MTKR,demand_power,2015-01-03 03:00:00,-66381.04167
power,MTKR,demand_power,2015-01-03 04:00:00,-66615.04167
power,MTKR,demand_power,2015-01-03 05:00:00,-72602.04167
power,MTKR,demand_power,2015-01-03 06:00:00,-78466.04167
power,MTKR,demand_power,2015-01-03 07:00:00,-85832.04167
power,MTKR,demand_power,2015-01-03 08:00:00,-96781.04167
power,MTKR,demand_power,2015-01-03 09:00:00,-102231.0417
power,MTKR,demand_power,2015-01-03 10:00:00,-105331.0417
power,MTKR,demand_power,2015-01-03 11:00:00,-100863.0417
power,MTKR,demand_power,2015-01-03 12:00:00,-101114.0417
power,MTKR,demand_power,2015-01-03 13:00:00,-100175.0417
power,MTKR,demand_power,2015-01-03 14:00:00,-101625.0417
power,MTKR,demand_power,2015-01-03 15:00:00,-101224.0417
power,MTKR,demand_power,2015-01-03 16:00:00,-96373.04167
power,MTKR,demand_power,2015-01-03 17:00:00,-95625.04167
power,MTKR,demand_power,2015-01-03 18:00:00,-104079.0417
power,MTKR,demand_power,2015-01-03 19:00:00,-134295.0417
power,MTKR,demand_power,2015-01-03 20:00:00,-131910.0417
power,MTKR,demand_power,2015-01-03 21:00:00,-125220.0417
power,MTKR,demand_power,2015-01-03 22:00:00,-104718.0417
power,MTKR,demand_power,2015-01-03 23:00:00,-83497.04167
power,MTKR,hvdc_132:CSTR,2015-01-01 00:00:00,0.0
power,MTKR,hvdc_132:CSTR,2015-01-01 01:00:00,0.0
power,MTKR,hvdc_132:CSTR,2015-01-01 02:00:00,0.0
power,MTKR,hvdc_132:CSTR,2015-01-01 03:00:00,0.0
power,MTKR,hvdc_132:CSTR,2015-01-01 04:00:00,0.0
power,MTKR,hvdc_132:CSTR,2015-01-01 05:00:00,0.0
power,MTKR,hvdc_132:CSTR,2015-01-01 06:00:00,0.0
power,MTKR,hvdc_132:CSTR,2015-01-01 07:00:00,0.0
power,MTKR,hvdc_132:CSTR,2015-01-01 08:00:00,0.0
power,MTKR,hvdc_132:CSTR,2015-01-01 09:00:00,0.0
power,MTKR,hvdc_132:CSTR,2015-01-01 10:00:00,0.0
power,MTKR,hvdc_132:CSTR,2015-01-01 11:00:00,0.0
power,MTKR,hvdc_132:CSTR,2015-01-01 12:00:00,0.0
power,MTKR,hvdc_132:CSTR,2015-01-01 13:00:00,0.0
power,MTKR,hvdc_132:CSTR,2015-01-01 14:00:00,0.0
power,MTKR,hvdc_132:CSTR,2015-01-01 15:00:00,0.0
power,MTKR,hvdc_132:CSTR,2015-01-01 16:00:00,0.0
power,MTKR,hvdc_132:CSTR,2015-01-01 17:00:00,0.0
power,MTKR,hvdc_132:CSTR,2015-01-01 18:00:00,-60266.57705446729
power,MTKR,hvdc_132:CSTR,2015-01-01 19:00:00,-79918.0
power,MTKR,hvdc_132:CSTR,2015-01-01 20:00:00,-79918.0
power,MTKR,hvdc_132:CSTR,2015-01-01 21:00:00,0.0
power,MTKR,hvdc_132:CSTR,2015-01-01 22:00:00,0.0
power,MTKR,hvdc_132:CSTR,2015-01-01 23:00:00,0.0
power,MTKR,hvdc_132:CSTR,2015-01-02 00:00:00,0.0
power,MTKR,hvdc_132:CSTR,2015-01-02 01:00:00,0.0
power,MTKR,hvdc_132:CSTR,2015-01-02 02:00:00,0.0
power,MTKR,hvdc_132:CSTR,2015-01-02 03:00:00,0.0
power,MTKR,hvdc_132:CSTR,2015-01-02 04:00:00,0.0
power,MTKR,hvdc_132:CSTR,2015-01-02 05:00:00,0.0
power,MTKR,hvdc_132:CSTR,2015-01-02 06:00:00,0.0
power,MTKR,hvdc_132:CSTR,2015-01-02 07:00:00,0.0
power,MTKR,hvdc_132:CSTR,2015-01-02 08:00:00,0.0
power,MTKR,hvdc_132:CSTR,2015-01-02 09:00:00,0.0
power,MTKR,hvdc_132:CSTR,2015-01-02 10:00:00,0.0
power,MTKR,hvdc_132:CSTR,2015-01-02 11:00:00,0.0
power,MTKR,hvdc_132:CSTR,2015-01-02 12:00:00,0.0
power,MTKR,hvdc_132:CSTR,2015-01-02 13:00:00,0.0
power,MTKR,hvdc_132:CSTR,2015-01-02 14:00:00,0.0
power,MTKR,hvdc_132:CSTR,2015-01-02 15:00:00,0.0
power,MTKR,hvdc_132:CSTR,2015-01-02 16:00:00,0.0
power,MTKR,hvdc_132:CSTR,2015-01-02 17:00:00,0.0
power,MTKR,hvdc_132:CSTR,2015-01-02 18:00:00,-79918.0
power,MTKR,hvdc_132:CSTR,2015-01-02 19:00:00,-54178.0
power,MTKR,hvdc_132:CSTR,2015-01-02 20:00:00,-79918.0
power,MTKR,hvdc_132:CSTR,2015-01-02 21:00:00,-79918.0
power,MTKR,hvdc_132:CSTR,2015-01-02 22:00:00,0.0
power,MTKR,hvdc_132:CSTR,2015-01-02 23:00:00,0.0
power,MTKR,hvdc_132:CSTR,2015-01-03 00:00:00,0.0
power,MTKR,hvdc_132:CSTR,2015-01-03 01:00:00,0.0
power,MTKR,hvdc_132:CSTR,2015-01-03 02:00:00,0.0
power,MTKR,hvdc_132:CSTR,2015-01-03 03:00:00,0.0
power,MTKR,hvdc_132:CSTR,2015-01-03 04:00:00,0.0
power,MTKR,hvdc_132:CSTR,2015-01-03 05:00:00,0.0
power,MTKR,hvdc_132:CSTR,2015-01-03 06:00:00,0.0
power,MTKR,hvdc_132:CSTR,2015-01-03 07:00:00,0.0
power,MTKR,hvdc_132:CSTR,2015-01-03 08:00:00,-79918.0
power,MTKR,hvdc_132:CSTR,2015-01-03 09:00:00,-79918.0
power,MTKR,hvdc_132:CSTR,2015-01-03 10:00:00,-79918.0
power,MTKR,hvdc_132:CSTR,2015-01-03 11:00:00,-79918.0
power,MTKR,hvdc_132:CSTR,2015-01-03 12:00:00,-79918.0
power,MTKR,hvdc_132:CSTR,2015-01-03 13:00:00,-79918.0
power,MTKR,hvdc_132:CSTR,2015-01-03 14:00:00,0.0
power,MTKR,hvdc_132:CSTR,2015-01-03 15:00:00,0.0
power,MTKR,hvdc_132:CSTR,2015-01-03 16:00:00,0.0
power,MTKR,hvdc_132:CSTR,2015-01-03 17:00:00,0.0
power,MTKR,hvdc_132:CSTR,2015-01-03 18:00:00,-79918.0
power,MTKR,hvdc_132:CSTR,2015-01-03 19:00:00,-58697.999966999996
power,MTKR,hvdc_132:CSTR,2015-01-03 20:00:00,-61083.999966999996
power,MTKR,hvdc_132:CSTR,2015-01-03 21:00:00,-79918.0
power,MTKR,hvdc_132:CSTR,2015-01-03 22:00:00,-71260.94171509301
power,MTKR,hvdc_132:CSTR,2015-01-03 23:00:00,-53130.49876313716
power,MTKR,hvdc_132:NBOR,2015-01-01 00:00:00,0.0
power,MTKR,hvdc_132:NBOR,2015-01-01 01:00:00,0.0
power,MTKR,hvdc_132:NBOR,2015-01-01 02:00:00,0.0
power,MTKR,hvdc_132:NBOR,2015-01-01 03:00:00,0.0
power,MTKR,hvdc_132:NBOR,2015-01-01 04:00:00,0.0
power,MTKR,hvdc_132:NBOR,2015-01-01 05:00:00,0.0
power,MTKR,hvdc_132:NBOR,2015-01-01 06:00:00,0.0
power,MTKR,hvdc_132:NBOR,2015-01-01 07:00:00,0.0
power,MTKR,hvdc_132:NBOR,2015-01-01 08:00:00,0.0
power,MTKR,hvdc_132:NBOR,2015-01-01 09:00:00,0.0
power,MTKR,hvdc_132:NBOR,2015-01-01 10:00:00,0.0
power,MTKR,hvdc_132:NBOR,2015-01-01 11:00:00,0.0
power,MTKR,hvdc_132:NBOR,2015-01-01 12:00:00,0.0
power,MTKR,hvdc_132:NBOR,2015-01-01 13:00:00,0.0
power,MTKR,hvdc_132:NBOR,2015-01-01 14:00:00,0.0
power,MTKR,hvdc_132:NBOR,2015-01-01 15:00:00,0.0
power,MTKR,hvdc_132:NBOR,2015-01-01 16:00:00,0.0
power,MTKR,hvdc_132:NBOR,2015-01-01 17:00:00,0.0
power,MTKR,hvdc_132:NBOR,2015-01-01 18:00:00,0.0
power,MTKR,hvdc_132:NBOR,2015-01-01 19:00:00,0.0
power,MTKR,hvdc_132:NBOR,2015-01-01 20:00:00,0.0
power,MTKR,hvdc_132:NBOR,2015-01-01 21:00:00,0.0
power,MTKR,hvdc_132:NBOR,2015-01-01 22:00:00,0.0
power,MTKR,hvdc_132:NBOR,2015-01-01 23:00:00,0.0
power,MTKR,hvdc_132:NBOR,2015-01-02 00:00:00,0.0
power,MTKR,hvdc_132:NBOR,2015-01-02 01:00:00,0.0
power,MTKR,hvdc_132:NBOR,2015-01-02 02:00:00,0.0
power,MTKR,hvdc_132:NBOR,2015-01-02 03:00:00,0.0
power,MTKR,hvdc_132:NBOR,2015-01-02 04:00:00,0.0
power,MTKR,hvdc_132:NBOR,2015-01-02 05:00:00,0.0
power,MTKR,hvdc_132:NBOR,2015-01-02 06:00:00,0.0
power,MTKR,hvdc_132:NBOR,2015-01-02 07:00:00,0.0
power,MTKR,hvdc_132:NBOR,2015-01-02 08:00:00,0.0
power,MTKR,hvdc_132:NBOR,2015-01-02 09:00:00,0.0
power,MTKR,hvdc_132:NBOR,2015-01-02 10:00:00,0.0
power,MTKR,hvdc_132:NBOR,2015-01-02 11:00:00,0.0
power,MTKR,hvdc_132:NBOR,2015-01-02 12:00:00,0.0
power,MTKR,hvdc_132:NBOR,2015-01-02 13:00:00,0.0
power,MTKR,hvdc_132:NBOR,2015-01-02 14:00:00,0.0
power,MTKR,hvdc_132:NBOR,2015-01-02 15:00:00,0.0
power,MTKR,hvdc_132:NBOR,2015-01-02 16:00:00,0.0
power,MTKR,hvdc_132:NBOR,2015-01-02 17:00:00,0.0
power,MTKR,hvdc_132:NBOR,2015-01-02 18:00:00,-10556.0
power,MTKR,hvdc_132:NBOR,2015-01-02 19:00:00,0.0
power,MTKR,hvdc_132:NBOR,2015-01-02 20:00:00,0.0
power,MTKR,hvdc_132:NBOR,2015-01-02 21:00:00,0.0
power,MTKR,hvdc_132:NBOR,2015-01-02 22:00:00,0.0
power,MTKR,hvdc_132:NBOR,2015-01-02 23:00:00,0.0
power,MTKR,hvdc_132:NBOR,2015-01-03 00:00:00,0.0
power,MTKR,hvdc_132:NBOR,2015-01-03 01:00:00,0.0
power,MTKR,hvdc_132:NBOR,2015-01-03 02:00:00,0.0
power,MTKR,hvdc_132:NBOR,2015-01-03 03:00:00,0.0
power,MTKR,hvdc_132:NBOR,2015-01-03 04:00:00,0.0
power,MTKR,hvdc_132:NBOR,2015-01-03 05:00:00,0.0
power,MTKR,hvdc_132:NBOR,2015-01-03 06:00:00,0.0
power,MTKR,hvdc_132:NBOR,2015-01-03 07:00:00,0.0
power,MTKR,hvdc_132:NBOR,2015-01-03 08:00:00,0.0
power,MTKR,hvdc_132:NBOR,2015-01-03 09:00:00,-10841.999966999982
power,MTKR,hvdc_132:NBOR,2015-01-03 10:00:00,-7741.999966999982
power,MTKR,hvdc_132:NBOR,2015-01-03 11:00:00,-12201.999966999982
power,MTKR,hvdc_132:NBOR,2015-01-03 12:00:00,-11951.999966999982
power,MTKR,hvdc_132:NBOR,2015-01-03 13:00:00,0.0
power,MTKR,hvdc_132:NBOR,2015-01-03 14:00:00,0.0
power,MTKR,hvdc_132:NBOR,2015-01-03 15:00:00,0.0
power,MTKR,hvdc_132:NBOR,2015-01-03 16:00:00,0.0
power,MTKR,hvdc_132:NBOR,2015-01-03 17:00:00,0.0
power,MTKR,hvdc_132:NBOR,2015-01-03 18:00:00,0.0
power,MTKR,hvdc_132:NBOR,2015-01-03 19:00:00,0.0
power,MTKR,hvdc_132:NBOR,2015-01-03 20:00:00,0.0
power,MTKR,hvdc_132:NBOR,2015-01-03 21:00:00,0.0
power,MTKR,hvdc_132:NBOR,2015-01-03 22:00:00,0.0
power,MTKR,hvdc_132:NBOR,2015-01-03 23:00:00,0.0
power,MTKR,hvdc_132:WSTR,2015-01-01 00:00:00,0.0
power,MTKR,hvdc_132:WSTR,2015-01-01 01:00:00,0.0
power,MTKR,hvdc_132:WSTR,2015-01-01 02:00:00,0.0
power,MTKR,hvdc_132:WSTR,2015-01-01 03:00:00,0.0
power,MTKR,hvdc_132:WSTR,2015-01-01 04:00:00,0.0
power,MTKR,hvdc_132:WSTR,2015-01-01 05:00:00,0.0
power,MTKR,hvdc_132:WSTR,2015-01-01 06:00:00,0.0
power,MTKR,hvdc_132:WSTR,2015-01-01 07:00:00,0.0
power,MTKR,hvdc_132:WSTR,2015-01-01 08:00:00,0.0
power,MTKR,hvdc_132:WSTR,2015-01-01 09:00:00,0.0
power,MTKR,hvdc_132:WSTR,2015-01-01 10:00:00,0.0
power,MTKR,hvdc_132:WSTR,2015-01-01 11:00:00,0.0
power,MTKR,hvdc_132:WSTR,2015-01-01 12:00:00,0.0
power,MTKR,hvdc_132:WSTR,2015-01-01 13:00:00,0.0
power,MTKR,hvdc_132:WSTR,2015-01-01 14:00:00,0.0
power,MTKR,hvdc_132:WSTR,2015-01-01 15:00:00,0.0
power,MTKR,hvdc_132:WSTR,2015-01-01 16:00:00,0.0
power,MTKR,hvdc_132:WSTR,2015-01-01 17:00:00,0.0
power,MTKR,hvdc_132:WSTR,2015-01-01 18:00:00,0.0
power,MTKR,hvdc_132:WSTR,2015-01-01 19:00:00,0.0
power,MTKR,hvdc_132:WSTR,2015-01-01 20:00:00,0.0
power,MTKR,hvdc_132:WSTR,2015-01-01 21:00:00,0.0
power,MTKR,hvdc_132:WSTR,2015-01-01 22:00:00,0.0
power,MTKR,hvdc_132:WSTR,2015-01-01 23:00:00,0.0
power,MTKR,hvdc_132:WSTR,2015-01-02 00:00:00,0.0
power,MTKR,hvdc_132:WSTR,2015-01-02 01:00:00,0.0
power,MTKR,hvdc_132:WSTR,2015-01-02 02:00:00,0.0
power,MTKR,hvdc_132:WSTR,2015-01-02 03:00:00,0.0
power,MTKR,hvdc_132:WSTR,2015-01-02 04:00:00,0.0
power,MTKR,hvdc_132:WSTR,2015-01-02 05:00:00,0.0
power,MTKR,hvdc_132:WSTR,2015-01-02 06:00:00,0.0
power,MTKR,hvdc_132:WSTR,2015-01-02 07:00:00,0.0
power,MTKR,hvdc_132:WSTR,2015-01-02 08:00:00,0.0
power,MTKR,hvdc_132:WSTR,2015-01-02 09:00:00,0.0
power,MTKR,hvdc_132:WSTR,2015-01-02 10:00:00,0.0
power,MTKR,hvdc_132:WSTR,2015-01-02 11:00:00,0.0
power,MTKR,hvdc_132:WSTR,2015-01-02 12:00:00,0.0
power,MTKR,hvdc_132:WSTR,2015-01-02 13:00:00,0.0
power,MTKR,hvdc_132:WSTR,2015-01-02 14:00:00,0.0
power,MTKR,hvdc_132:WSTR,2015-01-02 15:00:00,0.0
power,MTKR,hvdc_132:WSTR,2015-01-02 16:00:00,0.0
power,MTKR,hvdc_132:WSTR,2015-01-02 17:00:00,0.0
power,MTKR,hvdc_132:WSTR,2015-01-02 18:00:00,0.0
power,MTKR,hvdc_132:WSTR,2015-01-02 19:00:00,0.0
power,MTKR,hvdc_132:WSTR,2015-01-02 20:00:00,0.0
power,MTKR,hvdc_132:WSTR,2015-01-02 21:00:00,0.0
power,MTKR,hvdc_132:WSTR,2015-01-02 22:00:00,0.0
power,MTKR,hvdc_132:WSTR,2015-01-02 23:00:00,0.0
power,MTKR,hvdc_132:WSTR,2015-01-03 00:00:00,0.0
power,MTKR,hvdc_132:WSTR,2015-01-03 01:00:00,0.0
power,MTKR,hvdc_132:WSTR,2015-01-03 02:00:00,0.0
power,MTKR,hvdc_132:WSTR,2015-01-03 03:00:00,0.0
power,MTKR,hvdc_132:WSTR,2015-01-03 04:00:00,0.0
power,MTKR,hvdc_132:WSTR,2015-01-03 05:00:00,0.0
power,MTKR,hvdc_132:WSTR,2015-01-03 06:00:00,0.0
power,MTKR,hvdc_132:WSTR,2015-01-03 07:00:00,0.0
power,MTKR,hvdc_132:WSTR,2015-01-03 08:00:00,0.0
power,MTKR,hvdc_132:WSTR,2015-01-03 09:00:00,0.0
power,MTKR,hvdc_132:WSTR,2015-01-03 10:00:00,0.0
power,MTKR,hvdc_132:WSTR,2015-01-03 11:00:00,0.0
power,MTKR,hvdc_132:WSTR,2015-01-03 12:00:00,0.0
power,MTKR,hvdc_132:WSTR,2015-01-03 13:00:00,0.0
power,MTKR,hvdc_132:WSTR,2015-01-03 14:00:00,0.0
power,MTKR,hvdc_132:WSTR,2015-01-03 15:00:00,0.0
power,MTKR,hvdc_132:WSTR,2015-01-03 16:00:00,0.0
power,MTKR,hvdc_132:WSTR,2015-01-03 17:00:00,0.0
power,MTKR,hvdc_132:WSTR,2015-01-03 18:00:00,0.0
power,MTKR,hvdc_132:WSTR,2015-01-03 19:00:00,0.0
power,MTKR,hvdc_132:WSTR,2015-01-03 20:00:00,0.0
power,MTKR,hvdc_132:WSTR,2015-01-03 21:00:00,0.0
power,MTKR,hvdc_132:WSTR,2015-01-03 22:00:00,0.0
power,MTKR,hvdc_132:WSTR,2015-01-03 23:00:00,0.0
power,MTKR,hvdc_220:CSTR,2015-01-01 00:00:00,-61508.241475146744
power,MTKR,hvdc_220:CSTR,2015-01-01 01:00:00,-66235.32469456959
power,MTKR,hvdc_220:CSTR,2015-01-01 02:00:00,-63327.91437036543
power,MTKR,hvdc_220:CSTR,2015-01-01 03:00:00,-58738.06905086131
power,MTKR,hvdc_220:CSTR,2015-01-01 04:00:00,-53960.15697961672
power,MTKR,hvdc_220:CSTR,2015-01-01 05:00:00,-51891.422710471445
power,MTKR,hvdc_220:CSTR,2015-01-01 06:00:00,-44902.45558498068
power,MTKR,hvdc_220:CSTR,2015-01-01 07:00:00,-41832.39293494692
power,MTKR,hvdc_220:CSTR,2015-01-01 08:00:00,-54143.14084617502
power,MTKR,hvdc_220:CSTR,2015-01-01 09:00:00,-80600.00000300001
power,MTKR,hvdc_220:CSTR,2015-01-01 10:00:00,-80250.00000300001
power,MTKR,hvdc_220:CSTR,2015-01-01 11:00:00,-79350.00000300001
power,MTKR,hvdc_220:CSTR,2015-01-01 12:00:00,-72750.00000300001
power,MTKR,hvdc_220:CSTR,2015-01-01 13:00:00,-72100.00000300001
power,MTKR,hvdc_220:CSTR,2015-01-01 14:00:00,-61200.00000300001
power,MTKR,hvdc_220:CSTR,2015-01-01 15:00:00,-55800.00000300001
power,MTKR,hvdc_220:CSTR,2015-01-01 16:00:00,-50188.65617444279
power,MTKR,hvdc_220:CSTR,2015-01-01 17:00:00,-45908.86685105135
power,MTKR,hvdc_220:CSTR,2015-01-01 18:00:00,0.0
power,MTKR,hvdc_220:CSTR,2015-01-01 19:00:00,-6186.192027520883
power,MTKR,hvdc_220:CSTR,2015-01-01 20:00:00,-9332.497955287272
power,MTKR,hvdc_220:CSTR,2015-01-01 21:00:00,-85504.5424201954
power,MTKR,hvdc_220:CSTR,2015-01-01 22:00:00,-63444.82072955546
power,MTKR,hvdc_220:CSTR,2015-01-01 23:00:00,-40861.561865151474
power,MTKR,hvdc_220:CSTR,2015-01-02 00:00:00,-44526.322081499726
power,MTKR,hvdc_220:CSTR,2015-01-02 01:00:00,-47184.6710317773
power,MTKR,hvdc_220:CSTR,2015-01-02 02:00:00,-46432.40402481538
power,MTKR,hvdc_220:CSTR,2015-01-02 03:00:00,-39199.45841058021
power,MTKR,hvdc_220:CSTR,2015-01-02 04:00:00,-38452.27428880047
power,MTKR,hvdc_220:CSTR,2015-01-02 05:00:00,-33557.45585836585
power,MTKR,hvdc_220:CSTR,2015-01-02 06:00:00,-30904.189793270445
power,MTKR,hvdc_220:CSTR,2015-01-02 07:00:00,-112770.0
power,MTKR,hvdc_220:CSTR,2015-01-02 08:00:00,-105220.0
power,MTKR,hvdc_220:CSTR,2015-01-02 09:00:00,-100870.0
power,MTKR,hvdc_220:CSTR,2015-01-02 10:00:00,-99370.0
power,MTKR,hvdc_220:CSTR,2015-01-02 11:00:00,-100920.0
power,MTKR,hvdc_220:CSTR,2015-01-02 12:00:00,-98770.0
power,MTKR,hvdc_220:CSTR,2015-01-02 13:00:00,-99770.0
power,MTKR,hvdc_220:CSTR,2015-01-02 14:00:00,-100720.0
power,MTKR,hvdc_220:CSTR,2015-01-02 15:00:00,-97470.0
power,MTKR,hvdc_220:CSTR,2015-01-02 16:00:00,-96820.0
power,MTKR,hvdc_220:CSTR,2015-01-02 17:00:00,-100920.0
power,MTKR,hvdc_220:CSTR,2015-01-02 18:00:00,0.0
power,MTKR,hvdc_220:CSTR,2015-01-02 19:00:00,0.0
power,MTKR,hvdc_220:CSTR,2015-01-02 20:00:00,0.0
power,MTKR,hvdc_220:CSTR,2015-01-02 21:00:00,0.0
power,MTKR,hvdc_220:CSTR,2015-01-02 22:00:00,-86607.52850472741
power,MTKR,hvdc_220:CSTR,2015-01-02 23:00:00,-72736.33484257155
power,MTKR,hvdc_220:CSTR,2015-01-03 00:00:00,-44236.59762611574
power,MTKR,hvdc_220:CSTR,2015-01-03 01:00:00,-37191.71876362105
power,MTKR,hvdc_220:CSTR,2015-01-03 02:00:00,-31244.74310047618
power,MTKR,hvdc_220:CSTR,2015-01-03 03:00:00,-30858.443826630868
power,MTKR,hvdc_220:CSTR,2015-01-03 04:00:00,-28998.10784995478
power,MTKR,hvdc_220:CSTR,2015-01-03 05:00:00,-30355.238193595535
power,MTKR,hvdc_220:CSTR,2015-01-03 06:00:00,-22614.004061142852
power,MTKR,hvdc_220:CSTR,2015-01-03 07:00:00,-70799.99999699999
power,MTKR,hvdc_220:CSTR,2015-01-03 08:00:00,-16291.999996999977
power,MTKR,hvdc_220:CSTR,2015-01-03 09:00:00,0.0
power,MTKR,hvdc_220:CSTR,2015-01-03 10:00:00,0.0
power,MTKR,hvdc_220:CSTR,2015-01-03 11:00:00,0.0
power,MTKR,hvdc_220:CSTR,2015-01-03 12:00:00,0.0
power,MTKR,hvdc_220:CSTR,2015-01-03 13:00:00,-12891.999966999982
power,MTKR,hvdc_220:CSTR,2015-01-03 14:00:00,-91359.999967
power,MTKR,hvdc_220:CSTR,2015-01-03 15:00:00,-67399.999967
power,MTKR,hvdc_220:CSTR,2015-01-03 16:00:00,-67249.99999699999
power,MTKR,hvdc_220:CSTR,2015-01-03 17:00:00,-67099.99999699999
power,MTKR,hvdc_220:CSTR,2015-01-03 18:00:00,-8995.999966999982
power,MTKR,hvdc_220:CSTR,2015-01-03 19:00:00,0.0
power,MTKR,hvdc_220:CSTR,2015-01-03 20:00:00,0.0
power,MTKR,hvdc_220:CSTR,2015-01-03 21:00:00,0.0
power,MTKR,hvdc_220:CSTR,2015-01-03 22:00:00,0.0
power,MTKR,hvdc_220:CSTR,2015-01-03 23:00:00,0.0
power,MTKR,hvdc_220:NBOR,2015-01-01 00:00:00,0.0
power,MTKR,hvdc_220:NBOR,2015-01-01 01:00:00,0.0
power,MTKR,hvdc_220:NBOR,2015-01-01 02:00:00,0.0
power,MTKR,hvdc_220:NBOR,2015-01-01 03:00:00,0.0
power,MTKR,hvdc_220:NBOR,2015-01-01 04:00:00,0.0
power,MTKR,hvdc_220:NBOR,2015-01-01 05:00:00,0.0
power,MTKR,hvdc_220:NBOR,2015-01-01 06:00:00,0.0
power,MTKR,hvdc_220:NBOR,2015-01-01 07:00:00,0.0
power,MTKR,hvdc_220:NBOR,2015-01-01 08:00:00,0.0
power,MTKR,hvdc_220:NBOR,2015-01-01 09:00:00,0.0
power,MTKR,hvdc_220:NBOR,2015-01-01 10:00:00,0.0
power,MTKR,hvdc_220:NBOR,2015-01-01 11:00:00,0.0
power,MTKR,hvdc_220:NBOR,2015-01-01 12:00:00,0.0
power,MTKR,hvdc_220:NBOR,2015-01-01 13:00:00,0.0
power,MTKR,hvdc_220:NBOR,2015-01-01 14:00:00,0.0
power,MTKR,hvdc_220:NBOR,2015-01-01 15:00:00,0.0
power,MTKR,hvdc_220:NBOR,2015-01-01 16:00:00,0.0
power,MTKR,hvdc_220:NBOR,2015-01-01 17:00:00,0.0
power,MTKR,hvdc_220:NBOR,2015-01-01 18:00:00,0.0
power,MTKR,hvdc_220:NBOR,2015-01-01 19:00:00,0.0
power,MTKR,hvdc_220:NBOR,2015-01-01 20:00:00,0.0
power,MTKR,hvdc_220:NBOR,2015-01-01 21:00:00,0.0
power,MTKR,hvdc_220:NBOR,2015-01-01 22:00:00,0.0
power,MTKR,hvdc_220:NBOR,2015-01-01 23:00:00,0.0
power,MTKR,hvdc_220:NBOR,2015-01-02 00:00:00,0.0
power,MTKR,hvdc_220:NBOR,2015-01-02 01:00:00,0.0
power,MTKR,hvdc_220:NBOR,2015-01-02 02:00:00,0.0
power,MTKR,hvdc_220:NBOR,2015-01-02 03:00:00,0.0
power,MTKR,hvdc_220:NBOR,2015-01-02 04:00:00,0.0
power,MTKR,hvdc_220:NBOR,2015-01-02 05:00:00,0.0
power,MTKR,hvdc_220:NBOR,2015-01-02 06:00:00,0.0
power,MTKR,hvdc_220:NBOR,2015-01-02 07:00:00,0.0
power,MTKR,hvdc_220:NBOR,2015-01-02 08:00:00,0.0
power,MTKR,hvdc_220:NBOR,2015-01-02 09:00:00,0.0
power,MTKR,hvdc_220:NBOR,2015-01-02 10:00:00,0.0
power,MTKR,hvdc_220:NBOR,2015-01-02 11:00:00,0.0
power,MTKR,hvdc_220:NBOR,2015-01-02 12:00:00,0.0
power,MTKR,hvdc_220:NBOR,2015-01-02 13:00:00,0.0
power,MTKR,hvdc_220:NBOR,2015-01-02 14:00:00,0.0
power,MTKR,hvdc_220:NBOR,2015-01-02 15:00:00,0.0
power,MTKR,hvdc_220:NBOR,2015-01-02 16:00:00,0.0
power,MTKR,hvdc_220:NBOR,2015-01-02 17:00:00,0.0
power,MTKR,hvdc_220:NBOR,2015-01-02 18:00:00,0.0
power,MTKR,hvdc_220:NBOR,2015-01-02 19:00:00,0.0
power,MTKR,hvdc_220:NBOR,2015-01-02 20:00:00,0.0
power,MTKR,hvdc_220:NBOR,2015-01-02 21:00:00,0.0
power,MTKR,hvdc_220:NBOR,2015-01-02 22:00:00,0.0
power,MTKR,hvdc_220:NBOR,2015-01-02 23:00:00,0.0
power,MTKR,hvdc_220:NBOR,2015-01-03 00:00:00,0.0
power,MTKR,hvdc_220:NBOR,2015-01-03 01:00:00,0.0
power,MTKR,hvdc_220:NBOR,2015-01-03 02:00:00,0.0
power,MTKR,hvdc_220:NBOR,2015-01-03 03:00:00,0.0
power,MTKR,hvdc_220:NBOR,2015-01-03 04:00:00,0.0
power,MTKR,hvdc_220:NBOR,2015-01-03 05:00:00,0.0
power,MTKR,hvdc_220:NBOR,2015-01-03 06:00:00,0.0
power,MTKR,hvdc_220:NBOR,2015-01-03 07:00:00,0.0
power,MTKR,hvdc_220:NBOR,2015-01-03 08:00:00,0.0
power,MTKR,hvdc_220:NBOR,2015-01-03 09:00:00,0.0
power,MTKR,hvdc_220:NBOR,2015-01-03 10:00:00,0.0
power,MTKR,hvdc_220:NBOR,2015-01-03 11:00:00,0.0
power,MTKR,hvdc_220:NBOR,2015-01-03 12:00:00,0.0
power,MTKR,hvdc_220:NBOR,2015-01-03 13:00:00,0.0
power,MTKR,hvdc_220:NBOR,2015-01-03 14:00:00,0.0
power,MTKR,hvdc_220:NBOR,2015-01-03 15:00:00,0.0
power,MTKR,hvdc_220:NBOR,2015-01-03 16:00:00,0.0
power,MTKR,hvdc_220:NBOR,2015-01-03 17:00:00,0.0
power,MTKR,hvdc_220:NBOR,2015-01-03 18:00:00,0.0
power,MTKR,hvdc_220:NBOR,2015-01-03 19:00:00,0.0
power,MTKR,hvdc_220:NBOR,2015-01-03 20:00:00,0.0
power,MTKR,hvdc_220:NBOR,2015-01-03 21:00:00,0.0
power,MTKR,hvdc_220:NBOR,2015-01-03 22:00:00,0.0
power,MTKR,hvdc_220:NBOR,2015-01-03 23:00:00,0.0
power,NBOR,demand_power,2015-01-01 00:00:00,-400378.5417
power,NBOR,demand_power,2015-01-01 01:00:00,-365928.5417
power,NBOR,demand_power,2015-01-01 02:00:00,-346018.5417
power,NBOR,demand_power,2015-01-01 03:00:00,-332958.5417
power,NBOR,demand_power,2015-01-01 04:00:00,-324298.5417
power,NBOR,demand_power,2015-01-01 05:00:00,-329598.5417
power,NBOR,demand_power,2015-01-01 06:00:00,-356468.5417
power,NBOR,demand_power,2015-01-01 07:00:00,-384748.5417
power,NBOR,demand_power,2015-01-01 08:00:00,-418058.5417
power,NBOR,demand_power,2015-01-01 09:00:00,-415608.5417
power,NBOR,demand_power,2015-01-01 10:00:00,-408988.5417
power,NBOR,demand_power,2015-01-01 11:00:00,-410788.5417
power,NBOR,demand_power,2015-01-01 12:00:00,-406838.5417
power,NBOR,demand_power,2015-01-01 13:00:00,-429458.5417
power,NBOR,demand_power,2015-01-01 14:00:00,-416868.5417
power,NBOR,demand_power,2015-01-01 15:00:00,-387768.5417
power,NBOR,demand_power,2015-01-01 16:00:00,-377488.5417
power,NBOR,demand_power,2015-01-01 17:00:00,-377798.5417
power,NBOR,demand_power,2015-01-01 18:00:00,-433418.5417
power,NBOR,demand_power,2015-01-01 19:00:00,-526148.5417
power,NBOR,demand_power,2015-01-01 20:00:00,-518228.5417
power,NBOR,demand_power,2015-01-01 21:00:00,-492738.5417
power,NBOR,demand_power,2015-01-01 22:00:00,-428528.5417
power,NBOR,demand_power,2015-01-01 23:00:00,-365198.5417
power,NBOR,demand_power,2015-01-02 00:00:00,-320154.75
power,NBOR,demand_power,2015-01-02 01:00:00,-305934.75
power,NBOR,demand_power,2015-01-02 02:00:00,-297174.75
power,NBOR,demand_power,2015-01-02 03:00:00,-289194.75
power,NBOR,demand_power,2015-01-02 04:00:00,-288484.75
power,NBOR,demand_power,2015-01-02 05:00:00,-305924.75
power,NBOR,demand_power,2015-01-02 06:00:00,-357624.75
power,NBOR,demand_power,2015-01-02 07:00:00,-404444.75
power,NBOR,demand_power,2015-01-02 08:00:00,-457494.75
power,NBOR,demand_power,2015-01-02 09:00:00,-511244.75
power,NBOR,demand_power,2015-01-02 10:00:00,-510764.75
power,NBOR,demand_power,2015-01-02 11:00:00,-500364.75
power,NBOR,demand_power,2015-01-02 12:00:00,-513414.75
power,NBOR,demand_power,2015-01-02 13:00:00,-496494.75
power,NBOR,demand_power,2015-01-02 14:00:00,-495264.75
power,NBOR,demand_power,2015-01-02 15:00:00,-507244.75
power,NBOR,demand_power,2015-01-02 16:00:00,-504284.75
power,NBOR,demand_power,2015-01-02 17:00:00,-489814.75
power,NBOR,demand_power,2015-01-02 18:00:00,-530864.75
power,NBOR,demand_power,2015-01-02 19:00:00,-647844.75
power,NBOR,demand_power,2015-01-02 20:00:00,-602054.75
power,NBOR,demand_power,2015-01-02 21:00:00,-585514.75
power,NBOR,demand_power,2015-01-02 22:00:00,-504324.75
power,NBOR,demand_power,2015-01-02 23:00:00,-436084.75
power,NBOR,demand_power,2015-01-03 00:00:00,-375820.0
power,NBOR,demand_power,2015-01-03 01:00:00,-359300.0
power,NBOR,demand_power,2015-01-03 02:00:00,-345810.0
power,NBOR,demand_power,2015-01-03 03:00:00,-352720.0
power,NBOR,demand_power,2015-01-03 04:00:00,-352960.0
power,NBOR,demand_power,2015-01-03 05:00:00,-358760.0
power,NBOR,demand_power,2015-01-03 06:00:00,-393690.0
power,NBOR,demand_power,2015-01-03 07:00:00,-455620.0
power,NBOR,demand_power,2015-01-03 08:00:00,-505830.0
power,NBOR,demand_power,2015-01-03 09:00:00,-533220.0
power,NBOR,demand_power,2015-01-03 10:00:00,-524540.0
power,NBOR,demand_power,2015-01-03 11:00:00,-536350.0
power,NBOR,demand_power,2015-01-03 12:00:00,-535880.0
power,NBOR,demand_power,2015-01-03 13:00:00,-524150.0
power,NBOR,demand_power,2015-01-03 14:00:00,-505830.0
power,NBOR,demand_power,2015-01-03 15:00:00,-496690.0
power,NBOR,demand_power,2015-01-03 16:00:00,-499290.0
power,NBOR,demand_power,2015-01-03 17:00:00,-499500.0
power,NBOR,demand_power,2015-01-03 18:00:00,-532560.0
power,NBOR,demand_power,2015-01-03 19:00:00,-635460.0
power,NBOR,demand_power,2015-01-03 20:00:00,-637870.0
power,NBOR,demand_power,2015-01-03 21:00:00,-601260.0
power,NBOR,demand_power,2015-01-03 22:00:00,-497380.0
power,NBOR,demand_power,2015-01-03 23:00:00,-433990.0
power,NBOR,hvdc_132:CSTR,2015-01-01 00:00:00,-116777.5
power,NBOR,hvdc_132:CSTR,2015-01-01 01:00:00,-116777.5
power,NBOR,hvdc_132:CSTR,2015-01-01 02:00:00,-116777.5
power,NBOR,hvdc_132:CSTR,2015-01-01 03:00:00,-116777.5
power,NBOR,hvdc_132:CSTR,2015-01-01 04:00:00,-116777.5
power,NBOR,hvdc_132:CSTR,2015-01-01 05:00:00,-116777.5
power,NBOR,hvdc_132:CSTR,2015-01-01 06:00:00,-116777.5
power,NBOR,hvdc_132:CSTR,2015-01-01 07:00:00,-116777.5
power,NBOR,hvdc_132:CSTR,2015-01-01 08:00:00,-116777.5
power,NBOR,hvdc_132:CSTR,2015-01-01 09:00:00,-94627.74578038727
power,NBOR,hvdc_132:CSTR,2015-01-01 10:00:00,-92370.9945841844
power,NBOR,hvdc_132:CSTR,2015-01-01 11:00:00,-91097.90906440593
power,NBOR,hvdc_132:CSTR,2015-01-01 12:00:00,-93687.21919292863
power,NBOR,hvdc_132:CSTR,2015-01-01 13:00:00,-94428.60534442955
power,NBOR,hvdc_132:CSTR,2015-01-01 14:00:00,-104588.07034247792
power,NBOR,hvdc_132:CSTR,2015-01-01 15:00:00,-113493.86482026051
power,NBOR,hvdc_132:CSTR,2015-01-01 16:00:00,-116777.5
power,NBOR,hvdc_132:CSTR,2015-01-01 17:00:00,-116777.5
power,NBOR,hvdc_132:CSTR,2015-01-01 18:00:00,-116777.5
power,NBOR,hvdc_132:CSTR,2015-01-01 19:00:00,-116777.5
power,NBOR,hvdc_132:CSTR,2015-01-01 20:00:00,-116777.5
power,NBOR,hvdc_132:CSTR,2015-01-01 21:00:00,-116777.5
power,NBOR,hvdc_132:CSTR,2015-01-01 22:00:00,-116777.5
power,NBOR,hvdc_132:CSTR,2015-01-01 23:00:00,-116777.5
power,NBOR,hvdc_132:CSTR,2015-01-02 00:00:00,-116777.5
power,NBOR,hvdc_132:CSTR,2015-01-02 01:00:00,-116777.5
power,NBOR,hvdc_132:CSTR,2015-01-02 02:00:00,-116777.5
power,NBOR,hvdc_132:CSTR,2015-01-02 03:00:00,-116777.5
power,NBOR,hvdc_132:CSTR,2015-01-02 04:00:00,-116777.5
power,NBOR,hvdc_132:CSTR,2015-01-02 05:00:00,-116777.5
power,NBOR,hvdc_132:CSTR,2015-01-02 06:00:00,-116777.5
power,NBOR,hvdc_132:CSTR,2015-01-02 07:00:00,-46177.577711484206
power,NBOR,hvdc_132:CSTR,2015-01-02 08:00:00,-74104.25289239989
power,NBOR,hvdc_132:CSTR,2015-01-02 09:00:00,-86005.19077087307
power,NBOR,hvdc_132:CSTR,2015-01-02 10:00:00,-93250.13349832526
power,NBOR,hvdc_132:CSTR,2015-01-02 11:00:00,-92017.1067229811
power,NBOR,hvdc_132:CSTR,2015-01-02 12:00:00,-91796.45634878444
power,NBOR,hvdc_132:CSTR,2015-01-02 13:00:00,-90765.00070894144
power,NBOR,hvdc_132:CSTR,2015-01-02 14:00:00,-88715.00195519271
power,NBOR,hvdc_132:CSTR,2015-01-02 15:00:00,-92286.57019599911
power,NBOR,hvdc_132:CSTR,2015-01-02 16:00:00,-95098.5015103289
power,NBOR,hvdc_132:CSTR,2015-01-02 17:00:00,-89214.60128467278
power,NBOR,hvdc_132:CSTR,2015-01-02 18:00:00,-98414.06950873823
power,NBOR,hvdc_132:CSTR,2015-01-02 19:00:00,0.0
power,NBOR,hvdc_132:CSTR,2015-01-02 20:00:00,-21091.527505559032
power,NBOR,hvdc_132:CSTR,2015-01-02 21:00:00,-49106.511787274736
power,NBOR,hvdc_132:CSTR,2015-01-02 22:00:00,-116777.5
power,NBOR,hvdc_132:CSTR,2015-01-02 23:00:00,-116777.5
power,NBOR,hvdc_132:CSTR,2015-01-03 00:00:00,-116777.5
power,NBOR,hvdc_132:CSTR,2015-01-03 01:00:00,-116777.5
power,NBOR,hvdc_132:CSTR,2015-01-03 02:00:00,-116777.5
power,NBOR,hvdc_132:CSTR,2015-01-03 03:00:00,-116777.5
power,NBOR,hvdc_132:CSTR,2015-01-03 04:00:00,-116777.5
power,NBOR,hvdc_132:CSTR,2015-01-03 05:00:00,-116777.5
power,NBOR,hvdc_132:CSTR,2015-01-03 06:00:00,-116777.5
power,NBOR,hvdc_132:CSTR,2015-01-03 07:00:00,-81292.2258499379
power,NBOR,hvdc_132:CSTR,2015-01-03 08:00:00,-70422.34004894094
power,NBOR,hvdc_132:CSTR,2015-01-03 09:00:00,-95336.92972895433
power,NBOR,hvdc_132:CSTR,2015-01-03 10:00:00,-99509.70817921087
power,NBOR,hvdc_132:CSTR,2015-01-03 11:00:00,-100370.17098939524
power,NBOR,hvdc_132:CSTR,2015-01-03 12:00:00,-86676.79501383602
power,NBOR,hvdc_132:CSTR,2015-01-03 13:00:00,-81777.30716656939
power,NBOR,hvdc_132:CSTR,2015-01-03 14:00:00,-70222.8469341534
power,NBOR,hvdc_132:CSTR,2015-01-03 15:00:00,-101500.9042449411
power,NBOR,hvdc_132:CSTR,2015-01-03 16:00:00,-99753.77920171703
power,NBOR,hvdc_132:CSTR,2015-01-03 17:00:00,-98342.55376655645
power,NBOR,hvdc_132:CSTR,2015-01-03 18:00:00,-84557.22112363711
power,NBOR,hvdc_132:CSTR,2015-01-03 19:00:00,0.0
power,NBOR,hvdc_132:CSTR,2015-01-03 20:00:00,0.0
power,NBOR,hvdc_132:CSTR,2015-01-03 21:00:00,-31800.40183048742
power,NBOR,hvdc_132:CSTR,2015-01-03 22:00:00,-116777.5
power,NBOR,hvdc_132:CSTR,2015-01-03 23:00:00,-116777.5
power,NBOR,hvdc_132:MTKR,2015-01-01 00:00:00,0.0
power,NBOR,hvdc_132:MTKR,2015-01-01 01:00:00,0.0
power,NBOR,hvdc_132:MTKR,2015-01-01 02:00:00,0.0
power,NBOR,hvdc_132:MTKR,2015-01-01 03:00:00,0.0
power,NBOR,hvdc_132:MTKR,2015-01-01 04:00:00,0.0
power,NBOR,hvdc_132:MTKR,2015-01-01 05:00:00,0.0
power,NBOR,hvdc_132:MTKR,2015-01-01 06:00:00,0.0
power,NBOR,hvdc_132:MTKR,2015-01-01 07:00:00,0.0
power,NBOR,hvdc_132:MTKR,2015-01-01 08:00:00,0.0
power,NBOR,hvdc_132:MTKR,2015-01-01 09:00:00,0.0
power,NBOR,hvdc_132:MTKR,2015-01-01 10:00:00,0.0
power,NBOR,hvdc_132:MTKR,2015-01-01 11:00:00,0.0
power,NBOR,hvdc_132:MTKR,2015-01-01 12:00:00,0.0
power,NBOR,hvdc_132:MTKR,2015-01-01 13:00:00,0.0
power,NBOR,hvdc_132:MTKR,2015-01-01 14:00:00,0.0
power,NBOR,hvdc_132:MTKR,2015-01-01 15:00:00,0.0
power,NBOR,hvdc_132:MTKR,2015-01-01 16:00:00,0.0
power,NBOR,hvdc_132:MTKR,2015-01-01 17:00:00,0.0
power,NBOR,hvdc_132:MTKR,2015-01-01 18:00:00,0.0
power,NBOR,hvdc_132:MTKR,2015-01-01 19:00:00,0.0
power,NBOR,hvdc_132:MTKR,2015-01-01 20:00:00,0.0
power,NBOR,hvdc_132:MTKR,2015-01-01 21:00:00,0.0
power,NBOR,hvdc_132:MTKR,2015-01-01 22:00:00,0.0
power,NBOR,hvdc_132:MTKR,2015-01-01 23:00:00,0.0
power,NBOR,hvdc_132:MTKR,2015-01-02 00:00:00,0.0
power,NBOR,hvdc_132:MTKR,2015-01-02 01:00:00,0.0
power,NBOR,hvdc_132:MTKR,2015-01-02 02:00:00,0.0
power,NBOR,hvdc_132:MTKR,2015-01-02 03:00:00,0.0
power,NBOR,hvdc_132:MTKR,2015-01-02 04:00:00,0.0
power,NBOR,hvdc_132:MTKR,2015-01-02 05:00:00,0.0
power,NBOR,hvdc_132:MTKR,2015-01-02 06:00:00,0.0
power,NBOR,hvdc_132:MTKR,2015-01-02 07:00:00,0.0
power,NBOR,hvdc_132:MTKR,2015-01-02 08:00:00,0.0
power,NBOR,hvdc_132:MTKR,2015-01-02 09:00:00,0.0
power,NBOR,hvdc_132:MTKR,2015-01-02 10:00:00,0.0
power,NBOR,hvdc_132:MTKR,2015-01-02 11:00:00,0.0
power,NBOR,hvdc_132:MTKR,2015-01-02 12:00:00,0.0
power,NBOR,hvdc_132:MTKR,2015-01-02 13:00:00,0.0
power,NBOR,hvdc_132:MTKR,2015-01-02 14:00:00,0.0
power,NBOR,hvdc_132:MTKR,2015-01-02 15:00:00,0.0
power,NBOR,hvdc_132:MTKR,2015-01-02 16:00:00,0.0
power,NBOR,hvdc_132:MTKR,2015-01-02 17:00:00,0.0
power,NBOR,hvdc_132:MTKR,2015-01-02 18:00:00,0.0
power,NBOR,hvdc_132:MTKR,2015-01-02 19:00:00,0.0
power,NBOR,hvdc_132:MTKR,2015-01-02 20:00:00,0.0
power,NBOR,hvdc_132:MTKR,2015-01-02 21:00:00,0.0
power,NBOR,hvdc_132:MTKR,2015-01-02 22:00:00,0.0
power,NBOR,hvdc_132:MTKR,2015-01-02 23:00:00,0.0
power,NBOR,hvdc_132:MTKR,2015-01-03 00:00:00,0.0
power,NBOR,hvdc_132:MTKR,2015-01-03 01:00:00,0.0
power,NBOR,hvdc_132:MTKR,2015-01-03 02:00:00,0.0
power,NBOR,hvdc_132:MTKR,2015-01-03 03:00:00,0.0
power,NBOR,hvdc_132:MTKR,2015-01-03 04:00:00,0.0
power,NBOR,hvdc_132:MTKR,2015-01-03 05:00:00,0.0
power,NBOR,hvdc_132:MTKR,2015-01-03 06:00:00,0.0
power,NBOR,hvdc_132:MTKR,2015-01-03 07:00:00,0.0
power,NBOR,hvdc_132:MTKR,2015-01-03 08:00:00,0.0
power,NBOR,hvdc_132:MTKR,2015-01-03 09:00:00,0.0
power,NBOR,hvdc_132:MTKR,2015-01-03 10:00:00,0.0
power,NBOR,hvdc_132:MTKR,2015-01-03 11:00:00,0.0
power,NBOR,hvdc_132:MTKR,2015-01-03 12:00:00,0.0
power,NBOR,hvdc_132:MTKR,2015-01-03 13:00:00,0.0
power,NBOR,hvdc_132:MTKR,2015-01-03 14:00:00,0.0
power,NBOR,hvdc_132:MTKR,2015-01-03 15:00:00,0.0
power,NBOR,hvdc_132:MTKR,2015-01-03 16:00:00,0.0
power,NBOR,hvdc_132:MTKR,2015-01-03 17:00:00,0.0
power,NBOR,hvdc_132:MTKR,2015-01-03 18:00:00,0.0
power,NBOR,hvdc_132:MTKR,2015-01-03 19:00:00,0.0
power,NBOR,hvdc_132:MTKR,2015-01-03 20:00:00,0.0
power,NBOR,hvdc_132:MTKR,2015-01-03 21:00:00,0.0
power,NBOR,hvdc_132:MTKR,2015-01-03 22:00:00,0.0
power,NBOR,hvdc_132:MTKR,2015-01-03 23:00:00,0.0
power,NBOR,hvdc_132:WSTR,2015-01-01 00:00:00,0.0
power,NBOR,hvdc_132:WSTR,2015-01-01 01:00:00,0.0
power,NBOR,hvdc_132:WSTR,2015-01-01 02:00:00,0.0
power,NBOR,hvdc_132:WSTR,2015-01-01 03:00:00,0.0
power,NBOR,hvdc_132:WSTR,2015-01-01 04:00:00,0.0
power,NBOR,hvdc_132:WSTR,2015-01-01 05:00:00,0.0
power,NBOR,hvdc_132:WSTR,2015-01-01 06:00:00,0.0
power,NBOR,hvdc_132:WSTR,2015-01-01 07:00:00,0.0
power,NBOR,hvdc_132:WSTR,2015-01-01 08:00:00,0.0
power,NBOR,hvdc_132:WSTR,2015-01-01 09:00:00,0.0
power,NBOR,hvdc_132:WSTR,2015-01-01 10:00:00,0.0
power,NBOR,hvdc_132:WSTR,2015-01-01 11:00:00,0.0
power,NBOR,hvdc_132:WSTR,2015-01-01 12:00:00,0.0
power,NBOR,hvdc_132:WSTR,2015-01-01 13:00:00,0.0
power,NBOR,hvdc_132:WSTR,2015-01-01 14:00:00,0.0
power,NBOR,hvdc_132:WSTR,2015-01-01 15:00:00,0.0
power,NBOR,hvdc_132:WSTR,2015-01-01 16:00:00,0.0
power,NBOR,hvdc_132:WSTR,2015-01-01 17:00:00,0.0
power,NBOR,hvdc_132:WSTR,2015-01-01 18:00:00,0.0
power,NBOR,hvdc_132:WSTR,2015-01-01 19:00:00,0.0
power,NBOR,hvdc_132:WSTR,2015-01-01 20:00:00,0.0
power,NBOR,hvdc_132:WSTR,2015-01-01 21:00:00,0.0
power,NBOR,hvdc_132:WSTR,2015-01-01 22:00:00,0.0
power,NBOR,hvdc_132:WSTR,2015-01-01 23:00:00,0.0
power,NBOR,hvdc_132:WSTR,2015-01-02 00:00:00,0.0
power,NBOR,hvdc_132:WSTR,2015-01-02 01:00:00,0.0
power,NBOR,hvdc_132:WSTR,2015-01-02 02:00:00,0.0
power,NBOR,hvdc_132:WSTR,2015-01-02 03:00:00,0.0
power,NBOR,hvdc_132:WSTR,2015-01-02 04:00:00,0.0
power,NBOR,hvdc_132:WSTR,2015-01-02 05:00:00,0.0
power,NBOR,hvdc_132:WSTR,2015-01-02 06:00:00,0.0
power,NBOR,hvdc_132:WSTR,2015-01-02 07:00:00,0.0
power,NBOR,hvdc_132:WSTR,2015-01-02 08:00:00,0.0
power,NBOR,hvdc_132:WSTR,2015-01-02 09:00:00,0.0
power,NBOR,hvdc_132:WSTR,2015-01-02 10:00:00,0.0
power,NBOR,hvdc_132:WSTR,2015-01-02 11:00:00,0.0
power,NBOR,hvdc_132:WSTR,2015-01-02 12:00:00,0.0
power,NBOR,hvdc_132:WSTR,2015-01-02 13:00:00,0.0
power,NBOR,hvdc_132:WSTR,2015-01-02 14:00:00,0.0
power,NBOR,hvdc_132:WSTR,2015-01-02 15:00:00,0.0
power,NBOR,hvdc_132:WSTR,2015-01-02 16:00:00,0.0
power,NBOR,hvdc_132:WSTR,2015-01-02 17:00:00,0.0
power,NBOR,hvdc_132:WSTR,2015-01-02 18:00:00,0.0
power,NBOR,hvdc_132:WSTR,2015-01-02 19:00:00,0.0
power,NBOR,hvdc_132:WSTR,2015-01-02 20:00:00,0.0
power,NBOR,hvdc_132:WSTR,2015-01-02 21:00:00,0.0
power,NBOR,hvdc_132:WSTR,2015-01-02 22:00:00,0.0
power,NBOR,hvdc_132:WSTR,2015-01-02 23:00:00,0.0
power,NBOR,hvdc_132:WSTR,2015-01-03 00:00:00,0.0
power,NBOR,hvdc_132:WSTR,2015-01-03 01:00:00,0.0
power,NBOR,hvdc_132:WSTR,2015-01-03 02:00:00,0.0
power,NBOR,hvdc_132:WSTR,2015-01-03 03:00:00,0.0
power,NBOR,hvdc_132:WSTR,2015-01-03 04:00:00,0.0
power,NBOR,hvdc_132:WSTR,2015-01-03 05:00:00,0.0
power,NBOR,hvdc_132:WSTR,2015-01-03 06:00:00,0.0
power,NBOR,hvdc_132:WSTR,2015-01-03 07:00:00,0.0
power,NBOR,hvdc_132:WSTR,2015-01-03 08:00:00,0.0
power,NBOR,hvdc_132:WSTR,2015-01-03 09:00:00,0.0
power,NBOR,hvdc_132:WSTR,2015-01-03 10:00:00,0.0
power,NBOR,hvdc_132:WSTR,2015-01-03 11:00:00,0.0
power,NBOR,hvdc_132:WSTR,2015-01-03 12:00:00,0.0
power,NBOR,hvdc_132:WSTR,2015-01-03 13:00:00,0.0
power,NBOR,hvdc_132:WSTR,2015-01-03 14:00:00,0.0
power,NBOR,hvdc_132:WSTR,2015-01-03 15:00:00,0.0
power,NBOR,hvdc_132:WSTR,2015-01-03 16:00:00,0.0
power,NBOR,hvdc_132:WSTR,2015-01-03 17:00:00,0.0
power,NBOR,hvdc_132:WSTR,2015-01-03 18:00:00,0.0
power,NBOR,hvdc_132:WSTR,2015-01-03 19:00:00,0.0
power,NBOR,hvdc_132:WSTR,2015-01-03 20:00:00,0.0
power,NBOR,hvdc_132:WSTR,2015-01-03 21:00:00,0.0
power,NBOR,hvdc_132:WSTR,2015-01-03 22:00:00,0.0
power,NBOR,hvdc_132:WSTR,2015-01-03 23:00:00,0.0
power,NBOR,hvdc_220:MTKR,2015-01-01 00:00:00,0.0
power,NBOR,hvdc_220:MTKR,2015-01-01 01:00:00,0.0
power,NBOR,hvdc_220:MTKR,2015-01-01 02:00:00,0.0
power,NBOR,hvdc_220:MTKR,2015-01-01 03:00:00,0.0
power,NBOR,hvdc_220:MTKR,2015-01-01 04:00:00,0.0
power,NBOR,hvdc_220:MTKR,2015-01-01 05:00:00,0.0
power,NBOR,hvdc_220:MTKR,2015-01-01 06:00:00,0.0
power,NBOR,hvdc_220:MTKR,2015-01-01 07:00:00,0.0
power,NBOR,hvdc_220:MTKR,2015-01-01 08:00:00,0.0
power,NBOR,hvdc_220:MTKR,2015-01-01 09:00:00,0.0
power,NBOR,hvdc_220:MTKR,2015-01-01 10:00:00,0.0
power,NBOR,hvdc_220:MTKR,2015-01-01 11:00:00,0.0
power,NBOR,hvdc_220:MTKR,2015-01-01 12:00:00,0.0
power,NBOR,hvdc_220:MTKR,2015-01-01 13:00:00,0.0
power,NBOR,hvdc_220:MTKR,2015-01-01 14:00:00,0.0
power,NBOR,hvdc_220:MTKR,2015-01-01 15:00:00,0.0
power,NBOR,hvdc_220:MTKR,2015-01-01 16:00:00,0.0
power,NBOR,hvdc_220:MTKR,2015-01-01 17:00:00,0.0
power,NBOR,hvdc_220:MTKR,2015-01-01 18:00:00,0.0
power,NBOR,hvdc_220:MTKR,2015-01-01 19:00:00,0.0
power,NBOR,hvdc_220:MTKR,2015-01-01 20:00:00,0.0
power,NBOR,hvdc_220:MTKR,2015-01-01 21:00:00,0.0
power,NBOR,hvdc_220:MTKR,2015-01-01 22:00:00,0.0
power,NBOR,hvdc_220:MTKR,2015-01-01 23:00:00,0.0
power,NBOR,hvdc_220:MTKR,2015-01-02 00:00:00,0.0
power,NBOR,hvdc_220:MTKR,2015-01-02 01:00:00,0.0
power,NBOR,hvdc_220:MTKR,2015-01-02 02:00:00,0.0
power,NBOR,hvdc_220:MTKR,2015-01-02 03:00:00,0.0
power,NBOR,hvdc_220:MTKR,2015-01-02 04:00:00,0.0
power,NBOR,hvdc_220:MTKR,2015-01-02 05:00:00,0.0
power,NBOR,hvdc_220:MTKR,2015-01-02 06:00:00,0.0
power,NBOR,hvdc_220:MTKR,2015-01-02 07:00:00,0.0
power,NBOR,hvdc_220:MTKR,2015-01-02 08:00:00,0.0
power,NBOR,hvdc_220:MTKR,2015-01-02 09:00:00,0.0
power,NBOR,hvdc_220:MTKR,2015-01-02 10:00:00,0.0
power,NBOR,hvdc_220:MTKR,2015-01-02 11:00:00,0.0
power,NBOR,hvdc_220:MTKR,2015-01-02 12:00:00,0.0
power,NBOR,hvdc_220:MTKR,2015-01-02 13:00:00,0.0
power,NBOR,hvdc_220:MTKR,2015-01-02 14:00:00,0.0
power,NBOR,hvdc_220:MTKR,2015-01-02 15:00:00,0.0
power,NBOR,hvdc_220:MTKR,2015-01-02 16:00:00,0.0
power,NBOR,hvdc_220:MTKR,2015-01-02 17:00:00,0.0
power,NBOR,hvdc_220:MTKR,2015-01-02 18:00:00,0.0
power,NBOR,hvdc_220:MTKR,2015-01-02 19:00:00,0.0
power,NBOR,hvdc_220:MTKR,2015-01-02 20:00:00,0.0
power,NBOR,hvdc_220:MTKR,2015-01-02 21:00:00,0.0
power,NBOR,hvdc_220:MTKR,2015-01-02 22:00:00,0.0
power,NBOR,hvdc_220:MTKR,2015-01-02 23:00:00,0.0
power,NBOR,hvdc_220:MTKR,2015-01-03 00:00:00,0.0
power,NBOR,hvdc_220:MTKR,2015-01-03 01:00:00,0.0
power,NBOR,hvdc_220:MTKR,2015-01-03 02:00:00,0.0
power,NBOR,hvdc_220:MTKR,2015-01-03 03:00:00,0.0
power,NBOR,hvdc_220:MTKR,2015-01-03 04:00:00,0.0
power,NBOR,hvdc_220:MTKR,2015-01-03 05:00:00,0.0
power,NBOR,hvdc_220:MTKR,2015-01-03 06:00:00,0.0
power,NBOR,hvdc_220:MTKR,2015-01-03 07:00:00,0.0
power,NBOR,hvdc_220:MTKR,2015-01-03 08:00:00,0.0
power,NBOR,hvdc_220:MTKR,2015-01-03 09:00:00,0.0
power,NBOR,hvdc_220:MTKR,2015-01-03 10:00:00,0.0
power,NBOR,hvdc_220:MTKR,2015-01-03 11:00:00,0.0
power,NBOR,hvdc_220:MTKR,2015-01-03 12:00:00,0.0
power,NBOR,hvdc_220:MTKR,2015-01-03 13:00:00,0.0
power,NBOR,hvdc_220:MTKR,2015-01-03 14:00:00,0.0
power,NBOR,hvdc_220:MTKR,2015-01-03 15:00:00,0.0
power,NBOR,hvdc_220:MTKR,2015-01-03 16:00:00,0.0
power,NBOR,hvdc_220:MTKR,2015-01-03 17:00:00,0.0
power,NBOR,hvdc_220:MTKR,2015-01-03 18:00:00,0.0
power,NBOR,hvdc_220:MTKR,2015-01-03 19:00:00,0.0
power,NBOR,hvdc_220:MTKR,2015-01-03 20:00:00,0.0
power,NBOR,hvdc_220:MTKR,2015-01-03 21:00:00,0.0
power,NBOR,hvdc_220:MTKR,2015-01-03 22:00:00,0.0
power,NBOR,hvdc_220:MTKR,2015-01-03 23:00:00,0.0
power,NBOR,hvdc_220:WSTR,2015-01-01 00:00:00,0.0
power,NBOR,hvdc_220:WSTR,2015-01-01 01:00:00,0.0
power,NBOR,hvdc_220:WSTR,2015-01-01 02:00:00,0.0
power,NBOR,hvdc_220:WSTR,2015-01-01 03:00:00,0.0
power,NBOR,hvdc_220:WSTR,2015-01-01 04:00:00,0.0
power,NBOR,hvdc_220:WSTR,2015-01-01 05:00:00,0.0
power,NBOR,hvdc_220:WSTR,2015-01-01 06:00:00,0.0
power,NBOR,hvdc_220:WSTR,2015-01-01 07:00:00,0.0
power,NBOR,hvdc_220:WSTR,2015-01-01 08:00:00,0.0
power,NBOR,hvdc_220:WSTR,2015-01-01 09:00:00,0.0
power,NBOR,hvdc_220:WSTR,2015-01-01 10:00:00,0.0
power,NBOR,hvdc_220:WSTR,2015-01-01 11:00:00,0.0
power,NBOR,hvdc_220:WSTR,2015-01-01 12:00:00,0.0
power,NBOR,hvdc_220:WSTR,2015-01-01 13:00:00,0.0
power,NBOR,hvdc_220:WSTR,2015-01-01 14:00:00,0.0
power,NBOR,hvdc_220:WSTR,2015-01-01 15:00:00,0.0
power,NBOR,hvdc_220:WSTR,2015-01-01 16:00:00,0.0
power,NBOR,hvdc_220:WSTR,2015-01-01 17:00:00,0.0
power,NBOR,hvdc_220:WSTR,2015-01-01 18:00:00,0.0
power,NBOR,hvdc_220:WSTR,2015-01-01 19:00:00,0.0
power,NBOR,hvdc_220:WSTR,2015-01-01 20:00:00,0.0
power,NBOR,hvdc_220:WSTR,2015-01-01 21:00:00,0.0
power,NBOR,hvdc_220:WSTR,2015-01-01 22:00:00,0.0
power,NBOR,hvdc_220:WSTR,2015-01-01 23:00:00,0.0
power,NBOR,hvdc_220:WSTR,2015-01-02 00:00:00,0.0
power,NBOR,hvdc_220:WSTR,2015-01-02 01:00:00,0.0
power,NBOR,hvdc_220:WSTR,2015-01-02 02:00:00,0.0
power,NBOR,hvdc_220:WSTR,2015-01-02 03:00:00,0.0
power,NBOR,hvdc_220:WSTR,2015-01-02 04:00:00,0.0
power,NBOR,hvdc_220:WSTR,2015-01-02 05:00:00,0.0
power,NBOR,hvdc_220:WSTR,2015-01-02 06:00:00,0.0
power,NBOR,hvdc_220:WSTR,2015-01-02 07:00:00,0.0
power,NBOR,hvdc_220:WSTR,2015-01-02 08:00:00,0.0
power,NBOR,hvdc_220:WSTR,2015-01-02 09:00:00,0.0
power,NBOR,hvdc_220:WSTR,2015-01-02 10:00:00,0.0
power,NBOR,hvdc_220:WSTR,2015-01-02 11:00:00,0.0
power,NBOR,hvdc_220:WSTR,2015-01-02 12:00:00,0.0
power,NBOR,hvdc_220:WSTR,2015-01-02 13:00:00,0.0
power,NBOR,hvdc_220:WSTR,2015-01-02 14:00:00,0.0
power,NBOR,hvdc_220:WSTR,2015-01-02 15:00:00,0.0
power,NBOR,hvdc_220:WSTR,2015-01-02 16:00:00,0.0
power,NBOR,hvdc_220:WSTR,2015-01-02 17:00:00,0.0
power,NBOR,hvdc_220:WSTR,2015-01-02 18:00:00,0.0
power,NBOR,hvdc_220:WSTR,2015-01-02 19:00:00,0.0
power,NBOR,hvdc_220:WSTR,2015-01-02 20:00:00,0.0
power,NBOR,hvdc_220:WSTR,2015-01-02 21:00:00,0.0
power,NBOR,hvdc_220:WSTR,2015-01-02 22:00:00,0.0
power,NBOR,hvdc_220:WSTR,2015-01-02 23:00:00,0.0
power,NBOR,hvdc_220:WSTR,2015-01-03 00:00:00,0.0
power,NBOR,hvdc_220:WSTR,2015-01-03 01:00:00,0.0
power,NBOR,hvdc_220:WSTR,2015-01-03 02:00:00,0.0
power,NBOR,hvdc_220:WSTR,2015-01-03 03:00:00,0.0
power,NBOR,hvdc_220:WSTR,2015-01-03 04:00:00,0.0
power,NBOR,hvdc_220:WSTR,2015-01-03 05:00:00,0.0
power,NBOR,hvdc_220:WSTR,2015-01-03 06:00:00,0.0
power,NBOR,hvdc_220:WSTR,2015-01-03 07:00:00,0.0
power,NBOR,hvdc_220:WSTR,2015-01-03 08:00:00,0.0
power,NBOR,hvdc_220:WSTR,2015-01-03 09:00:00,0.0
power,NBOR,hvdc_220:WSTR,2015-01-03 10:00:00,0.0
power,NBOR,hvdc_220:WSTR,2015-01-03 11:00:00,0.0
power,NBOR,hvdc_220:WSTR,2015-01-03 12:00:00,0.0
power,NBOR,hvdc_220:WSTR,2015-01-03 13:00:00,0.0
power,NBOR,hvdc_220:WSTR,2015-01-03 14:00:00,0.0
power,NBOR,hvdc_220:WSTR,2015-01-03 15:00:00,0.0
power,NBOR,hvdc_220:WSTR,2015-01-03 16:00:00,0.0
power,NBOR,hvdc_220:WSTR,2015-01-03 17:00:00,0.0
power,NBOR,hvdc_220:WSTR,2015-01-03 18:00:00,0.0
power,NBOR,hvdc_220:WSTR,2015-01-03 19:00:00,0.0
power,NBOR,hvdc_220:WSTR,2015-01-03 20:00:00,0.0
power,NBOR,hvdc_220:WSTR,2015-01-03 21:00:00,0.0
power,NBOR,hvdc_220:WSTR,2015-01-03 22:00:00,0.0
power,NBOR,hvdc_220:WSTR,2015-01-03 23:00:00,0.0
power,WSTR,demand_power,2015-01-01 00:00:00,-182724.125
power,WSTR,demand_power,2015-01-01 01:00:00,-162158.625
power,WSTR,demand_power,2015-01-01 02:00:00,-155793.625
power,WSTR,demand_power,2015-01-01 03:00:00,-151243.625
power,WSTR,demand_power,2015-01-01 04:00:00,-152448.625
power,WSTR,demand_power,2015-01-01 05:00:00,-167050.625
power,WSTR,demand_power,2015-01-01 06:00:00,-146388.625
power,WSTR,demand_power,2015-01-01 07:00:00,-142768.125
power,WSTR,demand_power,2015-01-01 08:00:00,-150496.625
power,WSTR,demand_power,2015-01-01 09:00:00,-153701.625
power,WSTR,demand_power,2015-01-01 10:00:00,-164546.0833
power,WSTR,demand_power,2015-01-01 11:00:00,-185012.5417
power,WSTR,demand_power,2015-01-01 12:00:00,-185311.5417
power,WSTR,demand_power,2015-01-01 13:00:00,-182356.5417
power,WSTR,demand_power,2015-01-01 14:00:00,-178095.5417
power,WSTR,demand_power,2015-01-01 15:00:00,-174168.5417
power,WSTR,demand_power,2015-01-01 16:00:00,-171633.5417
power,WSTR,demand_power,2015-01-01 17:00:00,-168890.5417
power,WSTR,demand_power,2015-01-01 18:00:00,-197391.5417
power,WSTR,demand_power,2015-01-01 19:00:00,-255036.5417
power,WSTR,demand_power,2015-01-01 20:00:00,-253428.5417
power,WSTR,demand_power,2015-01-01 21:00:00,-218879.5417
power,WSTR,demand_power,2015-01-01 22:00:00,-177041.5417
power,WSTR,demand_power,2015-01-01 23:00:00,-150484.5417
power,WSTR,demand_power,2015-01-02 00:00:00,-138822.5417
power,WSTR,demand_power,2015-01-02 01:00:00,-137093.5417
power,WSTR,demand_power,2015-01-02 02:00:00,-135112.5417
power,WSTR,demand_power,2015-01-02 03:00:00,-122977.5417
power,WSTR,demand_power,2015-01-02 04:00:00,-125099.5417
power,WSTR,demand_power,2015-01-02 05:00:00,-133831.5417
power,WSTR,demand_power,2015-01-02 06:00:00,-146791.5417
power,WSTR,demand_power,2015-01-02 07:00:00,-174571.5417
power,WSTR,demand_power,2015-01-02 08:00:00,-196268.5417
power,WSTR,demand_power,2015-01-02 09:00:00,-201407.5417
power,WSTR,demand_power,2015-01-02 10:00:00,-203939.5417
power,WSTR,demand_power,2015-01-02 11:00:00,-207168.5417
power,WSTR,demand_power,2015-01-02 12:00:00,-209590.5417
power,WSTR,demand_power,2015-01-02 13:00:00,-205223.5417
power,WSTR,demand_power,2015-01-02 14:00:00,-202619.5417
power,WSTR,demand_power,2015-01-02 15:00:00,-192062.5417
power,WSTR,demand_power,2015-01-02 16:00:00,-193606.5417
power,WSTR,demand_power,2015-01-02 17:00:00,-193720.5417
power,WSTR,demand_power,2015-01-02 18:00:00,-199916.5417
power,WSTR,demand_power,2015-01-02 19:00:00,-270424.5417
power,WSTR,demand_power,2015-01-02 20:00:00,-268228.5417
power,WSTR,demand_power,2015-01-02 21:00:00,-244067.5417
power,WSTR,demand_power,2015-01-02 22:00:00,-196377.5417
power,WSTR,demand_power,2015-01-02 23:00:00,-172820.5417
power,WSTR,demand_power,2015-01-03 00:00:00,-154386.4167
power,WSTR,demand_power,2015-01-03 01:00:00,-149110.4167
power,WSTR,demand_power,2015-01-03 02:00:00,-143524.4167
power,WSTR,demand_power,2015-01-03 03:00:00,-141399.4167
power,WSTR,demand_power,2015-01-03 04:00:00,-139224.4167
power,WSTR,demand_power,2015-01-03 05:00:00,-147423.4167
power,WSTR,demand_power,2015-01-03 06:00:00,-167883.4167
power,WSTR,demand_power,2015-01-03 07:00:00,-185122.4167
power,WSTR,demand_power,2015-01-03 08:00:00,-202265.4167
power,WSTR,demand_power,2015-01-03 09:00:00,-205512.4167
power,WSTR,demand_power,2015-01-03 10:00:00,-209508.4167
power,WSTR,demand_power,2015-01-03 11:00:00,-202490.4167
power,WSTR,demand_power,2015-01-03 12:00:00,-213634.4167
power,WSTR,demand_power,2015-01-03 13:00:00,-201272.4167
power,WSTR,demand_power,2015-01-03 14:00:00,-180253.4167
power,WSTR,demand_power,2015-01-03 15:00:00,-178804.4167
power,WSTR,demand_power,2015-01-03 16:00:00,-191535.4167
power,WSTR,demand_power,2015-01-03 17:00:00,-199450.4167
power,WSTR,demand_power,2015-01-03 18:00:00,-220642.4167
power,WSTR,demand_power,2015-01-03 19:00:00,-277792.4167
power,WSTR,demand_power,2015-01-03 20:00:00,-266693.4167
power,WSTR,demand_power,2015-01-03 21:00:00,-237472.4167
power,WSTR,demand_power,2015-01-03 22:00:00,-214797.4167
power,WSTR,demand_power,2015-01-03 23:00:00,-172075.4167
power,WSTR,hvdc_132:MTKR,2015-01-01 00:00:00,-44144.4170156537
power,WSTR,hvdc_132:MTKR,2015-01-01 01:00:00,-54773.36386040572
power,WSTR,hvdc_132:MTKR,2015-01-01 02:00:00,-52370.03546077942
power,WSTR,hvdc_132:MTKR,2015-01-01 03:00:00,-46742.96831425685
power,WSTR,hvdc_132:MTKR,2015-01-01 04:00:00,-38615.5158050978
power,WSTR,hvdc_132:MTKR,2015-01-01 05:00:00,-41745.69920256273
power,WSTR,hvdc_132:MTKR,2015-01-01 06:00:00,-21523.2780228905
power,WSTR,hvdc_132:MTKR,2015-01-01 07:00:00,-17705.45996988993
power,WSTR,hvdc_132:MTKR,2015-01-01 08:00:00,-9733.308340151103
power,WSTR,hvdc_132:MTKR,2015-01-01 09:00:00,0.0
power,WSTR,hvdc_132:MTKR,2015-01-01 10:00:00,0.0
power,WSTR,hvdc_132:MTKR,2015-01-01 11:00:00,0.0
power,WSTR,hvdc_132:MTKR,2015-01-01 12:00:00,0.0
power,WSTR,hvdc_132:MTKR,2015-01-01 13:00:00,0.0
power,WSTR,hvdc_132:MTKR,2015-01-01 14:00:00,0.0
power,WSTR,hvdc_132:MTKR,2015-01-01 15:00:00,0.0
power,WSTR,hvdc_132:MTKR,2015-01-01 16:00:00,-22581.847124032614
power,WSTR,hvdc_132:MTKR,2015-01-01 17:00:00,-39270.93044707186
power,WSTR,hvdc_132:MTKR,2015-01-01 18:00:00,-46303.66339068819
power,WSTR,hvdc_132:MTKR,2015-01-01 19:00:00,-15741.152713107766
power,WSTR,hvdc_132:MTKR,2015-01-01 20:00:00,-22529.472735820724
power,WSTR,hvdc_132:MTKR,2015-01-01 21:00:00,-10987.887290912338
power,WSTR,hvdc_132:MTKR,2015-01-01 22:00:00,-29805.823644914515
power,WSTR,hvdc_132:MTKR,2015-01-01 23:00:00,-31077.814040947036
power,WSTR,hvdc_132:MTKR,2015-01-02 00:00:00,-47635.24637033348
power,WSTR,hvdc_132:MTKR,2015-01-02 01:00:00,-63631.36095736583
power,WSTR,hvdc_132:MTKR,2015-01-02 02:00:00,-74401.37742010434
power,WSTR,hvdc_132:MTKR,2015-01-02 03:00:00,-90304.12622199519
power,WSTR,hvdc_132:MTKR,2015-01-02 04:00:00,-90401.3432964385
power,WSTR,hvdc_132:MTKR,2015-01-02 05:00:00,-66903.24961774494
power,WSTR,hvdc_132:MTKR,2015-01-02 06:00:00,-2071.8481677768286
power,WSTR,hvdc_132:MTKR,2015-01-02 07:00:00,0.0
power,WSTR,hvdc_132:MTKR,2015-01-02 08:00:00,0.0
power,WSTR,hvdc_132:MTKR,2015-01-02 09:00:00,0.0
power,WSTR,hvdc_132:MTKR,2015-01-02 10:00:00,0.0
power,WSTR,hvdc_132:MTKR,2015-01-02 11:00:00,0.0
power,WSTR,hvdc_132:MTKR,2015-01-02 12:00:00,0.0
power,WSTR,hvdc_132:MTKR,2015-01-02 13:00:00,0.0
power,WSTR,hvdc_132:MTKR,2015-01-02 14:00:00,0.0
power,WSTR,hvdc_132:MTKR,2015-01-02 15:00:00,0.0
power,WSTR,hvdc_132:MTKR,2015-01-02 16:00:00,0.0
power,WSTR,hvdc_132:MTKR,2015-01-02 17:00:00,0.0
power,WSTR,hvdc_132:MTKR,2015-01-02 18:00:00,0.0
power,WSTR,hvdc_132:MTKR,2015-01-02 19:00:00,0.0
power,WSTR,hvdc_132:MTKR,2015-01-02 20:00:00,-22749.884410245755
power,WSTR,hvdc_132:MTKR,2015-01-02 21:00:00,-14997.893430059612
power,WSTR,hvdc_132:MTKR,2015-01-02 22:00:00,-979.571006419863
power,WSTR,hvdc_132:MTKR,2015-01-02 23:00:00,-43403.45256789639
power,WSTR,hvdc_132:MTKR,2015-01-03 00:00:00,-32725.650111370614
power,WSTR,hvdc_132:MTKR,2015-01-03 01:00:00,-18128.53174063001
power,WSTR,hvdc_132:MTKR,2015-01-03 02:00:00,-16920.066413548775
power,WSTR,hvdc_132:MTKR,2015-01-03 03:00:00,-15835.795119278593
power,WSTR,hvdc_132:MTKR,2015-01-03 04:00:00,-14046.246640661499
power,WSTR,hvdc_132:MTKR,2015-01-03 05:00:00,-16555.559817122932
power,WSTR,hvdc_132:MTKR,2015-01-03 06:00:00,-17518.298723513755
power,WSTR,hvdc_132:MTKR,2015-01-03 07:00:00,0.0
power,WSTR,hvdc_132:MTKR,2015-01-03 08:00:00,0.0
power,WSTR,hvdc_132:MTKR,2015-01-03 09:00:00,0.0
power,WSTR,hvdc_132:MTKR,2015-01-03 10:00:00,0.0
power,WSTR,hvdc_132:MTKR,2015-01-03 11:00:00,0.0
power,WSTR,hvdc_132:MTKR,2015-01-03 12:00:00,0.0
power,WSTR,hvdc_132:MTKR,2015-01-03 13:00:00,0.0
power,WSTR,hvdc_132:MTKR,2015-01-03 14:00:00,0.0
power,WSTR,hvdc_132:MTKR,2015-01-03 15:00:00,0.0
power,WSTR,hvdc_132:MTKR,2015-01-03 16:00:00,0.0
power,WSTR,hvdc_132:MTKR,2015-01-03 17:00:00,0.0
power,WSTR,hvdc_132:MTKR,2015-01-03 18:00:00,0.0
power,WSTR,hvdc_132:MTKR,2015-01-03 19:00:00,0.0
power,WSTR,hvdc_132:MTKR,2015-01-03 20:00:00,0.0
power,WSTR,hvdc_132:MTKR,2015-01-03 21:00:00,-12196.331956108383
power,WSTR,hvdc_132:MTKR,2015-01-03 22:00:00,-5069.864105013265
power,WSTR,hvdc_132:MTKR,2015-01-03 23:00:00,-48920.383808718274
power,WSTR,hvdc_132:NBOR,2015-01-01 00:00:00,0.0
power,WSTR,hvdc_132:NBOR,2015-01-01 01:00:00,0.0
power,WSTR,hvdc_132:NBOR,2015-01-01 02:00:00,0.0
power,WSTR,hvdc_132:NBOR,2015-01-01 03:00:00,0.0
power,WSTR,hvdc_132:NBOR,2015-01-01 04:00:00,0.0
power,WSTR,hvdc_132:NBOR,2015-01-01 05:00:00,0.0
power,WSTR,hvdc_132:NBOR,2015-01-01 06:00:00,0.0
power,WSTR,hvdc_132:NBOR,2015-01-01 07:00:00,0.0
power,WSTR,hvdc_132:NBOR,2015-01-01 08:00:00,0.0
power,WSTR,hvdc_132:NBOR,2015-01-01 09:00:00,0.0
power,WSTR,hvdc_132:NBOR,2015-01-01 10:00:00,0.0
power,WSTR,hvdc_132:NBOR,2015-01-01 11:00:00,0.0
power,WSTR,hvdc_132:NBOR,2015-01-01 12:00:00,0.0
power,WSTR,hvdc_132:NBOR,2015-01-01 13:00:00,0.0
power,WSTR,hvdc_132:NBOR,2015-01-01 14:00:00,0.0
power,WSTR,hvdc_132:NBOR,2015-01-01 15:00:00,0.0
power,WSTR,hvdc_132:NBOR,2015-01-01 16:00:00,0.0
power,WSTR,hvdc_132:NBOR,2015-01-01 17:00:00,0.0
power,WSTR,hvdc_132:NBOR,2015-01-01 18:00:00,0.0
power,WSTR,hvdc_132:NBOR,2015-01-01 19:00:00,0.0
power,WSTR,hvdc_132:NBOR,2015-01-01 20:00:00,0.0
power,WSTR,hvdc_132:NBOR,2015-01-01 21:00:00,0.0
power,WSTR,hvdc_132:NBOR,2015-01-01 22:00:00,0.0
power,WSTR,hvdc_132:NBOR,2015-01-01 23:00:00,0.0
power,WSTR,hvdc_132:NBOR,2015-01-02 00:00:00,0.0
power,WSTR,hvdc_132:NBOR,2015-01-02 01:00:00,0.0
power,WSTR,hvdc_132:NBOR,2015-01-02 02:00:00,0.0
power,WSTR,hvdc_132:NBOR,2015-01-02 03:00:00,0.0
power,WSTR,hvdc_132:NBOR,2015-01-02 04:00:00,0.0
power,WSTR,hvdc_132:NBOR,2015-01-02 05:00:00,0.0
power,WSTR,hvdc_132:NBOR,2015-01-02 06:00:00,0.0
power,WSTR,hvdc_132:NBOR,2015-01-02 07:00:00,0.0
power,WSTR,hvdc_132:NBOR,2015-01-02 08:00:00,0.0
power,WSTR,hvdc_132:NBOR,2015-01-02 09:00:00,0.0
power,WSTR,hvdc_132:NBOR,2015-01-02 10:00:00,0.0
power,WSTR,hvdc_132:NBOR,2015-01-02 11:00:00,0.0
power,WSTR,hvdc_132:NBOR,2015-01-02 12:00:00,0.0
power,WSTR,hvdc_132:NBOR,2015-01-02 13:00:00,0.0
power,WSTR,hvdc_132:NBOR,2015-01-02 14:00:00,0.0
power,WSTR,hvdc_132:NBOR,2015-01-02 15:00:00,0.0
power,WSTR,hvdc_132:NBOR,2015-01-02 16:00:00,0.0
power,WSTR,hvdc_132:NBOR,2015-01-02 17:00:00,0.0
power,WSTR,hvdc_132:NBOR,2015-01-02 18:00:00,0.0
power,WSTR,hvdc_132:NBOR,2015-01-02 19:00:00,0.0
power,WSTR,hvdc_132:NBOR,2015-01-02 20:00:00,0.0
power,WSTR,hvdc_132:NBOR,2015-01-02 21:00:00,0.0
power,WSTR,hvdc_132:NBOR,2015-01-02 22:00:00,0.0
power,WSTR,hvdc_132:NBOR,2015-01-02 23:00:00,0.0
power,WSTR,hvdc_132:NBOR,2015-01-03 00:00:00,0.0
power,WSTR,hvdc_132:NBOR,2015-01-03 01:00:00,0.0
power,WSTR,hvdc_132:NBOR,2015-01-03 02:00:00,0.0
power,WSTR,hvdc_132:NBOR,2015-01-03 03:00:00,0.0
power,WSTR,hvdc_132:NBOR,2015-01-03 04:00:00,0.0
power,WSTR,hvdc_132:NBOR,2015-01-03 05:00:00,0.0
power,WSTR,hvdc_132:NBOR,2015-01-03 06:00:00,0.0
power,WSTR,hvdc_132:NBOR,2015-01-03 07:00:00,0.0
power,WSTR,hvdc_132:NBOR,2015-01-03 08:00:00,0.0
power,WSTR,hvdc_132:NBOR,2015-01-03 09:00:00,0.0
power,WSTR,hvdc_132:NBOR,2015-01-03 10:00:00,0.0
power,WSTR,hvdc_132:NBOR,2015-01-03 11:00:00,0.0
power,WSTR,hvdc_132:NBOR,2015-01-03 12:00:00,0.0
power,WSTR,hvdc_132:NBOR,2015-01-03 13:00:00,0.0
power,WSTR,hvdc_132:NBOR,2015-01-03 14:00:00,0.0
power,WSTR,hvdc_132:NBOR,2015-01-03 15:00:00,0.0
power,WSTR,hvdc_132:NBOR,2015-01-03 16:00:00,0.0
power,WSTR,hvdc_132:NBOR,2015-01-03 17:00:00,0.0
power,WSTR,hvdc_132:NBOR,2015-01-03 18:00:00,0.0
power,WSTR,hvdc_132:NBOR,2015-01-03 19:00:00,0.0
power,WSTR,hvdc_132:NBOR,2015-01-03 20:00:00,0.0
power,WSTR,hvdc_132:NBOR,2015-01-03 21:00:00,0.0
power,WSTR,hvdc_132:NBOR,2015-01-03 22:00:00,0.0
power,WSTR,hvdc_132:NBOR,2015-01-03 23:00:00,0.0
power,WSTR,hvdc_220:NBOR,2015-01-01 00:00:00,-484756.871163535
power,WSTR,hvdc_220:NBOR,2015-01-01 01:00:00,-447182.74892867316
power,WSTR,hvdc_220:NBOR,2015-01-01 02:00:00,-445266.38253211655
power,WSTR,hvdc_220:NBOR,2015-01-01 03:00:00,-441192.9196529588
power,WSTR,hvdc_220:NBOR,2015-01-01 04:00:00,-433733.4008616022
power,WSTR,hvdc_220:NBOR,2015-01-01 05:00:00,-436818.5228458284
power,WSTR,hvdc_220:NBOR,2015-01-01 06:00:00,-463777.62567482854
power,WSTR,hvdc_220:NBOR,2015-01-01 07:00:00,-477101.71763609233
power,WSTR,hvdc_220:NBOR,2015-01-01 08:00:00,-500488.99439765635
power,WSTR,hvdc_220:NBOR,2015-01-01 09:00:00,-478817.66386303876
power,WSTR,hvdc_220:NBOR,2015-01-01 10:00:00,-468908.16446040117
power,WSTR,hvdc_220:NBOR,2015-01-01 11:00:00,-468433.4691114683
power,WSTR,hvdc_220:NBOR,2015-01-01 12:00:00,-467068.19800718356
power,WSTR,hvdc_220:NBOR,2015-01-01 13:00:00,-493516.81996570586
power,WSTR,hvdc_220:NBOR,2015-01-01 14:00:00,-489071.44272163586
power,WSTR,hvdc_220:NBOR,2015-01-01 15:00:00,-488876.438136073
power,WSTR,hvdc_220:NBOR,2015-01-01 16:00:00,-482860.1406204969
power,WSTR,hvdc_220:NBOR,2015-01-01 17:00:00,-471131.4459554236
power,WSTR,hvdc_220:NBOR,2015-01-01 18:00:00,-499846.36491374625
power,WSTR,hvdc_220:NBOR,2015-01-01 19:00:00,-541714.7292197722
power,WSTR,hvdc_220:NBOR,2015-01-01 20:00:00,-533768.5284181084
power,WSTR,hvdc_220:NBOR,2015-01-01 21:00:00,-528260.3690070576
power,WSTR,hvdc_220:NBOR,2015-01-01 22:00:00,-506980.096282199
power,WSTR,hvdc_220:NBOR,2015-01-01 23:00:00,-469526.4078173517
power,WSTR,hvdc_220:NBOR,2015-01-02 00:00:00,-438379.7535963665
power,WSTR,hvdc_220:NBOR,2015-01-02 01:00:00,-424112.6390093342
power,WSTR,hvdc_220:NBOR,2015-01-02 02:00:00,-415323.6225465956
power,WSTR,hvdc_220:NBOR,2015-01-02 03:00:00,-407317.18981021823
power,WSTR,hvdc_220:NBOR,2015-01-02 04:00:00,-406604.95844442723
power,WSTR,hvdc_220:NBOR,2015-01-02 05:00:00,-424102.7503489551
power,WSTR,hvdc_220:NBOR,2015-01-02 06:00:00,-475974.15179892315
power,WSTR,hvdc_220:NBOR,2015-01-02 07:00:00,-450265.9999667
power,WSTR,hvdc_220:NBOR,2015-01-02 08:00:00,-465135.1936580807
power,WSTR,hvdc_220:NBOR,2015-01-02 09:00:00,-509934.07378329214
power,WSTR,hvdc_220:NBOR,2015-01-02 10:00:00,-514714.7722555986
power,WSTR,hvdc_220:NBOR,2015-01-02 11:00:00,-502039.836559628
power,WSTR,hvdc_220:NBOR,2015-01-02 12:00:00,-512905.00578895246
power,WSTR,hvdc_220:NBOR,2015-01-02 13:00:00,-522986.764294854
power,WSTR,hvdc_220:NBOR,2015-01-02 14:00:00,-529728.9176011162
power,WSTR,hvdc_220:NBOR,2015-01-02 15:00:00,-547338.5019758824
power,WSTR,hvdc_220:NBOR,2015-01-02 16:00:00,-547189.8162091845
power,WSTR,hvdc_220:NBOR,2015-01-02 17:00:00,-549844.6664528674
power,WSTR,hvdc_220:NBOR,2015-01-02 18:00:00,-602760.9999667
power,WSTR,hvdc_220:NBOR,2015-01-02 19:00:00,-555772.9999667
power,WSTR,hvdc_220:NBOR,2015-01-02 20:00:00,-533909.1155564542
power,WSTR,hvdc_220:NBOR,2015-01-02 21:00:00,-548432.1065366403
power,WSTR,hvdc_220:NBOR,2015-01-02 22:00:00,-549918.0154260108
power,WSTR,hvdc_220:NBOR,2015-01-02 23:00:00,-506534.7436665552
power,WSTR,hvdc_220:NBOR,2015-01-03 00:00:00,-448076.930541794
power,WSTR,hvdc_220:NBOR,2015-01-03 01:00:00,-457325.46822607
power,WSTR,hvdc_220:NBOR,2015-01-03 02:00:00,-464119.93355315126
power,WSTR,hvdc_220:NBOR,2015-01-03 03:00:00,-467329.2048474214
power,WSTR,hvdc_220:NBOR,2015-01-03 04:00:00,-471293.7533260385
power,WSTR,hvdc_220:NBOR,2015-01-03 05:00:00,-460585.4401495771
power,WSTR,hvdc_220:NBOR,2015-01-03 06:00:00,-480052.8780620448
power,WSTR,hvdc_220:NBOR,2015-01-03 07:00:00,-519628.4024002931
power,WSTR,hvdc_220:NBOR,2015-01-03 08:00:00,-552075.707926086
power,WSTR,hvdc_220:NBOR,2015-01-03 09:00:00,-586701.9999667
power,WSTR,hvdc_220:NBOR,2015-01-03 10:00:00,-582265.9999667
power,WSTR,hvdc_220:NBOR,2015-01-03 11:00:00,-590523.9999667
power,WSTR,hvdc_220:NBOR,2015-01-03 12:00:00,-575559.9999667
power,WSTR,hvdc_220:NBOR,2015-01-03 13:00:00,-574825.5946261919
power,WSTR,hvdc_220:NBOR,2015-01-03 14:00:00,-545855.3009810563
power,WSTR,hvdc_220:NBOR,2015-01-03 15:00:00,-548000.2677121649
power,WSTR,hvdc_220:NBOR,2015-01-03 16:00:00,-546849.2249920578
power,WSTR,hvdc_220:NBOR,2015-01-03 17:00:00,-544640.7252991933
power,WSTR,hvdc_220:NBOR,2015-01-03 18:00:00,-562976.0307098594
power,WSTR,hvdc_220:NBOR,2015-01-03 19:00:00,-550291.9999667
power,WSTR,hvdc_220:NBOR,2015-01-03 20:00:00,-561070.9999667
power,WSTR,hvdc_220:NBOR,2015-01-03 21:00:00,-579975.6680105916
power,WSTR,hvdc_220:NBOR,2015-01-03 22:00:00,-562013.465414705
power,WSTR,hvdc_220:NBOR,2015-01-03 23:00:00,-518479.72769457684
