carriers,nodes,techs,timesteps,carrier_prod
power,CSTR,HFO_pp,2015-01-01 00:00:00,0.0
power,CSTR,HFO_pp,2015-01-01 01:00:00,0.0
power,CSTR,HFO_pp,2015-01-01 02:00:00,0.0
power,CSTR,HFO_pp,2015-01-01 03:00:00,0.0
power,CSTR,HFO_pp,2015-01-01 04:00:00,0.0
power,CSTR,HFO_pp,2015-01-01 05:00:00,0.0
power,CSTR,HFO_pp,2015-01-01 06:00:00,0.0
power,CSTR,HFO_pp,2015-01-01 07:00:00,0.0
power,CSTR,HFO_pp,2015-01-01 08:00:00,0.0
power,CSTR,HFO_pp,2015-01-01 09:00:00,0.0
power,CSTR,HFO_pp,2015-01-01 10:00:00,0.0
power,CSTR,HFO_pp,2015-01-01 11:00:00,0.0
power,CSTR,HFO_pp,2015-01-01 12:00:00,0.0
power,CSTR,HFO_pp,2015-01-01 13:00:00,0.0
power,CSTR,HFO_pp,2015-01-01 14:00:00,0.0
power,CSTR,HFO_pp,2015-01-01 15:00:00,0.0
power,CSTR,HFO_pp,2015-01-01 16:00:00,0.0
power,CSTR,HFO_pp,2015-01-01 17:00:00,0.0
power,CSTR,HFO_pp,2015-01-01 18:00:00,0.0
power,CSTR,HFO_pp,2015-01-01 19:00:00,0.0
power,CSTR,HFO_pp,2015-01-01 20:00:00,0.0
power,CSTR,HFO_pp,2015-01-01 21:00:00,0.0
power,CSTR,HFO_pp,2015-01-01 22:00:00,0.0
power,CSTR,HFO_pp,2015-01-01 23:00:00,0.0
power,CSTR,HFO_pp,2015-01-02 00:00:00,0.0
power,CSTR,HFO_pp,2015-01-02 01:00:00,0.0
power,CSTR,HFO_pp,2015-01-02 02:00:00,0.0
power,CSTR,HFO_pp,2015-01-02 03:00:00,0.0
power,CSTR,HFO_pp,2015-01-02 04:00:00,0.0
power,CSTR,HFO_pp,2015-01-02 05:00:00,0.0
power,CSTR,HFO_pp,2015-01-02 06:00:00,0.0
power,CSTR,HFO_pp,2015-01-02 07:00:00,0.0
power,CSTR,HFO_pp,2015-01-02 08:00:00,0.0
power,CSTR,HFO_pp,2015-01-02 09:00:00,0.0
power,CSTR,HFO_pp,2015-01-02 10:00:00,0.0
power,CSTR,HFO_pp,2015-01-02 11:00:00,0.0
power,CSTR,HFO_pp,2015-01-02 12:00:00,0.0
power,CSTR,HFO_pp,2015-01-02 13:00:00,0.0
power,CSTR,HFO_pp,2015-01-02 14:00:00,0.0
power,CSTR,HFO_pp,2015-01-02 15:00:00,0.0
power,CSTR,HFO_pp,2015-01-02 16:00:00,0.0
power,CSTR,HFO_pp,2015-01-02 17:00:00,0.0
power,CSTR,HFO_pp,2015-01-02 18:00:00,16234.56660056315
power,CSTR,HFO_pp,2015-01-02 19:00:00,167413.14714892962
power,CSTR,HFO_pp,2015-01-02 20:00:00,116665.02976603006
power,CSTR,HFO_pp,2015-01-02 21:00:00,87055.07289848488
power,CSTR,HFO_pp,2015-01-02 22:00:00,0.0
power,CSTR,HFO_pp,2015-01-02 23:00:00,0.0
power,CSTR,HFO_pp,2015-01-03 00:00:00,0.0
power,CSTR,HFO_pp,2015-01-03 01:00:00,0.0
power,CSTR,HFO_pp,2015-01-03 02:00:00,0.0
power,CSTR,HFO_pp,2015-01-03 03:00:00,0.0
power,CSTR,HFO_pp,2015-01-03 04:00:00,0.0
power,CSTR,HFO_pp,2015-01-03 05:00:00,0.0
power,CSTR,HFO_pp,2015-01-03 06:00:00,0.0
power,CSTR,HFO_pp,2015-01-03 07:00:00,0.0
power,CSTR,HFO_pp,2015-01-03 08:00:00,0.0
power,CSTR,HFO_pp,2015-01-03 09:00:00,228.46543905657018
power,CSTR,HFO_pp,2015-01-03 10:00:00,2631.862178972602
power,CSTR,HFO_pp,2015-01-03 11:00:00,813.7037891294458
power,CSTR,HFO_pp,2015-01-03 12:00:00,14170.407297541155
power,CSTR,HFO_pp,2015-01-03 13:00:00,0.0
power,CSTR,HFO_pp,2015-01-03 14:00:00,0.0
power,CSTR,HFO_pp,2015-01-03 15:00:00,0.0
power,CSTR,HFO_pp,2015-01-03 16:00:00,0.0
power,CSTR,HFO_pp,2015-01-03 17:00:00,0.0
power,CSTR,HFO_pp,2015-01-03 18:00:00,0.0
power,CSTR,HFO_pp,2015-01-03 19:00:00,141056.9971784529
power,CSTR,HFO_pp,2015-01-03 20:00:00,141703.02949964133
power,CSTR,HFO_pp,2015-01-03 21:00:00,82579.83506273545
power,CSTR,HFO_pp,2015-01-03 22:00:00,0.0
power,CSTR,HFO_pp,2015-01-03 23:00:00,0.0
power,CSTR,hvdc_132:MTKR,2015-01-01 00:00:00,0.0
power,CSTR,hvdc_132:MTKR,2015-01-01 01:00:00,0.0
power,CSTR,hvdc_132:MTKR,2015-01-01 02:00:00,0.0
power,CSTR,hvdc_132:MTKR,2015-01-01 03:00:00,0.0
power,CSTR,hvdc_132:MTKR,2015-01-01 04:00:00,0.0
power,CSTR,hvdc_132:MTKR,2015-01-01 05:00:00,0.0
power,CSTR,hvdc_132:MTKR,2015-01-01 06:00:00,0.0
power,CSTR,hvdc_132:MTKR,2015-01-01 07:00:00,0.0
power,CSTR,hvdc_132:MTKR,2015-01-01 08:00:00,0.0
power,CSTR,hvdc_132:MTKR,2015-01-01 09:00:00,0.0
power,CSTR,hvdc_132:MTKR,2015-01-01 10:00:00,0.0
power,CSTR,hvdc_132:MTKR,2015-01-01 11:00:00,0.0
power,CSTR,hvdc_132:MTKR,2015-01-01 12:00:00,0.0
power,CSTR,hvdc_132:MTKR,2015-01-01 13:00:00,0.0
power,CSTR,hvdc_132:MTKR,2015-01-01 14:00:00,0.0
power,CSTR,hvdc_132:MTKR,2015-01-01 15:00:00,0.0
power,CSTR,hvdc_132:MTKR,2015-01-01 16:00:00,0.0
power,CSTR,hvdc_132:MTKR,2015-01-01 17:00:00,0.0
power,CSTR,hvdc_132:MTKR,2015-01-01 18:00:00,60215.24384344416
power,CSTR,hvdc_132:MTKR,2015-01-01 19:00:00,79849.92831318695
power,CSTR,hvdc_132:MTKR,2015-01-01 20:00:00,79849.92831318695
power,CSTR,hvdc_132:MTKR,2015-01-01 21:00:00,0.0
power,CSTR,hvdc_132:MTKR,2015-01-01 22:00:00,0.0
power,CSTR,hvdc_132:MTKR,2015-01-01 23:00:00,0.0
power,CSTR,hvdc_132:MTKR,2015-01-02 00:00:00,0.0
power,CSTR,hvdc_132:MTKR,2015-01-02 01:00:00,0.0
power,CSTR,hvdc_132:MTKR,2015-01-02 02:00:00,0.0
power,CSTR,hvdc_132:MTKR,2015-01-02 03:00:00,0.0
power,CSTR,hvdc_132:MTKR,2015-01-02 04:00:00,0.0
power,CSTR,hvdc_132:MTKR,2015-01-02 05:00:00,0.0
power,CSTR,hvdc_132:MTKR,2015-01-02 06:00:00,0.0
power,CSTR,hvdc_132:MTKR,2015-01-02 07:00:00,0.0
power,CSTR,hvdc_132:MTKR,2015-01-02 08:00:00,0.0
power,CSTR,hvdc_132:MTKR,2015-01-02 09:00:00,0.0
power,CSTR,hvdc_132:MTKR,2015-01-02 10:00:00,0.0
power,CSTR,hvdc_132:MTKR,2015-01-02 11:00:00,0.0
power,CSTR,hvdc_132:MTKR,2015-01-02 12:00:00,0.0
power,CSTR,hvdc_132:MTKR,2015-01-02 13:00:00,0.0
power,CSTR,hvdc_132:MTKR,2015-01-02 14:00:00,0.0
power,CSTR,hvdc_132:MTKR,2015-01-02 15:00:00,0.0
power,CSTR,hvdc_132:MTKR,2015-01-02 16:00:00,0.0
power,CSTR,hvdc_132:MTKR,2015-01-02 17:00:00,0.0
power,CSTR,hvdc_132:MTKR,2015-01-02 18:00:00,79849.92831318695
power,CSTR,hvdc_132:MTKR,2015-01-02 19:00:00,54131.852851070376
power,CSTR,hvdc_132:MTKR,2015-01-02 20:00:00,79849.92831318695
power,CSTR,hvdc_132:MTKR,2015-01-02 21:00:00,79849.92831318695
power,CSTR,hvdc_132:MTKR,2015-01-02 22:00:00,0.0
power,CSTR,hvdc_132:MTKR,2015-01-02 23:00:00,0.0
power,CSTR,hvdc_132:MTKR,2015-01-03 00:00:00,0.0
power,CSTR,hvdc_132:MTKR,2015-01-03 01:00:00,0.0
power,CSTR,hvdc_132:MTKR,2015-01-03 02:00:00,0.0
power,CSTR,hvdc_132:MTKR,2015-01-03 03:00:00,0.0
power,CSTR,hvdc_132:MTKR,2015-01-03 04:00:00,0.0
power,CSTR,hvdc_132:MTKR,2015-01-03 05:00:00,0.0
power,CSTR,hvdc_132:MTKR,2015-01-03 06:00:00,0.0
power,CSTR,hvdc_132:MTKR,2015-01-03 07:00:00,0.0
power,CSTR,hvdc_132:MTKR,2015-01-03 08:00:00,79849.92831318695
power,CSTR,hvdc_132:MTKR,2015-01-03 09:00:00,79849.92831318695
power,CSTR,hvdc_132:MTKR,2015-01-03 10:00:00,79849.92831318695
power,CSTR,hvdc_132:MTKR,2015-01-03 11:00:00,79849.92831318695
power,CSTR,hvdc_132:MTKR,2015-01-03 12:00:00,79849.92831318695
power,CSTR,hvdc_132:MTKR,2015-01-03 13:00:00,79849.92831318695
power,CSTR,hvdc_132:MTKR,2015-01-03 14:00:00,0.0
power,CSTR,hvdc_132:MTKR,2015-01-03 15:00:00,0.0
power,CSTR,hvdc_132:MTKR,2015-01-03 16:00:00,0.0
power,CSTR,hvdc_132:MTKR,2015-01-03 17:00:00,0.0
power,CSTR,hvdc_132:MTKR,2015-01-03 18:00:00,79849.92831318695
power,CSTR,hvdc_132:MTKR,2015-01-03 19:00:00,58648.00282154709
power,CSTR,hvdc_132:MTKR,2015-01-03 20:00:00,61031.97050035867
power,CSTR,hvdc_132:MTKR,2015-01-03 21:00:00,79849.92831318695
power,CSTR,hvdc_132:MTKR,2015-01-03 22:00:00,71200.24384344416
power,CSTR,hvdc_132:MTKR,2015-01-03 23:00:00,53085.24384344416
power,CSTR,hvdc_132:NBOR,2015-01-01 00:00:00,116464.75615655584
power,CSTR,hvdc_132:NBOR,2015-01-01 01:00:00,116464.75615655584
power,CSTR,hvdc_132:NBOR,2015-01-01 02:00:00,116464.75615655584
power,CSTR,hvdc_132:NBOR,2015-01-01 03:00:00,116464.75615655584
power,CSTR,hvdc_132:NBOR,2015-01-01 04:00:00,116464.75615655584
power,CSTR,hvdc_132:NBOR,2015-01-01 05:00:00,116464.75615655584
power,CSTR,hvdc_132:NBOR,2015-01-01 06:00:00,116464.75615655584
power,CSTR,hvdc_132:NBOR,2015-01-01 07:00:00,116464.75615655584
power,CSTR,hvdc_132:NBOR,2015-01-01 08:00:00,116464.75615655584
power,CSTR,hvdc_132:NBOR,2015-01-01 09:00:00,94374.32157699352
power,CSTR,hvdc_132:NBOR,2015-01-01 10:00:00,92123.61422521957
power,CSTR,hvdc_132:NBOR,2015-01-01 11:00:00,90853.93817780082
power,CSTR,hvdc_132:NBOR,2015-01-01 12:00:00,93436.31383006343
power,CSTR,hvdc_132:NBOR,2015-01-01 13:00:00,94175.71446248323
power,CSTR,hvdc_132:NBOR,2015-01-01 14:00:00,104307.97122152298
power,CSTR,hvdc_132:NBOR,2015-01-01 15:00:00,113189.91493701056
power,CSTR,hvdc_132:NBOR,2015-01-01 16:00:00,116464.75615655584
power,CSTR,hvdc_132:NBOR,2015-01-01 17:00:00,116464.75615655584
power,CSTR,hvdc_132:NBOR,2015-01-01 18:00:00,116464.75615655584
power,CSTR,hvdc_132:NBOR,2015-01-01 19:00:00,116464.75615655584
power,CSTR,hvdc_132:NBOR,2015-01-01 20:00:00,116464.75615655584
power,CSTR,hvdc_132:NBOR,2015-01-01 21:00:00,116464.75615655584
power,CSTR,hvdc_132:NBOR,2015-01-01 22:00:00,116464.75615655584
power,CSTR,hvdc_132:NBOR,2015-01-01 23:00:00,116464.75615655584
power,CSTR,hvdc_132:NBOR,2015-01-02 00:00:00,116464.75615655584
power,CSTR,hvdc_132:NBOR,2015-01-02 01:00:00,116464.75615655584
power,CSTR,hvdc_132:NBOR,2015-01-02 02:00:00,116464.75615655584
power,CSTR,hvdc_132:NBOR,2015-01-02 03:00:00,116464.75615655584
power,CSTR,hvdc_132:NBOR,2015-01-02 04:00:00,116464.75615655584
power,CSTR,hvdc_132:NBOR,2015-01-02 05:00:00,116464.75615655584
power,CSTR,hvdc_132:NBOR,2015-01-02 06:00:00,116464.75615655584
power,CSTR,hvdc_132:NBOR,2015-01-02 07:00:00,46053.90874156765
power,CSTR,hvdc_132:NBOR,2015-01-02 08:00:00,73905.7930104438
power,CSTR,hvdc_132:NBOR,2015-01-02 09:00:00,85774.85878125324
power,CSTR,hvdc_132:NBOR,2015-01-02 10:00:00,93000.39870222201
power,CSTR,hvdc_132:NBOR,2015-01-02 11:00:00,91770.67411722094
power,CSTR,hvdc_132:NBOR,2015-01-02 12:00:00,91550.61467060952
power,CSTR,hvdc_132:NBOR,2015-01-02 13:00:00,90521.92138996367
power,CSTR,hvdc_132:NBOR,2015-01-02 14:00:00,88477.41277335012
power,CSTR,hvdc_132:NBOR,2015-01-02 15:00:00,92039.41593544913
power,CSTR,hvdc_132:NBOR,2015-01-02 16:00:00,94843.81656786893
power,CSTR,hvdc_132:NBOR,2015-01-02 17:00:00,88975.67411722094
power,CSTR,hvdc_132:NBOR,2015-01-02 18:00:00,98150.5050862499
power,CSTR,hvdc_132:NBOR,2015-01-02 19:00:00,0.0
power,CSTR,hvdc_132:NBOR,2015-01-02 20:00:00,21035.041920783
power,CSTR,hvdc_132:NBOR,2015-01-02 21:00:00,48974.99878832818
power,CSTR,hvdc_132:NBOR,2015-01-02 22:00:00,116464.75615655584
power,CSTR,hvdc_132:NBOR,2015-01-02 23:00:00,116464.75615655584
power,CSTR,hvdc_132:NBOR,2015-01-03 00:00:00,116464.75615655584
power,CSTR,hvdc_132:NBOR,2015-01-03 01:00:00,116464.75615655584
power,CSTR,hvdc_132:NBOR,2015-01-03 02:00:00,116464.75615655584
power,CSTR,hvdc_132:NBOR,2015-01-03 03:00:00,116464.75615655584
power,CSTR,hvdc_132:NBOR,2015-01-03 04:00:00,116464.75615655584
power,CSTR,hvdc_132:NBOR,2015-01-03 05:00:00,116464.75615655584
power,CSTR,hvdc_132:NBOR,2015-01-03 06:00:00,116464.75615655584
power,CSTR,hvdc_132:NBOR,2015-01-03 07:00:00,81074.51573322498
power,CSTR,hvdc_132:NBOR,2015-01-03 08:00:00,70233.74076148198
power,CSTR,hvdc_132:NBOR,2015-01-03 09:00:00,95081.60624775647
power,CSTR,hvdc_132:NBOR,2015-01-03 10:00:00,99243.20950784045
power,CSTR,hvdc_132:NBOR,2015-01-03 11:00:00,100101.3678976836
power,CSTR,hvdc_132:NBOR,2015-01-03 12:00:00,86444.66438927191
power,CSTR,hvdc_132:NBOR,2015-01-03 13:00:00,81558.29794518865
power,CSTR,hvdc_132:NBOR,2015-01-03 14:00:00,70034.78191265713
power,CSTR,hvdc_132:NBOR,2015-01-03 15:00:00,101229.07291693166
power,CSTR,hvdc_132:NBOR,2015-01-03 16:00:00,99486.62687951775
power,CSTR,hvdc_132:NBOR,2015-01-03 17:00:00,98079.18087161462
power,CSTR,hvdc_132:NBOR,2015-01-03 18:00:00,84330.76696658488
power,CSTR,hvdc_132:NBOR,2015-01-03 19:00:00,0.0
power,CSTR,hvdc_132:NBOR,2015-01-03 20:00:00,0.0
power,CSTR,hvdc_132:NBOR,2015-01-03 21:00:00,31715.236624077606
power,CSTR,hvdc_132:NBOR,2015-01-03 22:00:00,116464.75615655584
power,CSTR,hvdc_132:NBOR,2015-01-03 23:00:00,116464.75615655584
power,CSTR,hvdc_220:MTKR,2015-01-01 00:00:00,60505.24384344416
power,CSTR,hvdc_220:MTKR,2015-01-01 01:00:00,65155.24384344416
power,CSTR,hvdc_220:MTKR,2015-01-01 02:00:00,62295.24384344416
power,CSTR,hvdc_220:MTKR,2015-01-01 03:00:00,57780.24384344416
power,CSTR,hvdc_220:MTKR,2015-01-01 04:00:00,53080.24384344416
power,CSTR,hvdc_220:MTKR,2015-01-01 05:00:00,51045.24384344416
power,CSTR,hvdc_220:MTKR,2015-01-01 06:00:00,44170.24384344416
power,CSTR,hvdc_220:MTKR,2015-01-01 07:00:00,41150.24384344416
power,CSTR,hvdc_220:MTKR,2015-01-01 08:00:00,53260.24384344416
power,CSTR,hvdc_220:MTKR,2015-01-01 09:00:00,79285.67842300648
power,CSTR,hvdc_220:MTKR,2015-01-01 10:00:00,78941.38577478043
power,CSTR,hvdc_220:MTKR,2015-01-01 11:00:00,78056.06182219918
power,CSTR,hvdc_220:MTKR,2015-01-01 12:00:00,71563.68616993657
power,CSTR,hvdc_220:MTKR,2015-01-01 13:00:00,70924.28553751677
power,CSTR,hvdc_220:MTKR,2015-01-01 14:00:00,60202.02877847701
power,CSTR,hvdc_220:MTKR,2015-01-01 15:00:00,54890.085062989434
power,CSTR,hvdc_220:MTKR,2015-01-01 16:00:00,49370.24384344416
power,CSTR,hvdc_220:MTKR,2015-01-01 17:00:00,45160.24384344416
power,CSTR,hvdc_220:MTKR,2015-01-01 18:00:00,0.0
power,CSTR,hvdc_220:MTKR,2015-01-01 19:00:00,6085.315530257212
power,CSTR,hvdc_220:MTKR,2015-01-01 20:00:00,9180.315530257212
power,CSTR,hvdc_220:MTKR,2015-01-01 21:00:00,84110.24384344416
power,CSTR,hvdc_220:MTKR,2015-01-01 22:00:00,62410.24384344416
power,CSTR,hvdc_220:MTKR,2015-01-01 23:00:00,40195.24384344416
power,CSTR,hvdc_220:MTKR,2015-01-02 00:00:00,43800.24384344416
power,CSTR,hvdc_220:MTKR,2015-01-02 01:00:00,46415.24384344416
power,CSTR,hvdc_220:MTKR,2015-01-02 02:00:00,45675.24384344416
power,CSTR,hvdc_220:MTKR,2015-01-02 03:00:00,38560.24384344416
power,CSTR,hvdc_220:MTKR,2015-01-02 04:00:00,37825.24384344416
power,CSTR,hvdc_220:MTKR,2015-01-02 05:00:00,33010.24384344416
power,CSTR,hvdc_220:MTKR,2015-01-02 06:00:00,30400.243843444157
power,CSTR,hvdc_220:MTKR,2015-01-02 07:00:00,110931.09125843235
power,CSTR,hvdc_220:MTKR,2015-01-02 08:00:00,103504.2069895562
power,CSTR,hvdc_220:MTKR,2015-01-02 09:00:00,99225.14121874676
power,CSTR,hvdc_220:MTKR,2015-01-02 10:00:00,97749.60129777799
power,CSTR,hvdc_220:MTKR,2015-01-02 11:00:00,99274.32588277906
power,CSTR,hvdc_220:MTKR,2015-01-02 12:00:00,97159.38532939048
power,CSTR,hvdc_220:MTKR,2015-01-02 13:00:00,98143.07861003633
power,CSTR,hvdc_220:MTKR,2015-01-02 14:00:00,99077.58722664988
power,CSTR,hvdc_220:MTKR,2015-01-02 15:00:00,95880.58406455087
power,CSTR,hvdc_220:MTKR,2015-01-02 16:00:00,95241.18343213107
power,CSTR,hvdc_220:MTKR,2015-01-02 17:00:00,99274.32588277906
power,CSTR,hvdc_220:MTKR,2015-01-02 18:00:00,0.0
power,CSTR,hvdc_220:MTKR,2015-01-02 19:00:00,0.0
power,CSTR,hvdc_220:MTKR,2015-01-02 20:00:00,0.0
power,CSTR,hvdc_220:MTKR,2015-01-02 21:00:00,0.0
power,CSTR,hvdc_220:MTKR,2015-01-02 22:00:00,85195.24384344416
power,CSTR,hvdc_220:MTKR,2015-01-02 23:00:00,71550.24384344416
power,CSTR,hvdc_220:MTKR,2015-01-03 00:00:00,43515.24384344416
power,CSTR,hvdc_220:MTKR,2015-01-03 01:00:00,36585.24384344416
power,CSTR,hvdc_220:MTKR,2015-01-03 02:00:00,30735.243843444157
power,CSTR,hvdc_220:MTKR,2015-01-03 03:00:00,30355.243843444157
power,CSTR,hvdc_220:MTKR,2015-01-03 04:00:00,28525.243843444157
power,CSTR,hvdc_220:MTKR,2015-01-03 05:00:00,29860.243843444157
power,CSTR,hvdc_220:MTKR,2015-01-03 06:00:00,22245.243843444157
power,CSTR,hvdc_220:MTKR,2015-01-03 07:00:00,69645.48426677502
power,CSTR,hvdc_220:MTKR,2015-01-03 08:00:00,16026.33092533108
power,CSTR,hvdc_220:MTKR,2015-01-03 09:00:00,0.0
power,CSTR,hvdc_220:MTKR,2015-01-03 10:00:00,0.0
power,CSTR,hvdc_220:MTKR,2015-01-03 11:00:00,0.0
power,CSTR,hvdc_220:MTKR,2015-01-03 12:00:00,0.0
power,CSTR,hvdc_220:MTKR,2015-01-03 13:00:00,12681.7737416244
power,CSTR,hvdc_220:MTKR,2015-01-03 14:00:00,89870.21808734287
power,CSTR,hvdc_220:MTKR,2015-01-03 15:00:00,66300.92708306834
power,CSTR,hvdc_220:MTKR,2015-01-03 16:00:00,66153.37312048225
power,CSTR,hvdc_220:MTKR,2015-01-03 17:00:00,66005.81912838538
power,CSTR,hvdc_220:MTKR,2015-01-03 18:00:00,8849.304720228172
power,CSTR,hvdc_220:MTKR,2015-01-03 19:00:00,0.0
power,CSTR,hvdc_220:MTKR,2015-01-03 20:00:00,0.0
power,CSTR,hvdc_220:MTKR,2015-01-03 21:00:00,0.0
power,CSTR,hvdc_220:MTKR,2015-01-03 22:00:00,0.0
power,CSTR,hvdc_220:MTKR,2015-01-03 23:00:00,0.0
power,MTKR,L_hydro_pp,2015-01-01 00:00:00,92620.0
power,MTKR,L_hydro_pp,2015-01-01 01:00:00,81610.0
power,MTKR,L_hydro_pp,2015-01-01 02:00:00,75600.0
power,MTKR,L_hydro_pp,2015-01-01 03:00:00,74600.0
power,MTKR,L_hydro_pp,2015-01-01 04:00:00,76600.0
power,MTKR,L_hydro_pp,2015-01-01 05:00:00,74600.0
power,MTKR,L_hydro_pp,2015-01-01 06:00:00,90600.0
power,MTKR,L_hydro_pp,2015-01-01 07:00:00,92120.0
power,MTKR,L_hydro_pp,2015-01-01 08:00:00,121120.0
power,MTKR,L_hydro_pp,2015-01-01 09:00:00,160120.0
power,MTKR,L_hydro_pp,2015-01-01 10:00:00,164120.0
power,MTKR,L_hydro_pp,2015-01-01 11:00:00,160480.0
power,MTKR,L_hydro_pp,2015-01-01 12:00:00,153480.0
power,MTKR,L_hydro_pp,2015-01-01 13:00:00,152640.0
power,MTKR,L_hydro_pp,2015-01-01 14:00:00,139640.0
power,MTKR,L_hydro_pp,2015-01-01 15:00:00,131640.0
power,MTKR,L_hydro_pp,2015-01-01 16:00:00,101640.0
power,MTKR,L_hydro_pp,2015-01-01 17:00:00,78570.0
power,MTKR,L_hydro_pp,2015-01-01 18:00:00,100500.0
power,MTKR,L_hydro_pp,2015-01-01 19:00:00,185000.0
power,MTKR,L_hydro_pp,2015-01-01 20:00:00,185000.0
power,MTKR,L_hydro_pp,2015-01-01 21:00:00,185000.0
power,MTKR,L_hydro_pp,2015-01-01 22:00:00,122700.0
power,MTKR,L_hydro_pp,2015-01-01 23:00:00,78640.0
power,MTKR,L_hydro_pp,2015-01-02 00:00:00,54861.657237988176
power,MTKR,L_hydro_pp,2015-01-02 01:00:00,35947.904498580334
power,MTKR,L_hydro_pp,2015-01-02 02:00:00,22934.06682146973
power,MTKR,L_hydro_pp,2015-01-02 03:00:00,0.0
power,MTKR,L_hydro_pp,2015-01-02 04:00:00,0.0
power,MTKR,L_hydro_pp,2015-01-02 05:00:00,21942.30312184539
power,MTKR,L_hydro_pp,2015-01-02 06:00:00,90202.89174556638
power,MTKR,L_hydro_pp,2015-01-02 07:00:00,185000.0
power,MTKR,L_hydro_pp,2015-01-02 08:00:00,185000.0
power,MTKR,L_hydro_pp,2015-01-02 09:00:00,185000.0
power,MTKR,L_hydro_pp,2015-01-02 10:00:00,185000.0
power,MTKR,L_hydro_pp,2015-01-02 11:00:00,185000.0
power,MTKR,L_hydro_pp,2015-01-02 12:00:00,185000.0
power,MTKR,L_hydro_pp,2015-01-02 13:00:00,185000.0
power,MTKR,L_hydro_pp,2015-01-02 14:00:00,185000.0
power,MTKR,L_hydro_pp,2015-01-02 15:00:00,185000.0
power,MTKR,L_hydro_pp,2015-01-02 16:00:00,185000.0
power,MTKR,L_hydro_pp,2015-01-02 17:00:00,185000.0
power,MTKR,L_hydro_pp,2015-01-02 18:00:00,185000.0
power,MTKR,L_hydro_pp,2015-01-02 19:00:00,185000.0
power,MTKR,L_hydro_pp,2015-01-02 20:00:00,185000.0
power,MTKR,L_hydro_pp,2015-01-02 21:00:00,185000.0
power,MTKR,L_hydro_pp,2015-01-02 22:00:00,185000.0
power,MTKR,L_hydro_pp,2015-01-02 23:00:00,107600.0
power,MTKR,L_hydro_pp,2015-01-03 00:00:00,76480.0
power,MTKR,L_hydro_pp,2015-01-03 01:00:00,80480.0
power,MTKR,L_hydro_pp,2015-01-03 02:00:00,74100.5025592773
power,MTKR,L_hydro_pp,2015-01-03 03:00:00,73480.0
power,MTKR,L_hydro_pp,2015-01-03 04:00:00,73635.82737854905
power,MTKR,L_hydro_pp,2015-01-03 05:00:00,78480.0
power,MTKR,L_hydro_pp,2015-01-03 06:00:00,75640.0
power,MTKR,L_hydro_pp,2015-01-03 07:00:00,148640.0
power,MTKR,L_hydro_pp,2015-01-03 08:00:00,185000.0
power,MTKR,L_hydro_pp,2015-01-03 09:00:00,185000.0
power,MTKR,L_hydro_pp,2015-01-03 10:00:00,185000.0
power,MTKR,L_hydro_pp,2015-01-03 11:00:00,185000.0
power,MTKR,L_hydro_pp,2015-01-03 12:00:00,185000.0
power,MTKR,L_hydro_pp,2015-01-03 13:00:00,185000.0
power,MTKR,L_hydro_pp,2015-01-03 14:00:00,185000.0
power,MTKR,L_hydro_pp,2015-01-03 15:00:00,160640.0
power,MTKR,L_hydro_pp,2015-01-03 16:00:00,155640.0
power,MTKR,L_hydro_pp,2015-01-03 17:00:00,154740.0
power,MTKR,L_hydro_pp,2015-01-03 18:00:00,185000.0
power,MTKR,L_hydro_pp,2015-01-03 19:00:00,185000.0
power,MTKR,L_hydro_pp,2015-01-03 20:00:00,185000.0
power,MTKR,L_hydro_pp,2015-01-03 21:00:00,185000.0
power,MTKR,L_hydro_pp,2015-01-03 22:00:00,162940.0
power,MTKR,L_hydro_pp,2015-01-03 23:00:00,79920.0
power,MTKR,S_hydro_pp,2015-01-01 00:00:00,8268.208333
power,MTKR,S_hydro_pp,2015-01-01 01:00:00,8266.208333
power,MTKR,S_hydro_pp,2015-01-01 02:00:00,8270.208333
power,MTKR,S_hydro_pp,2015-01-01 03:00:00,8269.208333
power,MTKR,S_hydro_pp,2015-01-01 04:00:00,8272.208333
power,MTKR,S_hydro_pp,2015-01-01 05:00:00,8271.208333
power,MTKR,S_hydro_pp,2015-01-01 06:00:00,8259.208333
power,MTKR,S_hydro_pp,2015-01-01 07:00:00,8258.208333
power,MTKR,S_hydro_pp,2015-01-01 08:00:00,8257.208333
power,MTKR,S_hydro_pp,2015-01-01 09:00:00,8257.208333
power,MTKR,S_hydro_pp,2015-01-01 10:00:00,8257.208333
power,MTKR,S_hydro_pp,2015-01-01 11:00:00,8253.208333
power,MTKR,S_hydro_pp,2015-01-01 12:00:00,8297.208333
power,MTKR,S_hydro_pp,2015-01-01 13:00:00,8297.208333
power,MTKR,S_hydro_pp,2015-01-01 14:00:00,8297.208333
power,MTKR,S_hydro_pp,2015-01-01 15:00:00,8296.208333
power,MTKR,S_hydro_pp,2015-01-01 16:00:00,8295.208333
power,MTKR,S_hydro_pp,2015-01-01 17:00:00,8293.208333
power,MTKR,S_hydro_pp,2015-01-01 18:00:00,8293.208333
power,MTKR,S_hydro_pp,2015-01-01 19:00:00,8265.208333
power,MTKR,S_hydro_pp,2015-01-01 20:00:00,8267.208333
power,MTKR,S_hydro_pp,2015-01-01 21:00:00,8267.208333
power,MTKR,S_hydro_pp,2015-01-01 22:00:00,8267.208333
power,MTKR,S_hydro_pp,2015-01-01 23:00:00,8267.208333
power,MTKR,S_hydro_pp,2015-01-02 00:00:00,7982.0
power,MTKR,S_hydro_pp,2015-01-02 01:00:00,7982.0
power,MTKR,S_hydro_pp,2015-01-02 02:00:00,7983.0
power,MTKR,S_hydro_pp,2015-01-02 03:00:00,7981.0
power,MTKR,S_hydro_pp,2015-01-02 04:00:00,7980.0
power,MTKR,S_hydro_pp,2015-01-02 05:00:00,7980.0
power,MTKR,S_hydro_pp,2015-01-02 06:00:00,7985.0
power,MTKR,S_hydro_pp,2015-01-02 07:00:00,7994.0
power,MTKR,S_hydro_pp,2015-01-02 08:00:00,7995.0
power,MTKR,S_hydro_pp,2015-01-02 09:00:00,7996.0
power,MTKR,S_hydro_pp,2015-01-02 10:00:00,7996.0
power,MTKR,S_hydro_pp,2015-01-02 11:00:00,7996.0
power,MTKR,S_hydro_pp,2015-01-02 12:00:00,7978.0
power,MTKR,S_hydro_pp,2015-01-02 13:00:00,7976.0
power,MTKR,S_hydro_pp,2015-01-02 14:00:00,7974.0
power,MTKR,S_hydro_pp,2015-01-02 15:00:00,7974.0
power,MTKR,S_hydro_pp,2015-01-02 16:00:00,7972.0
power,MTKR,S_hydro_pp,2015-01-02 17:00:00,7972.0
power,MTKR,S_hydro_pp,2015-01-02 18:00:00,7976.0
power,MTKR,S_hydro_pp,2015-01-02 19:00:00,7976.0
power,MTKR,S_hydro_pp,2015-01-02 20:00:00,7975.0
power,MTKR,S_hydro_pp,2015-01-02 21:00:00,7976.0
power,MTKR,S_hydro_pp,2015-01-02 22:00:00,7976.0
power,MTKR,S_hydro_pp,2015-01-02 23:00:00,7976.0
power,MTKR,S_hydro_pp,2015-01-03 00:00:00,7988.041667
power,MTKR,S_hydro_pp,2015-01-03 01:00:00,7988.041667
power,MTKR,S_hydro_pp,2015-01-03 02:00:00,7988.041667
power,MTKR,S_hydro_pp,2015-01-03 03:00:00,7989.041667
power,MTKR,S_hydro_pp,2015-01-03 04:00:00,7989.041667
power,MTKR,S_hydro_pp,2015-01-03 05:00:00,7990.041667
power,MTKR,S_hydro_pp,2015-01-03 06:00:00,7994.041667
power,MTKR,S_hydro_pp,2015-01-03 07:00:00,7992.041667
power,MTKR,S_hydro_pp,2015-01-03 08:00:00,7991.041667
power,MTKR,S_hydro_pp,2015-01-03 09:00:00,7991.041667
power,MTKR,S_hydro_pp,2015-01-03 10:00:00,7991.041667
power,MTKR,S_hydro_pp,2015-01-03 11:00:00,7983.041667
power,MTKR,S_hydro_pp,2015-01-03 12:00:00,7984.041667
power,MTKR,S_hydro_pp,2015-01-03 13:00:00,7985.041667
power,MTKR,S_hydro_pp,2015-01-03 14:00:00,7985.041667
power,MTKR,S_hydro_pp,2015-01-03 15:00:00,7984.041667
power,MTKR,S_hydro_pp,2015-01-03 16:00:00,7983.041667
power,MTKR,S_hydro_pp,2015-01-03 17:00:00,7985.041667
power,MTKR,S_hydro_pp,2015-01-03 18:00:00,7993.041667
power,MTKR,S_hydro_pp,2015-01-03 19:00:00,7993.041667
power,MTKR,S_hydro_pp,2015-01-03 20:00:00,7994.041667
power,MTKR,S_hydro_pp,2015-01-03 21:00:00,7992.041667
power,MTKR,S_hydro_pp,2015-01-03 22:00:00,7990.041667
power,MTKR,S_hydro_pp,2015-01-03 23:00:00,7989.041667
power,MTKR,hvdc_132:CSTR,2015-01-01 00:00:00,0.0
power,MTKR,hvdc_132:CSTR,2015-01-01 01:00:00,0.0
power,MTKR,hvdc_132:CSTR,2015-01-01 02:00:00,0.0
power,MTKR,hvdc_132:CSTR,2015-01-01 03:00:00,0.0
power,MTKR,hvdc_132:CSTR,2015-01-01 04:00:00,0.0
power,MTKR,hvdc_132:CSTR,2015-01-01 05:00:00,0.0
power,MTKR,hvdc_132:CSTR,2015-01-01 06:00:00,0.0
power,MTKR,hvdc_132:CSTR,2015-01-01 07:00:00,0.0
power,MTKR,hvdc_132:CSTR,2015-01-01 08:00:00,0.0
power,MTKR,hvdc_132:CSTR,2015-01-01 09:00:00,0.0
power,MTKR,hvdc_132:CSTR,2015-01-01 10:00:00,0.0
power,MTKR,hvdc_132:CSTR,2015-01-01 11:00:00,0.0
power,MTKR,hvdc_132:CSTR,2015-01-01 12:00:00,0.0
power,MTKR,hvdc_132:CSTR,2015-01-01 13:00:00,0.0
power,MTKR,hvdc_132:CSTR,2015-01-01 14:00:00,0.0
power,MTKR,hvdc_132:CSTR,2015-01-01 15:00:00,0.0
power,MTKR,hvdc_132:CSTR,2015-01-01 16:00:00,0.0
power,MTKR,hvdc_132:CSTR,2015-01-01 17:00:00,0.0
power,MTKR,hvdc_132:CSTR,2015-01-01 18:00:00,0.0
power,MTKR,hvdc_132:CSTR,2015-01-01 19:00:00,0.0
power,MTKR,hvdc_132:CSTR,2015-01-01 20:00:00,0.0
power,MTKR,hvdc_132:CSTR,2015-01-01 21:00:00,0.0
power,MTKR,hvdc_132:CSTR,2015-01-01 22:00:00,0.0
power,MTKR,hvdc_132:CSTR,2015-01-01 23:00:00,0.0
power,MTKR,hvdc_132:CSTR,2015-01-02 00:00:00,0.0
power,MTKR,hvdc_132:CSTR,2015-01-02 01:00:00,0.0
power,MTKR,hvdc_132:CSTR,2015-01-02 02:00:00,0.0
power,MTKR,hvdc_132:CSTR,2015-01-02 03:00:00,0.0
power,MTKR,hvdc_132:CSTR,2015-01-02 04:00:00,0.0
power,MTKR,hvdc_132:CSTR,2015-01-02 05:00:00,0.0
power,MTKR,hvdc_132:CSTR,2015-01-02 06:00:00,0.0
power,MTKR,hvdc_132:CSTR,2015-01-02 07:00:00,0.0
power,MTKR,hvdc_132:CSTR,2015-01-02 08:00:00,0.0
power,MTKR,hvdc_132:CSTR,2015-01-02 09:00:00,0.0
power,MTKR,hvdc_132:CSTR,2015-01-02 10:00:00,0.0
power,MTKR,hvdc_132:CSTR,2015-01-02 11:00:00,0.0
power,MTKR,hvdc_132:CSTR,2015-01-02 12:00:00,0.0
power,MTKR,hvdc_132:CSTR,2015-01-02 13:00:00,0.0
power,MTKR,hvdc_132:CSTR,2015-01-02 14:00:00,0.0
power,MTKR,hvdc_132:CSTR,2015-01-02 15:00:00,0.0
power,MTKR,hvdc_132:CSTR,2015-01-02 16:00:00,0.0
power,MTKR,hvdc_132:CSTR,2015-01-02 17:00:00,0.0
power,MTKR,hvdc_132:CSTR,2015-01-02 18:00:00,0.0
power,MTKR,hvdc_132:CSTR,2015-01-02 19:00:00,0.0
power,MTKR,hvdc_132:CSTR,2015-01-02 20:00:00,0.0
power,MTKR,hvdc_132:CSTR,2015-01-02 21:00:00,0.0
power,MTKR,hvdc_132:CSTR,2015-01-02 22:00:00,0.0
power,MTKR,hvdc_132:CSTR,2015-01-02 23:00:00,0.0
power,MTKR,hvdc_132:CSTR,2015-01-03 00:00:00,0.0
power,MTKR,hvdc_132:CSTR,2015-01-03 01:00:00,0.0
power,MTKR,hvdc_132:CSTR,2015-01-03 02:00:00,0.0
power,MTKR,hvdc_132:CSTR,2015-01-03 03:00:00,0.0
power,MTKR,hvdc_132:CSTR,2015-01-03 04:00:00,0.0
power,MTKR,hvdc_132:CSTR,2015-01-03 05:00:00,0.0
power,MTKR,hvdc_132:CSTR,2015-01-03 06:00:00,0.0
power,MTKR,hvdc_132:CSTR,2015-01-03 07:00:00,0.0
power,MTKR,hvdc_132:CSTR,2015-01-03 08:00:00,0.0
power,MTKR,hvdc_132:CSTR,2015-01-03 09:00:00,0.0
power,MTKR,hvdc_132:CSTR,2015-01-03 10:00:00,0.0
power,MTKR,hvdc_132:CSTR,2015-01-03 11:00:00,0.0
power,MTKR,hvdc_132:CSTR,2015-01-03 12:00:00,0.0
power,MTKR,hvdc_132:CSTR,2015-01-03 13:00:00,0.0
power,MTKR,hvdc_132:CSTR,2015-01-03 14:00:00,0.0
power,MTKR,hvdc_132:CSTR,2015-01-03 15:00:00,0.0
power,MTKR,hvdc_132:CSTR,2015-01-03 16:00:00,0.0
power,MTKR,hvdc_132:CSTR,2015-01-03 17:00:00,0.0
power,MTKR,hvdc_132:CSTR,2015-01-03 18:00:00,0.0
power,MTKR,hvdc_132:CSTR,2015-01-03 19:00:00,0.0
power,MTKR,hvdc_132:CSTR,2015-01-03 20:00:00,0.0
power,MTKR,hvdc_132:CSTR,2015-01-03 21:00:00,0.0
power,MTKR,hvdc_132:CSTR,2015-01-03 22:00:00,0.0
power,MTKR,hvdc_132:CSTR,2015-01-03 23:00:00,0.0
power,MTKR,hvdc_132:NBOR,2015-01-01 00:00:00,0.0
power,MTKR,hvdc_132:NBOR,2015-01-01 01:00:00,0.0
power,MTKR,hvdc_132:NBOR,2015-01-01 02:00:00,0.0
power,MTKR,hvdc_132:NBOR,2015-01-01 03:00:00,0.0
power,MTKR,hvdc_132:NBOR,2015-01-01 04:00:00,0.0
power,MTKR,hvdc_132:NBOR,2015-01-01 05:00:00,0.0
power,MTKR,hvdc_132:NBOR,2015-01-01 06:00:00,0.0
power,MTKR,hvdc_132:NBOR,2015-01-01 07:00:00,0.0
power,MTKR,hvdc_132:NBOR,2015-01-01 08:00:00,0.0
power,MTKR,hvdc_132:NBOR,2015-01-01 09:00:00,0.0
power,MTKR,hvdc_132:NBOR,2015-01-01 10:00:00,0.0
power,MTKR,hvdc_132:NBOR,2015-01-01 11:00:00,0.0
power,MTKR,hvdc_132:NBOR,2015-01-01 12:00:00,0.0
power,MTKR,hvdc_132:NBOR,2015-01-01 13:00:00,0.0
power,MTKR,hvdc_132:NBOR,2015-01-01 14:00:00,0.0
power,MTKR,hvdc_132:NBOR,2015-01-01 15:00:00,0.0
power,MTKR,hvdc_132:NBOR,2015-01-01 16:00:00,0.0
power,MTKR,hvdc_132:NBOR,2015-01-01 17:00:00,0.0
power,MTKR,hvdc_132:NBOR,2015-01-01 18:00:00,0.0
power,MTKR,hvdc_132:NBOR,2015-01-01 19:00:00,0.0
power,MTKR,hvdc_132:NBOR,2015-01-01 20:00:00,0.0
power,MTKR,hvdc_132:NBOR,2015-01-01 21:00:00,0.0
power,MTKR,hvdc_132:NBOR,2015-01-01 22:00:00,0.0
power,MTKR,hvdc_132:NBOR,2015-01-01 23:00:00,0.0
power,MTKR,hvdc_132:NBOR,2015-01-02 00:00:00,0.0
power,MTKR,hvdc_132:NBOR,2015-01-02 01:00:00,0.0
power,MTKR,hvdc_132:NBOR,2015-01-02 02:00:00,0.0
power,MTKR,hvdc_132:NBOR,2015-01-02 03:00:00,0.0
power,MTKR,hvdc_132:NBOR,2015-01-02 04:00:00,0.0
power,MTKR,hvdc_132:NBOR,2015-01-02 05:00:00,0.0
power,MTKR,hvdc_132:NBOR,2015-01-02 06:00:00,0.0
power,MTKR,hvdc_132:NBOR,2015-01-02 07:00:00,0.0
power,MTKR,hvdc_132:NBOR,2015-01-02 08:00:00,0.0
power,MTKR,hvdc_132:NBOR,2015-01-02 09:00:00,0.0
power,MTKR,hvdc_132:NBOR,2015-01-02 10:00:00,0.0
power,MTKR,hvdc_132:NBOR,2015-01-02 11:00:00,0.0
power,MTKR,hvdc_132:NBOR,2015-01-02 12:00:00,0.0
power,MTKR,hvdc_132:NBOR,2015-01-02 13:00:00,0.0
power,MTKR,hvdc_132:NBOR,2015-01-02 14:00:00,0.0
power,MTKR,hvdc_132:NBOR,2015-01-02 15:00:00,0.0
power,MTKR,hvdc_132:NBOR,2015-01-02 16:00:00,0.0
power,MTKR,hvdc_132:NBOR,2015-01-02 17:00:00,0.0
power,MTKR,hvdc_132:NBOR,2015-01-02 18:00:00,0.0
power,MTKR,hvdc_132:NBOR,2015-01-02 19:00:00,0.0
power,MTKR,hvdc_132:NBOR,2015-01-02 20:00:00,0.0
power,MTKR,hvdc_132:NBOR,2015-01-02 21:00:00,0.0
power,MTKR,hvdc_132:NBOR,2015-01-02 22:00:00,0.0
power,MTKR,hvdc_132:NBOR,2015-01-02 23:00:00,0.0
power,MTKR,hvdc_132:NBOR,2015-01-03 00:00:00,0.0
power,MTKR,hvdc_132:NBOR,2015-01-03 01:00:00,0.0
power,MTKR,hvdc_132:NBOR,2015-01-03 02:00:00,0.0
power,MTKR,hvdc_132:NBOR,2015-01-03 03:00:00,0.0
power,MTKR,hvdc_132:NBOR,2015-01-03 04:00:00,0.0
power,MTKR,hvdc_132:NBOR,2015-01-03 05:00:00,0.0
power,MTKR,hvdc_132:NBOR,2015-01-03 06:00:00,0.0
power,MTKR,hvdc_132:NBOR,2015-01-03 07:00:00,0.0
power,MTKR,hvdc_132:NBOR,2015-01-03 08:00:00,0.0
power,MTKR,hvdc_132:NBOR,2015-01-03 09:00:00,0.0
power,MTKR,hvdc_132:NBOR,2015-01-03 10:00:00,0.0
power,MTKR,hvdc_132:NBOR,2015-01-03 11:00:00,0.0
power,MTKR,hvdc_132:NBOR,2015-01-03 12:00:00,0.0
power,MTKR,hvdc_132:NBOR,2015-01-03 13:00:00,0.0
power,MTKR,hvdc_132:NBOR,2015-01-03 14:00:00,0.0
power,MTKR,hvdc_132:NBOR,2015-01-03 15:00:00,0.0
power,MTKR,hvdc_132:NBOR,2015-01-03 16:00:00,0.0
power,MTKR,hvdc_132:NBOR,2015-01-03 17:00:00,0.0
power,MTKR,hvdc_132:NBOR,2015-01-03 18:00:00,0.0
power,MTKR,hvdc_132:NBOR,2015-01-03 19:00:00,0.0
power,MTKR,hvdc_132:NBOR,2015-01-03 20:00:00,0.0
power,MTKR,hvdc_132:NBOR,2015-01-03 21:00:00,0.0
power,MTKR,hvdc_132:NBOR,2015-01-03 22:00:00,0.0
power,MTKR,hvdc_132:NBOR,2015-01-03 23:00:00,0.0
power,MTKR,hvdc_132:WSTR,2015-01-01 00:00:00,43962.24147214673
power,MTKR,hvdc_132:WSTR,2015-01-01 01:00:00,54547.32469156958
power,MTKR,hvdc_132:WSTR,2015-01-01 02:00:00,52153.91436736542
power,MTKR,hvdc_132:WSTR,2015-01-01 03:00:00,46550.069047861296
power,MTKR,hvdc_132:WSTR,2015-01-01 04:00:00,38456.1569766167
power,MTKR,hvdc_132:WSTR,2015-01-01 05:00:00,41573.422707471436
power,MTKR,hvdc_132:WSTR,2015-01-01 06:00:00,21434.45558198067
power,MTKR,hvdc_132:WSTR,2015-01-01 07:00:00,17632.392931946903
power,MTKR,hvdc_132:WSTR,2015-01-01 08:00:00,9693.140843175002
power,MTKR,hvdc_132:WSTR,2015-01-01 09:00:00,0.0
power,MTKR,hvdc_132:WSTR,2015-01-01 10:00:00,0.0
power,MTKR,hvdc_132:WSTR,2015-01-01 11:00:00,0.0
power,MTKR,hvdc_132:WSTR,2015-01-01 12:00:00,0.0
power,MTKR,hvdc_132:WSTR,2015-01-01 13:00:00,0.0
power,MTKR,hvdc_132:WSTR,2015-01-01 14:00:00,0.0
power,MTKR,hvdc_132:WSTR,2015-01-01 15:00:00,0.0
power,MTKR,hvdc_132:WSTR,2015-01-01 16:00:00,22488.656171442773
power,MTKR,hvdc_132:WSTR,2015-01-01 17:00:00,39108.86684805134
power,MTKR,hvdc_132:WSTR,2015-01-01 18:00:00,46112.577051467284
power,MTKR,hvdc_132:WSTR,2015-01-01 19:00:00,15676.19199452088
power,MTKR,hvdc_132:WSTR,2015-01-01 20:00:00,22436.497922287268
power,MTKR,hvdc_132:WSTR,2015-01-01 21:00:00,10942.542387195412
power,MTKR,hvdc_132:WSTR,2015-01-01 22:00:00,29682.820726555445
power,MTKR,hvdc_132:WSTR,2015-01-01 23:00:00,30949.56186215146
power,MTKR,hvdc_132:WSTR,2015-01-02 00:00:00,47438.66484351154
power,MTKR,hvdc_132:WSTR,2015-01-02 01:00:00,63368.766533196955
power,MTKR,hvdc_132:WSTR,2015-01-02 02:00:00,74094.33720334565
power,MTKR,hvdc_132:WSTR,2015-01-02 03:00:00,89931.4584105802
power,MTKR,hvdc_132:WSTR,2015-01-02 04:00:00,90028.27428880047
power,MTKR,hvdc_132:WSTR,2015-01-02 05:00:00,66627.15273652045
power,MTKR,hvdc_132:WSTR,2015-01-02 06:00:00,2063.2980477040624
power,MTKR,hvdc_132:WSTR,2015-01-02 07:00:00,0.0
power,MTKR,hvdc_132:WSTR,2015-01-02 08:00:00,0.0
power,MTKR,hvdc_132:WSTR,2015-01-02 09:00:00,0.0
power,MTKR,hvdc_132:WSTR,2015-01-02 10:00:00,0.0
power,MTKR,hvdc_132:WSTR,2015-01-02 11:00:00,0.0
power,MTKR,hvdc_132:WSTR,2015-01-02 12:00:00,0.0
power,MTKR,hvdc_132:WSTR,2015-01-02 13:00:00,0.0
power,MTKR,hvdc_132:WSTR,2015-01-02 14:00:00,0.0
power,MTKR,hvdc_132:WSTR,2015-01-02 15:00:00,0.0
power,MTKR,hvdc_132:WSTR,2015-01-02 16:00:00,0.0
power,MTKR,hvdc_132:WSTR,2015-01-02 17:00:00,0.0
power,MTKR,hvdc_132:WSTR,2015-01-02 18:00:00,0.0
power,MTKR,hvdc_132:WSTR,2015-01-02 19:00:00,0.0
power,MTKR,hvdc_132:WSTR,2015-01-02 20:00:00,22656.0
power,MTKR,hvdc_132:WSTR,2015-01-02 21:00:00,14936.0
power,MTKR,hvdc_132:WSTR,2015-01-02 22:00:00,975.5285047273937
power,MTKR,hvdc_132:WSTR,2015-01-02 23:00:00,43224.33484257154
power,MTKR,hvdc_132:WSTR,2015-01-03 00:00:00,32590.59762911575
power,MTKR,hvdc_132:WSTR,2015-01-03 01:00:00,18053.718766621052
power,MTKR,hvdc_132:WSTR,2015-01-03 02:00:00,16850.24054419888
power,MTKR,hvdc_132:WSTR,2015-01-03 03:00:00,15770.443829630876
power,MTKR,hvdc_132:WSTR,2015-01-03 04:00:00,13988.28047440574
power,MTKR,hvdc_132:WSTR,2015-01-03 05:00:00,16487.23819659554
power,MTKR,hvdc_132:WSTR,2015-01-03 06:00:00,17446.004064142857
power,MTKR,hvdc_132:WSTR,2015-01-03 07:00:00,0.0
power,MTKR,hvdc_132:WSTR,2015-01-03 08:00:00,0.0
power,MTKR,hvdc_132:WSTR,2015-01-03 09:00:00,0.0
power,MTKR,hvdc_132:WSTR,2015-01-03 10:00:00,0.0
power,MTKR,hvdc_132:WSTR,2015-01-03 11:00:00,0.0
power,MTKR,hvdc_132:WSTR,2015-01-03 12:00:00,0.0
power,MTKR,hvdc_132:WSTR,2015-01-03 13:00:00,0.0
power,MTKR,hvdc_132:WSTR,2015-01-03 14:00:00,0.0
power,MTKR,hvdc_132:WSTR,2015-01-03 15:00:00,0.0
power,MTKR,hvdc_132:WSTR,2015-01-03 16:00:00,0.0
power,MTKR,hvdc_132:WSTR,2015-01-03 17:00:00,0.0
power,MTKR,hvdc_132:WSTR,2015-01-03 18:00:00,0.0
power,MTKR,hvdc_132:WSTR,2015-01-03 19:00:00,0.0
power,MTKR,hvdc_132:WSTR,2015-01-03 20:00:00,0.0
power,MTKR,hvdc_132:WSTR,2015-01-03 21:00:00,12146.000033000004
power,MTKR,hvdc_132:WSTR,2015-01-03 22:00:00,5048.941748093013
power,MTKR,hvdc_132:WSTR,2015-01-03 23:00:00,48718.49876613718
power,MTKR,hvdc_220:CSTR,2015-01-01 00:00:00,0.0
power,MTKR,hvdc_220:CSTR,2015-01-01 01:00:00,0.0
power,MTKR,hvdc_220:CSTR,2015-01-01 02:00:00,0.0
power,MTKR,hvdc_220:CSTR,2015-01-01 03:00:00,0.0
power,MTKR,hvdc_220:CSTR,2015-01-01 04:00:00,0.0
power,MTKR,hvdc_220:CSTR,2015-01-01 05:00:00,0.0
power,MTKR,hvdc_220:CSTR,2015-01-01 06:00:00,0.0
power,MTKR,hvdc_220:CSTR,2015-01-01 07:00:00,0.0
power,MTKR,hvdc_220:CSTR,2015-01-01 08:00:00,0.0
power,MTKR,hvdc_220:CSTR,2015-01-01 09:00:00,0.0
power,MTKR,hvdc_220:CSTR,2015-01-01 10:00:00,0.0
power,MTKR,hvdc_220:CSTR,2015-01-01 11:00:00,0.0
power,MTKR,hvdc_220:CSTR,2015-01-01 12:00:00,0.0
power,MTKR,hvdc_220:CSTR,2015-01-01 13:00:00,0.0
power,MTKR,hvdc_220:CSTR,2015-01-01 14:00:00,0.0
power,MTKR,hvdc_220:CSTR,2015-01-01 15:00:00,0.0
power,MTKR,hvdc_220:CSTR,2015-01-01 16:00:00,0.0
power,MTKR,hvdc_220:CSTR,2015-01-01 17:00:00,0.0
power,MTKR,hvdc_220:CSTR,2015-01-01 18:00:00,0.0
power,MTKR,hvdc_220:CSTR,2015-01-01 19:00:00,0.0
power,MTKR,hvdc_220:CSTR,2015-01-01 20:00:00,0.0
power,MTKR,hvdc_220:CSTR,2015-01-01 21:00:00,0.0
power,MTKR,hvdc_220:CSTR,2015-01-01 22:00:00,0.0
power,MTKR,hvdc_220:CSTR,2015-01-01 23:00:00,0.0
power,MTKR,hvdc_220:CSTR,2015-01-02 00:00:00,0.0
power,MTKR,hvdc_220:CSTR,2015-01-02 01:00:00,0.0
power,MTKR,hvdc_220:CSTR,2015-01-02 02:00:00,0.0
power,MTKR,hvdc_220:CSTR,2015-01-02 03:00:00,0.0
power,MTKR,hvdc_220:CSTR,2015-01-02 04:00:00,0.0
power,MTKR,hvdc_220:CSTR,2015-01-02 05:00:00,0.0
power,MTKR,hvdc_220:CSTR,2015-01-02 06:00:00,0.0
power,MTKR,hvdc_220:CSTR,2015-01-02 07:00:00,0.0
power,MTKR,hvdc_220:CSTR,2015-01-02 08:00:00,0.0
power,MTKR,hvdc_220:CSTR,2015-01-02 09:00:00,0.0
power,MTKR,hvdc_220:CSTR,2015-01-02 10:00:00,0.0
power,MTKR,hvdc_220:CSTR,2015-01-02 11:00:00,0.0
power,MTKR,hvdc_220:CSTR,2015-01-02 12:00:00,0.0
power,MTKR,hvdc_220:CSTR,2015-01-02 13:00:00,0.0
power,MTKR,hvdc_220:CSTR,2015-01-02 14:00:00,0.0
power,MTKR,hvdc_220:CSTR,2015-01-02 15:00:00,0.0
power,MTKR,hvdc_220:CSTR,2015-01-02 16:00:00,0.0
power,MTKR,hvdc_220:CSTR,2015-01-02 17:00:00,0.0
power,MTKR,hvdc_220:CSTR,2015-01-02 18:00:00,0.0
power,MTKR,hvdc_220:CSTR,2015-01-02 19:00:00,0.0
power,MTKR,hvdc_220:CSTR,2015-01-02 20:00:00,0.0
power,MTKR,hvdc_220:CSTR,2015-01-02 21:00:00,0.0
power,MTKR,hvdc_220:CSTR,2015-01-02 22:00:00,0.0
power,MTKR,hvdc_220:CSTR,2015-01-02 23:00:00,0.0
power,MTKR,hvdc_220:CSTR,2015-01-03 00:00:00,0.0
power,MTKR,hvdc_220:CSTR,2015-01-03 01:00:00,0.0
power,MTKR,hvdc_220:CSTR,2015-01-03 02:00:00,0.0
power,MTKR,hvdc_220:CSTR,2015-01-03 03:00:00,0.0
power,MTKR,hvdc_220:CSTR,2015-01-03 04:00:00,0.0
power,MTKR,hvdc_220:CSTR,2015-01-03 05:00:00,0.0
power,MTKR,hvdc_220:CSTR,2015-01-03 06:00:00,0.0
power,MTKR,hvdc_220:CSTR,2015-01-03 07:00:00,0.0
power,MTKR,hvdc_220:CSTR,2015-01-03 08:00:00,0.0
power,MTKR,hvdc_220:CSTR,2015-01-03 09:00:00,0.0
power,MTKR,hvdc_220:CSTR,2015-01-03 10:00:00,0.0
power,MTKR,hvdc_220:CSTR,2015-01-03 11:00:00,0.0
power,MTKR,hvdc_220:CSTR,2015-01-03 12:00:00,0.0
power,MTKR,hvdc_220:CSTR,2015-01-03 13:00:00,0.0
power,MTKR,hvdc_220:CSTR,2015-01-03 14:00:00,0.0
power,MTKR,hvdc_220:CSTR,2015-01-03 15:00:00,0.0
power,MTKR,hvdc_220:CSTR,2015-01-03 16:00:00,0.0
power,MTKR,hvdc_220:CSTR,2015-01-03 17:00:00,0.0
power,MTKR,hvdc_220:CSTR,2015-01-03 18:00:00,0.0
power,MTKR,hvdc_220:CSTR,2015-01-03 19:00:00,0.0
power,MTKR,hvdc_220:CSTR,2015-01-03 20:00:00,0.0
power,MTKR,hvdc_220:CSTR,2015-01-03 21:00:00,0.0
power,MTKR,hvdc_220:CSTR,2015-01-03 22:00:00,0.0
power,MTKR,hvdc_220:CSTR,2015-01-03 23:00:00,0.0
power,MTKR,hvdc_220:NBOR,2015-01-01 00:00:00,0.0
power,MTKR,hvdc_220:NBOR,2015-01-01 01:00:00,0.0
power,MTKR,hvdc_220:NBOR,2015-01-01 02:00:00,0.0
power,MTKR,hvdc_220:NBOR,2015-01-01 03:00:00,0.0
power,MTKR,hvdc_220:NBOR,2015-01-01 04:00:00,0.0
power,MTKR,hvdc_220:NBOR,2015-01-01 05:00:00,0.0
power,MTKR,hvdc_220:NBOR,2015-01-01 06:00:00,0.0
power,MTKR,hvdc_220:NBOR,2015-01-01 07:00:00,0.0
power,MTKR,hvdc_220:NBOR,2015-01-01 08:00:00,0.0
power,MTKR,hvdc_220:NBOR,2015-01-01 09:00:00,0.0
power,MTKR,hvdc_220:NBOR,2015-01-01 10:00:00,0.0
power,MTKR,hvdc_220:NBOR,2015-01-01 11:00:00,0.0
power,MTKR,hvdc_220:NBOR,2015-01-01 12:00:00,0.0
power,MTKR,hvdc_220:NBOR,2015-01-01 13:00:00,0.0
power,MTKR,hvdc_220:NBOR,2015-01-01 14:00:00,0.0
power,MTKR,hvdc_220:NBOR,2015-01-01 15:00:00,0.0
power,MTKR,hvdc_220:NBOR,2015-01-01 16:00:00,0.0
power,MTKR,hvdc_220:NBOR,2015-01-01 17:00:00,0.0
power,MTKR,hvdc_220:NBOR,2015-01-01 18:00:00,0.0
power,MTKR,hvdc_220:NBOR,2015-01-01 19:00:00,0.0
power,MTKR,hvdc_220:NBOR,2015-01-01 20:00:00,0.0
power,MTKR,hvdc_220:NBOR,2015-01-01 21:00:00,0.0
power,MTKR,hvdc_220:NBOR,2015-01-01 22:00:00,0.0
power,MTKR,hvdc_220:NBOR,2015-01-01 23:00:00,0.0
power,MTKR,hvdc_220:NBOR,2015-01-02 00:00:00,0.0
power,MTKR,hvdc_220:NBOR,2015-01-02 01:00:00,0.0
power,MTKR,hvdc_220:NBOR,2015-01-02 02:00:00,0.0
power,MTKR,hvdc_220:NBOR,2015-01-02 03:00:00,0.0
power,MTKR,hvdc_220:NBOR,2015-01-02 04:00:00,0.0
power,MTKR,hvdc_220:NBOR,2015-01-02 05:00:00,0.0
power,MTKR,hvdc_220:NBOR,2015-01-02 06:00:00,0.0
power,MTKR,hvdc_220:NBOR,2015-01-02 07:00:00,0.0
power,MTKR,hvdc_220:NBOR,2015-01-02 08:00:00,0.0
power,MTKR,hvdc_220:NBOR,2015-01-02 09:00:00,0.0
power,MTKR,hvdc_220:NBOR,2015-01-02 10:00:00,0.0
power,MTKR,hvdc_220:NBOR,2015-01-02 11:00:00,0.0
power,MTKR,hvdc_220:NBOR,2015-01-02 12:00:00,0.0
power,MTKR,hvdc_220:NBOR,2015-01-02 13:00:00,0.0
power,MTKR,hvdc_220:NBOR,2015-01-02 14:00:00,0.0
power,MTKR,hvdc_220:NBOR,2015-01-02 15:00:00,0.0
power,MTKR,hvdc_220:NBOR,2015-01-02 16:00:00,0.0
power,MTKR,hvdc_220:NBOR,2015-01-02 17:00:00,0.0
power,MTKR,hvdc_220:NBOR,2015-01-02 18:00:00,0.0
power,MTKR,hvdc_220:NBOR,2015-01-02 19:00:00,0.0
power,MTKR,hvdc_220:NBOR,2015-01-02 20:00:00,0.0
power,MTKR,hvdc_220:NBOR,2015-01-02 21:00:00,0.0
power,MTKR,hvdc_220:NBOR,2015-01-02 22:00:00,0.0
power,MTKR,hvdc_220:NBOR,2015-01-02 23:00:00,0.0
power,MTKR,hvdc_220:NBOR,2015-01-03 00:00:00,0.0
power,MTKR,hvdc_220:NBOR,2015-01-03 01:00:00,0.0
power,MTKR,hvdc_220:NBOR,2015-01-03 02:00:00,0.0
power,MTKR,hvdc_220:NBOR,2015-01-03 03:00:00,0.0
power,MTKR,hvdc_220:NBOR,2015-01-03 04:00:00,0.0
power,MTKR,hvdc_220:NBOR,2015-01-03 05:00:00,0.0
power,MTKR,hvdc_220:NBOR,2015-01-03 06:00:00,0.0
power,MTKR,hvdc_220:NBOR,2015-01-03 07:00:00,0.0
power,MTKR,hvdc_220:NBOR,2015-01-03 08:00:00,0.0
power,MTKR,hvdc_220:NBOR,2015-01-03 09:00:00,0.0
power,MTKR,hvdc_220:NBOR,2015-01-03 10:00:00,0.0
power,MTKR,hvdc_220:NBOR,2015-01-03 11:00:00,0.0
power,MTKR,hvdc_220:NBOR,2015-01-03 12:00:00,0.0
power,MTKR,hvdc_220:NBOR,2015-01-03 13:00:00,0.0
power,MTKR,hvdc_220:NBOR,2015-01-03 14:00:00,0.0
power,MTKR,hvdc_220:NBOR,2015-01-03 15:00:00,0.0
power,MTKR,hvdc_220:NBOR,2015-01-03 16:00:00,0.0
power,MTKR,hvdc_220:NBOR,2015-01-03 17:00:00,0.0
power,MTKR,hvdc_220:NBOR,2015-01-03 18:00:00,0.0
power,MTKR,hvdc_220:NBOR,2015-01-03 19:00:00,0.0
power,MTKR,hvdc_220:NBOR,2015-01-03 20:00:00,0.0
power,MTKR,hvdc_220:NBOR,2015-01-03 21:00:00,0.0
power,MTKR,hvdc_220:NBOR,2015-01-03 22:00:00,0.0
power,MTKR,hvdc_220:NBOR,2015-01-03 23:00:00,0.0
power,NBOR,GT_pp,2015-01-01 00:00:00,0.0
power,NBOR,GT_pp,2015-01-01 01:00:00,0.0
power,NBOR,GT_pp,2015-01-01 02:00:00,0.0
power,NBOR,GT_pp,2015-01-01 03:00:00,0.0
power,NBOR,GT_pp,2015-01-01 04:00:00,0.0
power,NBOR,GT_pp,2015-01-01 05:00:00,0.0
power,NBOR,GT_pp,2015-01-01 06:00:00,0.0
power,NBOR,GT_pp,2015-01-01 07:00:00,0.0
power,NBOR,GT_pp,2015-01-01 08:00:00,0.0
power,NBOR,GT_pp,2015-01-01 09:00:00,0.0
power,NBOR,GT_pp,2015-01-01 10:00:00,0.0
power,NBOR,GT_pp,2015-01-01 11:00:00,0.0
power,NBOR,GT_pp,2015-01-01 12:00:00,0.0
power,NBOR,GT_pp,2015-01-01 13:00:00,0.0
power,NBOR,GT_pp,2015-01-01 14:00:00,0.0
power,NBOR,GT_pp,2015-01-01 15:00:00,0.0
power,NBOR,GT_pp,2015-01-01 16:00:00,0.0
power,NBOR,GT_pp,2015-01-01 17:00:00,0.0
power,NBOR,GT_pp,2015-01-01 18:00:00,0.0
power,NBOR,GT_pp,2015-01-01 19:00:00,0.0
power,NBOR,GT_pp,2015-01-01 20:00:00,0.0
power,NBOR,GT_pp,2015-01-01 21:00:00,0.0
power,NBOR,GT_pp,2015-01-01 22:00:00,0.0
power,NBOR,GT_pp,2015-01-01 23:00:00,0.0
power,NBOR,GT_pp,2015-01-02 00:00:00,0.0
power,NBOR,GT_pp,2015-01-02 01:00:00,0.0
power,NBOR,GT_pp,2015-01-02 02:00:00,0.0
power,NBOR,GT_pp,2015-01-02 03:00:00,0.0
power,NBOR,GT_pp,2015-01-02 04:00:00,0.0
power,NBOR,GT_pp,2015-01-02 05:00:00,0.0
power,NBOR,GT_pp,2015-01-02 06:00:00,0.0
power,NBOR,GT_pp,2015-01-02 07:00:00,0.0
power,NBOR,GT_pp,2015-01-02 08:00:00,0.0
power,NBOR,GT_pp,2015-01-02 09:00:00,0.0
power,NBOR,GT_pp,2015-01-02 10:00:00,0.0
power,NBOR,GT_pp,2015-01-02 11:00:00,0.0
power,NBOR,GT_pp,2015-01-02 12:00:00,0.0
power,NBOR,GT_pp,2015-01-02 13:00:00,0.0
power,NBOR,GT_pp,2015-01-02 14:00:00,0.0
power,NBOR,GT_pp,2015-01-02 15:00:00,0.0
power,NBOR,GT_pp,2015-01-02 16:00:00,0.0
power,NBOR,GT_pp,2015-01-02 17:00:00,0.0
power,NBOR,GT_pp,2015-01-02 18:00:00,0.0
power,NBOR,GT_pp,2015-01-02 19:00:00,0.0
power,NBOR,GT_pp,2015-01-02 20:00:00,0.0
power,NBOR,GT_pp,2015-01-02 21:00:00,0.0
power,NBOR,GT_pp,2015-01-02 22:00:00,0.0
power,NBOR,GT_pp,2015-01-02 23:00:00,0.0
power,NBOR,GT_pp,2015-01-03 00:00:00,0.0
power,NBOR,GT_pp,2015-01-03 01:00:00,0.0
power,NBOR,GT_pp,2015-01-03 02:00:00,0.0
power,NBOR,GT_pp,2015-01-03 03:00:00,0.0
power,NBOR,GT_pp,2015-01-03 04:00:00,0.0
power,NBOR,GT_pp,2015-01-03 05:00:00,0.0
power,NBOR,GT_pp,2015-01-03 06:00:00,0.0
power,NBOR,GT_pp,2015-01-03 07:00:00,0.0
power,NBOR,GT_pp,2015-01-03 08:00:00,0.0
power,NBOR,GT_pp,2015-01-03 09:00:00,0.0
power,NBOR,GT_pp,2015-01-03 10:00:00,0.0
power,NBOR,GT_pp,2015-01-03 11:00:00,0.0
power,NBOR,GT_pp,2015-01-03 12:00:00,0.0
power,NBOR,GT_pp,2015-01-03 13:00:00,0.0
power,NBOR,GT_pp,2015-01-03 14:00:00,0.0
power,NBOR,GT_pp,2015-01-03 15:00:00,0.0
power,NBOR,GT_pp,2015-01-03 16:00:00,0.0
power,NBOR,GT_pp,2015-01-03 17:00:00,0.0
power,NBOR,GT_pp,2015-01-03 18:00:00,0.0
power,NBOR,GT_pp,2015-01-03 19:00:00,0.0
power,NBOR,GT_pp,2015-01-03 20:00:00,0.0
power,NBOR,GT_pp,2015-01-03 21:00:00,0.0
power,NBOR,GT_pp,2015-01-03 22:00:00,0.0
power,NBOR,GT_pp,2015-01-03 23:00:00,0.0
power,NBOR,HFO_pp,2015-01-01 00:00:00,0.0
power,NBOR,HFO_pp,2015-01-01 01:00:00,0.0
power,NBOR,HFO_pp,2015-01-01 02:00:00,0.0
power,NBOR,HFO_pp,2015-01-01 03:00:00,0.0
power,NBOR,HFO_pp,2015-01-01 04:00:00,0.0
power,NBOR,HFO_pp,2015-01-01 05:00:00,0.0
power,NBOR,HFO_pp,2015-01-01 06:00:00,0.0
power,NBOR,HFO_pp,2015-01-01 07:00:00,0.0
power,NBOR,HFO_pp,2015-01-01 08:00:00,0.0
power,NBOR,HFO_pp,2015-01-01 09:00:00,0.0
power,NBOR,HFO_pp,2015-01-01 10:00:00,0.0
power,NBOR,HFO_pp,2015-01-01 11:00:00,0.0
power,NBOR,HFO_pp,2015-01-01 12:00:00,0.0
power,NBOR,HFO_pp,2015-01-01 13:00:00,0.0
power,NBOR,HFO_pp,2015-01-01 14:00:00,0.0
power,NBOR,HFO_pp,2015-01-01 15:00:00,0.0
power,NBOR,HFO_pp,2015-01-01 16:00:00,0.0
power,NBOR,HFO_pp,2015-01-01 17:00:00,0.0
power,NBOR,HFO_pp,2015-01-01 18:00:00,0.0
power,NBOR,HFO_pp,2015-01-01 19:00:00,0.0
power,NBOR,HFO_pp,2015-01-01 20:00:00,0.0
power,NBOR,HFO_pp,2015-01-01 21:00:00,0.0
power,NBOR,HFO_pp,2015-01-01 22:00:00,0.0
power,NBOR,HFO_pp,2015-01-01 23:00:00,0.0
power,NBOR,HFO_pp,2015-01-02 00:00:00,0.0
power,NBOR,HFO_pp,2015-01-02 01:00:00,0.0
power,NBOR,HFO_pp,2015-01-02 02:00:00,0.0
power,NBOR,HFO_pp,2015-01-02 03:00:00,0.0
power,NBOR,HFO_pp,2015-01-02 04:00:00,0.0
power,NBOR,HFO_pp,2015-01-02 05:00:00,0.0
power,NBOR,HFO_pp,2015-01-02 06:00:00,0.0
power,NBOR,HFO_pp,2015-01-02 07:00:00,0.0
power,NBOR,HFO_pp,2015-01-02 08:00:00,0.0
power,NBOR,HFO_pp,2015-01-02 09:00:00,0.0
power,NBOR,HFO_pp,2015-01-02 10:00:00,0.0
power,NBOR,HFO_pp,2015-01-02 11:00:00,0.0
power,NBOR,HFO_pp,2015-01-02 12:00:00,0.0
power,NBOR,HFO_pp,2015-01-02 13:00:00,0.0
power,NBOR,HFO_pp,2015-01-02 14:00:00,0.0
power,NBOR,HFO_pp,2015-01-02 15:00:00,0.0
power,NBOR,HFO_pp,2015-01-02 16:00:00,0.0
power,NBOR,HFO_pp,2015-01-02 17:00:00,0.0
power,NBOR,HFO_pp,2015-01-02 18:00:00,0.0
power,NBOR,HFO_pp,2015-01-02 19:00:00,6906.751368312864
power,NBOR,HFO_pp,2015-01-02 20:00:00,0.0
power,NBOR,HFO_pp,2015-01-02 21:00:00,0.0
power,NBOR,HFO_pp,2015-01-02 22:00:00,0.0
power,NBOR,HFO_pp,2015-01-02 23:00:00,0.0
power,NBOR,HFO_pp,2015-01-03 00:00:00,0.0
power,NBOR,HFO_pp,2015-01-03 01:00:00,0.0
power,NBOR,HFO_pp,2015-01-03 02:00:00,0.0
power,NBOR,HFO_pp,2015-01-03 03:00:00,0.0
power,NBOR,HFO_pp,2015-01-03 04:00:00,0.0
power,NBOR,HFO_pp,2015-01-03 05:00:00,0.0
power,NBOR,HFO_pp,2015-01-03 06:00:00,0.0
power,NBOR,HFO_pp,2015-01-03 07:00:00,0.0
power,NBOR,HFO_pp,2015-01-03 08:00:00,0.0
power,NBOR,HFO_pp,2015-01-03 09:00:00,0.0
power,NBOR,HFO_pp,2015-01-03 10:00:00,0.0
power,NBOR,HFO_pp,2015-01-03 11:00:00,0.0
power,NBOR,HFO_pp,2015-01-03 12:00:00,0.0
power,NBOR,HFO_pp,2015-01-03 13:00:00,0.0
power,NBOR,HFO_pp,2015-01-03 14:00:00,0.0
power,NBOR,HFO_pp,2015-01-03 15:00:00,0.0
power,NBOR,HFO_pp,2015-01-03 16:00:00,0.0
power,NBOR,HFO_pp,2015-01-03 17:00:00,0.0
power,NBOR,HFO_pp,2015-01-03 18:00:00,0.0
power,NBOR,HFO_pp,2015-01-03 19:00:00,26985.05565967143
power,NBOR,HFO_pp,2015-01-03 20:00:00,21651.784662489546
power,NBOR,HFO_pp,2015-01-03 21:00:00,0.0
power,NBOR,HFO_pp,2015-01-03 22:00:00,0.0
power,NBOR,HFO_pp,2015-01-03 23:00:00,0.0
power,NBOR,L_hydro_pp,2015-01-01 00:00:00,34000.0
power,NBOR,L_hydro_pp,2015-01-01 01:00:00,37000.0
power,NBOR,L_hydro_pp,2015-01-01 02:00:00,19000.0
power,NBOR,L_hydro_pp,2015-01-01 03:00:00,10000.0
power,NBOR,L_hydro_pp,2015-01-01 04:00:00,8774.995408527611
power,NBOR,L_hydro_pp,2015-01-01 05:00:00,11000.0
power,NBOR,L_hydro_pp,2015-01-01 06:00:00,11000.0
power,NBOR,L_hydro_pp,2015-01-01 07:00:00,26000.0
power,NBOR,L_hydro_pp,2015-01-01 08:00:00,36000.0
power,NBOR,L_hydro_pp,2015-01-01 09:00:00,33000.0
power,NBOR,L_hydro_pp,2015-01-01 10:00:00,34000.0
power,NBOR,L_hydro_pp,2015-01-01 11:00:00,35000.0
power,NBOR,L_hydro_pp,2015-01-01 12:00:00,35000.0
power,NBOR,L_hydro_pp,2015-01-01 13:00:00,32000.0
power,NBOR,L_hydro_pp,2015-01-01 14:00:00,34000.0
power,NBOR,L_hydro_pp,2015-01-01 15:00:00,14000.0
power,NBOR,L_hydro_pp,2015-01-01 16:00:00,13000.0
power,NBOR,L_hydro_pp,2015-01-01 17:00:00,25000.0
power,NBOR,L_hydro_pp,2015-01-01 18:00:00,52000.0
power,NBOR,L_hydro_pp,2015-01-01 19:00:00,103000.0
power,NBOR,L_hydro_pp,2015-01-01 20:00:00,103000.0
power,NBOR,L_hydro_pp,2015-01-01 21:00:00,83000.0
power,NBOR,L_hydro_pp,2015-01-01 22:00:00,40000.0
power,NBOR,L_hydro_pp,2015-01-01 23:00:00,14000.0
power,NBOR,L_hydro_pp,2015-01-02 00:00:00,0.0
power,NBOR,L_hydro_pp,2015-01-02 01:00:00,0.0
power,NBOR,L_hydro_pp,2015-01-02 02:00:00,0.0
power,NBOR,L_hydro_pp,2015-01-02 03:00:00,0.0
power,NBOR,L_hydro_pp,2015-01-02 04:00:00,0.0
power,NBOR,L_hydro_pp,2015-01-02 05:00:00,0.0
power,NBOR,L_hydro_pp,2015-01-02 06:00:00,0.0
power,NBOR,L_hydro_pp,2015-01-02 07:00:00,1843.3933697737375
power,NBOR,L_hydro_pp,2015-01-02 08:00:00,68000.0
power,NBOR,L_hydro_pp,2015-01-02 09:00:00,89000.0
power,NBOR,L_hydro_pp,2015-01-02 10:00:00,91000.0
power,NBOR,L_hydro_pp,2015-01-02 11:00:00,92000.0
power,NBOR,L_hydro_pp,2015-01-02 12:00:00,94000.0
power,NBOR,L_hydro_pp,2015-01-02 13:00:00,66000.0
power,NBOR,L_hydro_pp,2015-01-02 14:00:00,56000.0
power,NBOR,L_hydro_pp,2015-01-02 15:00:00,54000.0
power,NBOR,L_hydro_pp,2015-01-02 16:00:00,54000.0
power,NBOR,L_hydro_pp,2015-01-02 17:00:00,31000.0
power,NBOR,L_hydro_pp,2015-01-02 18:00:00,18000.0
power,NBOR,L_hydro_pp,2015-01-02 19:00:00,87000.0
power,NBOR,L_hydro_pp,2015-01-02 20:00:00,91000.0
power,NBOR,L_hydro_pp,2015-01-02 21:00:00,88000.0
power,NBOR,L_hydro_pp,2015-01-02 22:00:00,73000.0
power,NBOR,L_hydro_pp,2015-01-02 23:00:00,48000.0
power,NBOR,L_hydro_pp,2015-01-03 00:00:00,46000.0
power,NBOR,L_hydro_pp,2015-01-03 01:00:00,20262.020490337687
power,NBOR,L_hydro_pp,2015-01-03 02:00:00,0.0
power,NBOR,L_hydro_pp,2015-01-03 03:00:00,3711.3353231703513
power,NBOR,L_hydro_pp,2015-01-03 04:00:00,0.0
power,NBOR,L_hydro_pp,2015-01-03 05:00:00,16473.008638881554
power,NBOR,L_hydro_pp,2015-01-03 06:00:00,32000.0
power,NBOR,L_hydro_pp,2015-01-03 07:00:00,19000.0
power,NBOR,L_hydro_pp,2015-01-03 08:00:00,26000.0
power,NBOR,L_hydro_pp,2015-01-03 09:00:00,33000.0
power,NBOR,L_hydro_pp,2015-01-03 10:00:00,36000.0
power,NBOR,L_hydro_pp,2015-01-03 11:00:00,36000.0
power,NBOR,L_hydro_pp,2015-01-03 12:00:00,37000.0
power,NBOR,L_hydro_pp,2015-01-03 13:00:00,33000.0
power,NBOR,L_hydro_pp,2015-01-03 14:00:00,32000.0
power,NBOR,L_hydro_pp,2015-01-03 15:00:00,52000.0
power,NBOR,L_hydro_pp,2015-01-03 16:00:00,54000.0
power,NBOR,L_hydro_pp,2015-01-03 17:00:00,55000.0
power,NBOR,L_hydro_pp,2015-01-03 18:00:00,56000.0
power,NBOR,L_hydro_pp,2015-01-03 19:00:00,60000.0
power,NBOR,L_hydro_pp,2015-01-03 20:00:00,57000.0
power,NBOR,L_hydro_pp,2015-01-03 21:00:00,55000.0
power,NBOR,L_hydro_pp,2015-01-03 22:00:00,54000.0
power,NBOR,L_hydro_pp,2015-01-03 23:00:00,34000.0
power,NBOR,hvdc_132:CSTR,2015-01-01 00:00:00,0.0
power,NBOR,hvdc_132:CSTR,2015-01-01 01:00:00,0.0
power,NBOR,hvdc_132:CSTR,2015-01-01 02:00:00,0.0
power,NBOR,hvdc_132:CSTR,2015-01-01 03:00:00,0.0
power,NBOR,hvdc_132:CSTR,2015-01-01 04:00:00,0.0
power,NBOR,hvdc_132:CSTR,2015-01-01 05:00:00,0.0
power,NBOR,hvdc_132:CSTR,2015-01-01 06:00:00,0.0
power,NBOR,hvdc_132:CSTR,2015-01-01 07:00:00,0.0
power,NBOR,hvdc_132:CSTR,2015-01-01 08:00:00,0.0
power,NBOR,hvdc_132:CSTR,2015-01-01 09:00:00,0.0
power,NBOR,hvdc_132:CSTR,2015-01-01 10:00:00,0.0
power,NBOR,hvdc_132:CSTR,2015-01-01 11:00:00,0.0
power,NBOR,hvdc_132:CSTR,2015-01-01 12:00:00,0.0
power,NBOR,hvdc_132:CSTR,2015-01-01 13:00:00,0.0
power,NBOR,hvdc_132:CSTR,2015-01-01 14:00:00,0.0
power,NBOR,hvdc_132:CSTR,2015-01-01 15:00:00,0.0
power,NBOR,hvdc_132:CSTR,2015-01-01 16:00:00,0.0
power,NBOR,hvdc_132:CSTR,2015-01-01 17:00:00,0.0
power,NBOR,hvdc_132:CSTR,2015-01-01 18:00:00,0.0
power,NBOR,hvdc_132:CSTR,2015-01-01 19:00:00,0.0
power,NBOR,hvdc_132:CSTR,2015-01-01 20:00:00,0.0
power,NBOR,hvdc_132:CSTR,2015-01-01 21:00:00,0.0
power,NBOR,hvdc_132:CSTR,2015-01-01 22:00:00,0.0
power,NBOR,hvdc_132:CSTR,2015-01-01 23:00:00,0.0
power,NBOR,hvdc_132:CSTR,2015-01-02 00:00:00,0.0
power,NBOR,hvdc_132:CSTR,2015-01-02 01:00:00,0.0
power,NBOR,hvdc_132:CSTR,2015-01-02 02:00:00,0.0
power,NBOR,hvdc_132:CSTR,2015-01-02 03:00:00,0.0
power,NBOR,hvdc_132:CSTR,2015-01-02 04:00:00,0.0
power,NBOR,hvdc_132:CSTR,2015-01-02 05:00:00,0.0
power,NBOR,hvdc_132:CSTR,2015-01-02 06:00:00,0.0
power,NBOR,hvdc_132:CSTR,2015-01-02 07:00:00,0.0
power,NBOR,hvdc_132:CSTR,2015-01-02 08:00:00,0.0
power,NBOR,hvdc_132:CSTR,2015-01-02 09:00:00,0.0
power,NBOR,hvdc_132:CSTR,2015-01-02 10:00:00,0.0
power,NBOR,hvdc_132:CSTR,2015-01-02 11:00:00,0.0
power,NBOR,hvdc_132:CSTR,2015-01-02 12:00:00,0.0
power,NBOR,hvdc_132:CSTR,2015-01-02 13:00:00,0.0
power,NBOR,hvdc_132:CSTR,2015-01-02 14:00:00,0.0
power,NBOR,hvdc_132:CSTR,2015-01-02 15:00:00,0.0
power,NBOR,hvdc_132:CSTR,2015-01-02 16:00:00,0.0
power,NBOR,hvdc_132:CSTR,2015-01-02 17:00:00,0.0
power,NBOR,hvdc_132:CSTR,2015-01-02 18:00:00,0.0
power,NBOR,hvdc_132:CSTR,2015-01-02 19:00:00,0.0
power,NBOR,hvdc_132:CSTR,2015-01-02 20:00:00,0.0
power,NBOR,hvdc_132:CSTR,2015-01-02 21:00:00,0.0
power,NBOR,hvdc_132:CSTR,2015-01-02 22:00:00,0.0
power,NBOR,hvdc_132:CSTR,2015-01-02 23:00:00,0.0
power,NBOR,hvdc_132:CSTR,2015-01-03 00:00:00,0.0
power,NBOR,hvdc_132:CSTR,2015-01-03 01:00:00,0.0
power,NBOR,hvdc_132:CSTR,2015-01-03 02:00:00,0.0
power,NBOR,hvdc_132:CSTR,2015-01-03 03:00:00,0.0
power,NBOR,hvdc_132:CSTR,2015-01-03 04:00:00,0.0
power,NBOR,hvdc_132:CSTR,2015-01-03 05:00:00,0.0
power,NBOR,hvdc_132:CSTR,2015-01-03 06:00:00,0.0
power,NBOR,hvdc_132:CSTR,2015-01-03 07:00:00,0.0
power,NBOR,hvdc_132:CSTR,2015-01-03 08:00:00,0.0
power,NBOR,hvdc_132:CSTR,2015-01-03 09:00:00,0.0
power,NBOR,hvdc_132:CSTR,2015-01-03 10:00:00,0.0
power,NBOR,hvdc_132:CSTR,2015-01-03 11:00:00,0.0
power,NBOR,hvdc_132:CSTR,2015-01-03 12:00:00,0.0
power,NBOR,hvdc_132:CSTR,2015-01-03 13:00:00,0.0
power,NBOR,hvdc_132:CSTR,2015-01-03 14:00:00,0.0
power,NBOR,hvdc_132:CSTR,2015-01-03 15:00:00,0.0
power,NBOR,hvdc_132:CSTR,2015-01-03 16:00:00,0.0
power,NBOR,hvdc_132:CSTR,2015-01-03 17:00:00,0.0
power,NBOR,hvdc_132:CSTR,2015-01-03 18:00:00,0.0
power,NBOR,hvdc_132:CSTR,2015-01-03 19:00:00,0.0
power,NBOR,hvdc_132:CSTR,2015-01-03 20:00:00,0.0
power,NBOR,hvdc_132:CSTR,2015-01-03 21:00:00,0.0
power,NBOR,hvdc_132:CSTR,2015-01-03 22:00:00,0.0
power,NBOR,hvdc_132:CSTR,2015-01-03 23:00:00,0.0
power,NBOR,hvdc_132:MTKR,2015-01-01 00:00:00,0.0
power,NBOR,hvdc_132:MTKR,2015-01-01 01:00:00,0.0
power,NBOR,hvdc_132:MTKR,2015-01-01 02:00:00,0.0
power,NBOR,hvdc_132:MTKR,2015-01-01 03:00:00,0.0
power,NBOR,hvdc_132:MTKR,2015-01-01 04:00:00,0.0
power,NBOR,hvdc_132:MTKR,2015-01-01 05:00:00,0.0
power,NBOR,hvdc_132:MTKR,2015-01-01 06:00:00,0.0
power,NBOR,hvdc_132:MTKR,2015-01-01 07:00:00,0.0
power,NBOR,hvdc_132:MTKR,2015-01-01 08:00:00,0.0
power,NBOR,hvdc_132:MTKR,2015-01-01 09:00:00,0.0
power,NBOR,hvdc_132:MTKR,2015-01-01 10:00:00,0.0
power,NBOR,hvdc_132:MTKR,2015-01-01 11:00:00,0.0
power,NBOR,hvdc_132:MTKR,2015-01-01 12:00:00,0.0
power,NBOR,hvdc_132:MTKR,2015-01-01 13:00:00,0.0
power,NBOR,hvdc_132:MTKR,2015-01-01 14:00:00,0.0
power,NBOR,hvdc_132:MTKR,2015-01-01 15:00:00,0.0
power,NBOR,hvdc_132:MTKR,2015-01-01 16:00:00,0.0
power,NBOR,hvdc_132:MTKR,2015-01-01 17:00:00,0.0
power,NBOR,hvdc_132:MTKR,2015-01-01 18:00:00,0.0
power,NBOR,hvdc_132:MTKR,2015-01-01 19:00:00,0.0
power,NBOR,hvdc_132:MTKR,2015-01-01 20:00:00,0.0
power,NBOR,hvdc_132:MTKR,2015-01-01 21:00:00,0.0
power,NBOR,hvdc_132:MTKR,2015-01-01 22:00:00,0.0
power,NBOR,hvdc_132:MTKR,2015-01-01 23:00:00,0.0
power,NBOR,hvdc_132:MTKR,2015-01-02 00:00:00,0.0
power,NBOR,hvdc_132:MTKR,2015-01-02 01:00:00,0.0
power,NBOR,hvdc_132:MTKR,2015-01-02 02:00:00,0.0
power,NBOR,hvdc_132:MTKR,2015-01-02 03:00:00,0.0
power,NBOR,hvdc_132:MTKR,2015-01-02 04:00:00,0.0
power,NBOR,hvdc_132:MTKR,2015-01-02 05:00:00,0.0
power,NBOR,hvdc_132:MTKR,2015-01-02 06:00:00,0.0
power,NBOR,hvdc_132:MTKR,2015-01-02 07:00:00,0.0
power,NBOR,hvdc_132:MTKR,2015-01-02 08:00:00,0.0
power,NBOR,hvdc_132:MTKR,2015-01-02 09:00:00,0.0
power,NBOR,hvdc_132:MTKR,2015-01-02 10:00:00,0.0
power,NBOR,hvdc_132:MTKR,2015-01-02 11:00:00,0.0
power,NBOR,hvdc_132:MTKR,2015-01-02 12:00:00,0.0
power,NBOR,hvdc_132:MTKR,2015-01-02 13:00:00,0.0
power,NBOR,hvdc_132:MTKR,2015-01-02 14:00:00,0.0
power,NBOR,hvdc_132:MTKR,2015-01-02 15:00:00,0.0
power,NBOR,hvdc_132:MTKR,2015-01-02 16:00:00,0.0
power,NBOR,hvdc_132:MTKR,2015-01-02 17:00:00,0.0
power,NBOR,hvdc_132:MTKR,2015-01-02 18:00:00,10507.959373611371
power,NBOR,hvdc_132:MTKR,2015-01-02 19:00:00,0.0
power,NBOR,hvdc_132:MTKR,2015-01-02 20:00:00,0.0
power,NBOR,hvdc_132:MTKR,2015-01-02 21:00:00,0.0
power,NBOR,hvdc_132:MTKR,2015-01-02 22:00:00,0.0
power,NBOR,hvdc_132:MTKR,2015-01-02 23:00:00,0.0
power,NBOR,hvdc_132:MTKR,2015-01-03 00:00:00,0.0
power,NBOR,hvdc_132:MTKR,2015-01-03 01:00:00,0.0
power,NBOR,hvdc_132:MTKR,2015-01-03 02:00:00,0.0
power,NBOR,hvdc_132:MTKR,2015-01-03 03:00:00,0.0
power,NBOR,hvdc_132:MTKR,2015-01-03 04:00:00,0.0
power,NBOR,hvdc_132:MTKR,2015-01-03 05:00:00,0.0
power,NBOR,hvdc_132:MTKR,2015-01-03 06:00:00,0.0
power,NBOR,hvdc_132:MTKR,2015-01-03 07:00:00,0.0
power,NBOR,hvdc_132:MTKR,2015-01-03 08:00:00,0.0
power,NBOR,hvdc_132:MTKR,2015-01-03 09:00:00,10792.657747435751
power,NBOR,hvdc_132:MTKR,2015-01-03 10:00:00,7706.765926841278
power,NBOR,hvdc_132:MTKR,2015-01-03 11:00:00,12146.468352599777
power,NBOR,hvdc_132:MTKR,2015-01-03 12:00:00,11897.60610900345
power,NBOR,hvdc_132:MTKR,2015-01-03 13:00:00,0.0
power,NBOR,hvdc_132:MTKR,2015-01-03 14:00:00,0.0
power,NBOR,hvdc_132:MTKR,2015-01-03 15:00:00,0.0
power,NBOR,hvdc_132:MTKR,2015-01-03 16:00:00,0.0
power,NBOR,hvdc_132:MTKR,2015-01-03 17:00:00,0.0
power,NBOR,hvdc_132:MTKR,2015-01-03 18:00:00,0.0
power,NBOR,hvdc_132:MTKR,2015-01-03 19:00:00,0.0
power,NBOR,hvdc_132:MTKR,2015-01-03 20:00:00,0.0
power,NBOR,hvdc_132:MTKR,2015-01-03 21:00:00,0.0
power,NBOR,hvdc_132:MTKR,2015-01-03 22:00:00,0.0
power,NBOR,hvdc_132:MTKR,2015-01-03 23:00:00,0.0
power,NBOR,hvdc_132:WSTR,2015-01-01 00:00:00,0.0
power,NBOR,hvdc_132:WSTR,2015-01-01 01:00:00,0.0
power,NBOR,hvdc_132:WSTR,2015-01-01 02:00:00,0.0
power,NBOR,hvdc_132:WSTR,2015-01-01 03:00:00,0.0
power,NBOR,hvdc_132:WSTR,2015-01-01 04:00:00,0.0
power,NBOR,hvdc_132:WSTR,2015-01-01 05:00:00,0.0
power,NBOR,hvdc_132:WSTR,2015-01-01 06:00:00,0.0
power,NBOR,hvdc_132:WSTR,2015-01-01 07:00:00,0.0
power,NBOR,hvdc_132:WSTR,2015-01-01 08:00:00,0.0
power,NBOR,hvdc_132:WSTR,2015-01-01 09:00:00,0.0
power,NBOR,hvdc_132:WSTR,2015-01-01 10:00:00,0.0
power,NBOR,hvdc_132:WSTR,2015-01-01 11:00:00,0.0
power,NBOR,hvdc_132:WSTR,2015-01-01 12:00:00,0.0
power,NBOR,hvdc_132:WSTR,2015-01-01 13:00:00,0.0
power,NBOR,hvdc_132:WSTR,2015-01-01 14:00:00,0.0
power,NBOR,hvdc_132:WSTR,2015-01-01 15:00:00,0.0
power,NBOR,hvdc_132:WSTR,2015-01-01 16:00:00,0.0
power,NBOR,hvdc_132:WSTR,2015-01-01 17:00:00,0.0
power,NBOR,hvdc_132:WSTR,2015-01-01 18:00:00,0.0
power,NBOR,hvdc_132:WSTR,2015-01-01 19:00:00,0.0
power,NBOR,hvdc_132:WSTR,2015-01-01 20:00:00,0.0
power,NBOR,hvdc_132:WSTR,2015-01-01 21:00:00,0.0
power,NBOR,hvdc_132:WSTR,2015-01-01 22:00:00,0.0
power,NBOR,hvdc_132:WSTR,2015-01-01 23:00:00,0.0
power,NBOR,hvdc_132:WSTR,2015-01-02 00:00:00,0.0
power,NBOR,hvdc_132:WSTR,2015-01-02 01:00:00,0.0
power,NBOR,hvdc_132:WSTR,2015-01-02 02:00:00,0.0
power,NBOR,hvdc_132:WSTR,2015-01-02 03:00:00,0.0
power,NBOR,hvdc_132:WSTR,2015-01-02 04:00:00,0.0
power,NBOR,hvdc_132:WSTR,2015-01-02 05:00:00,0.0
power,NBOR,hvdc_132:WSTR,2015-01-02 06:00:00,0.0
power,NBOR,hvdc_132:WSTR,2015-01-02 07:00:00,0.0
power,NBOR,hvdc_132:WSTR,2015-01-02 08:00:00,0.0
power,NBOR,hvdc_132:WSTR,2015-01-02 09:00:00,0.0
power,NBOR,hvdc_132:WSTR,2015-01-02 10:00:00,0.0
power,NBOR,hvdc_132:WSTR,2015-01-02 11:00:00,0.0
power,NBOR,hvdc_132:WSTR,2015-01-02 12:00:00,0.0
power,NBOR,hvdc_132:WSTR,2015-01-02 13:00:00,0.0
power,NBOR,hvdc_132:WSTR,2015-01-02 14:00:00,0.0
power,NBOR,hvdc_132:WSTR,2015-01-02 15:00:00,0.0
power,NBOR,hvdc_132:WSTR,2015-01-02 16:00:00,0.0
power,NBOR,hvdc_132:WSTR,2015-01-02 17:00:00,0.0
power,NBOR,hvdc_132:WSTR,2015-01-02 18:00:00,0.0
power,NBOR,hvdc_132:WSTR,2015-01-02 19:00:00,0.0
power,NBOR,hvdc_132:WSTR,2015-01-02 20:00:00,0.0
power,NBOR,hvdc_132:WSTR,2015-01-02 21:00:00,0.0
power,NBOR,hvdc_132:WSTR,2015-01-02 22:00:00,0.0
power,NBOR,hvdc_132:WSTR,2015-01-02 23:00:00,0.0
power,NBOR,hvdc_132:WSTR,2015-01-03 00:00:00,0.0
power,NBOR,hvdc_132:WSTR,2015-01-03 01:00:00,0.0
power,NBOR,hvdc_132:WSTR,2015-01-03 02:00:00,0.0
power,NBOR,hvdc_132:WSTR,2015-01-03 03:00:00,0.0
power,NBOR,hvdc_132:WSTR,2015-01-03 04:00:00,0.0
power,NBOR,hvdc_132:WSTR,2015-01-03 05:00:00,0.0
power,NBOR,hvdc_132:WSTR,2015-01-03 06:00:00,0.0
power,NBOR,hvdc_132:WSTR,2015-01-03 07:00:00,0.0
power,NBOR,hvdc_132:WSTR,2015-01-03 08:00:00,0.0
power,NBOR,hvdc_132:WSTR,2015-01-03 09:00:00,0.0
power,NBOR,hvdc_132:WSTR,2015-01-03 10:00:00,0.0
power,NBOR,hvdc_132:WSTR,2015-01-03 11:00:00,0.0
power,NBOR,hvdc_132:WSTR,2015-01-03 12:00:00,0.0
power,NBOR,hvdc_132:WSTR,2015-01-03 13:00:00,0.0
power,NBOR,hvdc_132:WSTR,2015-01-03 14:00:00,0.0
power,NBOR,hvdc_132:WSTR,2015-01-03 15:00:00,0.0
power,NBOR,hvdc_132:WSTR,2015-01-03 16:00:00,0.0
power,NBOR,hvdc_132:WSTR,2015-01-03 17:00:00,0.0
power,NBOR,hvdc_132:WSTR,2015-01-03 18:00:00,0.0
power,NBOR,hvdc_132:WSTR,2015-01-03 19:00:00,0.0
power,NBOR,hvdc_132:WSTR,2015-01-03 20:00:00,0.0
power,NBOR,hvdc_132:WSTR,2015-01-03 21:00:00,0.0
power,NBOR,hvdc_132:WSTR,2015-01-03 22:00:00,0.0
power,NBOR,hvdc_132:WSTR,2015-01-03 23:00:00,0.0
power,NBOR,hvdc_220:MTKR,2015-01-01 00:00:00,0.0
power,NBOR,hvdc_220:MTKR,2015-01-01 01:00:00,0.0
power,NBOR,hvdc_220:MTKR,2015-01-01 02:00:00,0.0
power,NBOR,hvdc_220:MTKR,2015-01-01 03:00:00,0.0
power,NBOR,hvdc_220:MTKR,2015-01-01 04:00:00,0.0
power,NBOR,hvdc_220:MTKR,2015-01-01 05:00:00,0.0
power,NBOR,hvdc_220:MTKR,2015-01-01 06:00:00,0.0
power,NBOR,hvdc_220:MTKR,2015-01-01 07:00:00,0.0
power,NBOR,hvdc_220:MTKR,2015-01-01 08:00:00,0.0
power,NBOR,hvdc_220:MTKR,2015-01-01 09:00:00,0.0
power,NBOR,hvdc_220:MTKR,2015-01-01 10:00:00,0.0
power,NBOR,hvdc_220:MTKR,2015-01-01 11:00:00,0.0
power,NBOR,hvdc_220:MTKR,2015-01-01 12:00:00,0.0
power,NBOR,hvdc_220:MTKR,2015-01-01 13:00:00,0.0
power,NBOR,hvdc_220:MTKR,2015-01-01 14:00:00,0.0
power,NBOR,hvdc_220:MTKR,2015-01-01 15:00:00,0.0
power,NBOR,hvdc_220:MTKR,2015-01-01 16:00:00,0.0
power,NBOR,hvdc_220:MTKR,2015-01-01 17:00:00,0.0
power,NBOR,hvdc_220:MTKR,2015-01-01 18:00:00,0.0
power,NBOR,hvdc_220:MTKR,2015-01-01 19:00:00,0.0
power,NBOR,hvdc_220:MTKR,2015-01-01 20:00:00,0.0
power,NBOR,hvdc_220:MTKR,2015-01-01 21:00:00,0.0
power,NBOR,hvdc_220:MTKR,2015-01-01 22:00:00,0.0
power,NBOR,hvdc_220:MTKR,2015-01-01 23:00:00,0.0
power,NBOR,hvdc_220:MTKR,2015-01-02 00:00:00,0.0
power,NBOR,hvdc_220:MTKR,2015-01-02 01:00:00,0.0
power,NBOR,hvdc_220:MTKR,2015-01-02 02:00:00,0.0
power,NBOR,hvdc_220:MTKR,2015-01-02 03:00:00,0.0
power,NBOR,hvdc_220:MTKR,2015-01-02 04:00:00,0.0
power,NBOR,hvdc_220:MTKR,2015-01-02 05:00:00,0.0
power,NBOR,hvdc_220:MTKR,2015-01-02 06:00:00,0.0
power,NBOR,hvdc_220:MTKR,2015-01-02 07:00:00,0.0
power,NBOR,hvdc_220:MTKR,2015-01-02 08:00:00,0.0
power,NBOR,hvdc_220:MTKR,2015-01-02 09:00:00,0.0
power,NBOR,hvdc_220:MTKR,2015-01-02 10:00:00,0.0
power,NBOR,hvdc_220:MTKR,2015-01-02 11:00:00,0.0
power,NBOR,hvdc_220:MTKR,2015-01-02 12:00:00,0.0
power,NBOR,hvdc_220:MTKR,2015-01-02 13:00:00,0.0
power,NBOR,hvdc_220:MTKR,2015-01-02 14:00:00,0.0
power,NBOR,hvdc_220:MTKR,2015-01-02 15:00:00,0.0
power,NBOR,hvdc_220:MTKR,2015-01-02 16:00:00,0.0
power,NBOR,hvdc_220:MTKR,2015-01-02 17:00:00,0.0
power,NBOR,hvdc_220:MTKR,2015-01-02 18:00:00,0.0
power,NBOR,hvdc_220:MTKR,2015-01-02 19:00:00,0.0
power,NBOR,hvdc_220:MTKR,2015-01-02 20:00:00,0.0
power,NBOR,hvdc_220:MTKR,2015-01-02 21:00:00,0.0
power,NBOR,hvdc_220:MTKR,2015-01-02 22:00:00,0.0
power,NBOR,hvdc_220:MTKR,2015-01-02 23:00:00,0.0
power,NBOR,hvdc_220:MTKR,2015-01-03 00:00:00,0.0
power,NBOR,hvdc_220:MTKR,2015-01-03 01:00:00,0.0
power,NBOR,hvdc_220:MTKR,2015-01-03 02:00:00,0.0
power,NBOR,hvdc_220:MTKR,2015-01-03 03:00:00,0.0
power,NBOR,hvdc_220:MTKR,2015-01-03 04:00:00,0.0
power,NBOR,hvdc_220:MTKR,2015-01-03 05:00:00,0.0
power,NBOR,hvdc_220:MTKR,2015-01-03 06:00:00,0.0
power,NBOR,hvdc_220:MTKR,2015-01-03 07:00:00,0.0
power,NBOR,hvdc_220:MTKR,2015-01-03 08:00:00,0.0
power,NBOR,hvdc_220:MTKR,2015-01-03 09:00:00,0.0
power,NBOR,hvdc_220:MTKR,2015-01-03 10:00:00,0.0
power,NBOR,hvdc_220:MTKR,2015-01-03 11:00:00,0.0
power,NBOR,hvdc_220:MTKR,2015-01-03 12:00:00,0.0
power,NBOR,hvdc_220:MTKR,2015-01-03 13:00:00,0.0
power,NBOR,hvdc_220:MTKR,2015-01-03 14:00:00,0.0
power,NBOR,hvdc_220:MTKR,2015-01-03 15:00:00,0.0
power,NBOR,hvdc_220:MTKR,2015-01-03 16:00:00,0.0
power,NBOR,hvdc_220:MTKR,2015-01-03 17:00:00,0.0
power,NBOR,hvdc_220:MTKR,2015-01-03 18:00:00,0.0
power,NBOR,hvdc_220:MTKR,2015-01-03 19:00:00,0.0
power,NBOR,hvdc_220:MTKR,2015-01-03 20:00:00,0.0
power,NBOR,hvdc_220:MTKR,2015-01-03 21:00:00,0.0
power,NBOR,hvdc_220:MTKR,2015-01-03 22:00:00,0.0
power,NBOR,hvdc_220:MTKR,2015-01-03 23:00:00,0.0
power,NBOR,hvdc_220:WSTR,2015-01-01 00:00:00,483155.81070000003
power,NBOR,hvdc_220:WSTR,2015-01-01 01:00:00,445705.78870000003
power,NBOR,hvdc_220:WSTR,2015-01-01 02:00:00,443795.7517
power,NBOR,hvdc_220:WSTR,2015-01-01 03:00:00,439735.7427
power,NBOR,hvdc_220:WSTR,2015-01-01 04:00:00,432300.8612914724
power,NBOR,hvdc_220:WSTR,2015-01-01 05:00:00,435375.7937
power,NBOR,hvdc_220:WSTR,2015-01-01 06:00:00,462245.8557
power,NBOR,hvdc_220:WSTR,2015-01-01 07:00:00,475525.94070000004
power,NBOR,hvdc_220:WSTR,2015-01-01 08:00:00,498835.9737
power,NBOR,hvdc_220:WSTR,2015-01-01 09:00:00,477236.2194803873
power,NBOR,hvdc_220:WSTR,2015-01-01 10:00:00,467359.44928418443
power,NBOR,hvdc_220:WSTR,2015-01-01 11:00:00,466886.32176440593
power,NBOR,hvdc_220:WSTR,2015-01-01 12:00:00,465525.55989292864
power,NBOR,hvdc_220:WSTR,2015-01-01 13:00:00,491886.82704442955
power,NBOR,hvdc_220:WSTR,2015-01-01 14:00:00,487456.13204247796
power,NBOR,hvdc_220:WSTR,2015-01-01 15:00:00,487261.7715202605
power,NBOR,hvdc_220:WSTR,2015-01-01 16:00:00,481265.3447
power,NBOR,hvdc_220:WSTR,2015-01-01 17:00:00,469575.3877
power,NBOR,hvdc_220:WSTR,2015-01-01 18:00:00,498195.4667
power,NBOR,hvdc_220:WSTR,2015-01-01 19:00:00,539925.5477
power,NBOR,hvdc_220:WSTR,2015-01-01 20:00:00,532005.5917
power,NBOR,hvdc_220:WSTR,2015-01-01 21:00:00,526515.6247
power,NBOR,hvdc_220:WSTR,2015-01-01 22:00:00,505305.63670000003
power,NBOR,hvdc_220:WSTR,2015-01-01 23:00:00,467975.6507
power,NBOR,hvdc_220:WSTR,2015-01-02 00:00:00,436931.868
power,NBOR,hvdc_220:WSTR,2015-01-02 01:00:00,422711.875
power,NBOR,hvdc_220:WSTR,2015-01-02 02:00:00,413951.887
power,NBOR,hvdc_220:WSTR,2015-01-02 03:00:00,405971.898
power,NBOR,hvdc_220:WSTR,2015-01-02 04:00:00,405262.019
power,NBOR,hvdc_220:WSTR,2015-01-02 05:00:00,422702.019
power,NBOR,hvdc_220:WSTR,2015-01-02 06:00:00,474402.099
power,NBOR,hvdc_220:WSTR,2015-01-02 07:00:00,448778.8563417105
power,NBOR,hvdc_220:WSTR,2015-01-02 08:00:00,463598.93989239994
power,NBOR,hvdc_220:WSTR,2015-01-02 09:00:00,508249.8577708731
power,NBOR,hvdc_220:WSTR,2015-01-02 10:00:00,513014.7664983253
power,NBOR,hvdc_220:WSTR,2015-01-02 11:00:00,500381.6937229811
power,NBOR,hvdc_220:WSTR,2015-01-02 12:00:00,511210.97734878445
power,NBOR,hvdc_220:WSTR,2015-01-02 13:00:00,521259.43770894146
power,NBOR,hvdc_220:WSTR,2015-01-02 14:00:00,527979.3229551928
power,NBOR,hvdc_220:WSTR,2015-01-02 15:00:00,545530.7461959991
power,NBOR,hvdc_220:WSTR,2015-01-02 16:00:00,545382.5515103289
power,NBOR,hvdc_220:WSTR,2015-01-02 17:00:00,548028.6332846727
power,NBOR,hvdc_220:WSTR,2015-01-02 18:00:00,600770.194135127
power,NBOR,hvdc_220:WSTR,2015-01-02 19:00:00,553937.3866316872
power,NBOR,hvdc_220:WSTR,2015-01-02 20:00:00,532145.7145055592
power,NBOR,hvdc_220:WSTR,2015-01-02 21:00:00,546620.7387872748
power,NBOR,hvdc_220:WSTR,2015-01-02 22:00:00,548101.74
power,NBOR,hvdc_220:WSTR,2015-01-02 23:00:00,504861.755
power,NBOR,hvdc_220:WSTR,2015-01-03 00:00:00,446597.017
power,NBOR,hvdc_220:WSTR,2015-01-03 01:00:00,455815.0085096623
power,NBOR,hvdc_220:WSTR,2015-01-03 02:00:00,462587.033
power,NBOR,hvdc_220:WSTR,2015-01-03 03:00:00,465785.7046768296
power,NBOR,hvdc_220:WSTR,2015-01-03 04:00:00,469737.159
power,NBOR,hvdc_220:WSTR,2015-01-03 05:00:00,459064.21336111845
power,NBOR,hvdc_220:WSTR,2015-01-03 06:00:00,478467.354
power,NBOR,hvdc_220:WSTR,2015-01-03 07:00:00,517912.16784993786
power,NBOR,hvdc_220:WSTR,2015-01-03 08:00:00,550252.306048941
power,NBOR,hvdc_220:WSTR,2015-01-03 09:00:00,584764.2339815188
power,NBOR,hvdc_220:WSTR,2015-01-03 10:00:00,580342.8852523697
power,NBOR,hvdc_220:WSTR,2015-01-03 11:00:00,588573.6106367956
power,NBOR,hvdc_220:WSTR,2015-01-03 12:00:00,573659.0339048327
power,NBOR,hvdc_220:WSTR,2015-01-03 13:00:00,572927.0541665694
power,NBOR,hvdc_220:WSTR,2015-01-03 14:00:00,544052.4439341534
power,NBOR,hvdc_220:WSTR,2015-01-03 15:00:00,546190.3262449411
power,NBOR,hvdc_220:WSTR,2015-01-03 16:00:00,545043.085201717
power,NBOR,hvdc_220:WSTR,2015-01-03 17:00:00,542841.8797665564
power,NBOR,hvdc_220:WSTR,2015-01-03 18:00:00,561116.6271236371
power,NBOR,hvdc_220:WSTR,2015-01-03 19:00:00,548474.4893403286
power,NBOR,hvdc_220:WSTR,2015-01-03 20:00:00,559217.8883375104
power,NBOR,hvdc_220:WSTR,2015-01-03 21:00:00,578060.1178304876
power,NBOR,hvdc_220:WSTR,2015-01-03 22:00:00,560157.241
power,NBOR,hvdc_220:WSTR,2015-01-03 23:00:00,516767.287
power,NBOR,on_wind_pp,2015-01-01 00:00:00,0.231
power,NBOR,on_wind_pp,2015-01-01 01:00:00,0.253
power,NBOR,on_wind_pp,2015-01-01 02:00:00,0.29
power,NBOR,on_wind_pp,2015-01-01 03:00:00,0.299
power,NBOR,on_wind_pp,2015-01-01 04:00:00,0.185
power,NBOR,on_wind_pp,2015-01-01 05:00:00,0.248
power,NBOR,on_wind_pp,2015-01-01 06:00:00,0.186
power,NBOR,on_wind_pp,2015-01-01 07:00:00,0.101
power,NBOR,on_wind_pp,2015-01-01 08:00:00,0.068
power,NBOR,on_wind_pp,2015-01-01 09:00:00,0.068
power,NBOR,on_wind_pp,2015-01-01 10:00:00,0.087
power,NBOR,on_wind_pp,2015-01-01 11:00:00,0.129
power,NBOR,on_wind_pp,2015-01-01 12:00:00,0.201
power,NBOR,on_wind_pp,2015-01-01 13:00:00,0.32
power,NBOR,on_wind_pp,2015-01-01 14:00:00,0.48
power,NBOR,on_wind_pp,2015-01-01 15:00:00,0.635
power,NBOR,on_wind_pp,2015-01-01 16:00:00,0.697
power,NBOR,on_wind_pp,2015-01-01 17:00:00,0.654
power,NBOR,on_wind_pp,2015-01-01 18:00:00,0.575
power,NBOR,on_wind_pp,2015-01-01 19:00:00,0.494
power,NBOR,on_wind_pp,2015-01-01 20:00:00,0.45
power,NBOR,on_wind_pp,2015-01-01 21:00:00,0.417
power,NBOR,on_wind_pp,2015-01-01 22:00:00,0.405
power,NBOR,on_wind_pp,2015-01-01 23:00:00,0.391
power,NBOR,on_wind_pp,2015-01-02 00:00:00,0.382
power,NBOR,on_wind_pp,2015-01-02 01:00:00,0.375
power,NBOR,on_wind_pp,2015-01-02 02:00:00,0.363
power,NBOR,on_wind_pp,2015-01-02 03:00:00,0.352
power,NBOR,on_wind_pp,2015-01-02 04:00:00,0.231
power,NBOR,on_wind_pp,2015-01-02 05:00:00,0.231
power,NBOR,on_wind_pp,2015-01-02 06:00:00,0.151
power,NBOR,on_wind_pp,2015-01-02 07:00:00,0.078
power,NBOR,on_wind_pp,2015-01-02 08:00:00,0.063
power,NBOR,on_wind_pp,2015-01-02 09:00:00,0.083
power,NBOR,on_wind_pp,2015-01-02 10:00:00,0.117
power,NBOR,on_wind_pp,2015-01-02 11:00:00,0.163
power,NBOR,on_wind_pp,2015-01-02 12:00:00,0.229
power,NBOR,on_wind_pp,2015-01-02 13:00:00,0.313
power,NBOR,on_wind_pp,2015-01-02 14:00:00,0.429
power,NBOR,on_wind_pp,2015-01-02 15:00:00,0.574
power,NBOR,on_wind_pp,2015-01-02 16:00:00,0.7
power,NBOR,on_wind_pp,2015-01-02 17:00:00,0.718
power,NBOR,on_wind_pp,2015-01-02 18:00:00,0.666
power,NBOR,on_wind_pp,2015-01-02 19:00:00,0.612
power,NBOR,on_wind_pp,2015-01-02 20:00:00,0.563
power,NBOR,on_wind_pp,2015-01-02 21:00:00,0.523
power,NBOR,on_wind_pp,2015-01-02 22:00:00,0.51
power,NBOR,on_wind_pp,2015-01-02 23:00:00,0.495
power,NBOR,on_wind_pp,2015-01-03 00:00:00,0.483
power,NBOR,on_wind_pp,2015-01-03 01:00:00,0.471
power,NBOR,on_wind_pp,2015-01-03 02:00:00,0.467
power,NBOR,on_wind_pp,2015-01-03 03:00:00,0.46
power,NBOR,on_wind_pp,2015-01-03 04:00:00,0.341
power,NBOR,on_wind_pp,2015-01-03 05:00:00,0.278
power,NBOR,on_wind_pp,2015-01-03 06:00:00,0.146
power,NBOR,on_wind_pp,2015-01-03 07:00:00,0.058
power,NBOR,on_wind_pp,2015-01-03 08:00:00,0.034
power,NBOR,on_wind_pp,2015-01-03 09:00:00,0.038
power,NBOR,on_wind_pp,2015-01-03 10:00:00,0.057
power,NBOR,on_wind_pp,2015-01-03 11:00:00,0.092
power,NBOR,on_wind_pp,2015-01-03 12:00:00,0.155
power,NBOR,on_wind_pp,2015-01-03 13:00:00,0.253
power,NBOR,on_wind_pp,2015-01-03 14:00:00,0.403
power,NBOR,on_wind_pp,2015-01-03 15:00:00,0.578
power,NBOR,on_wind_pp,2015-01-03 16:00:00,0.694
power,NBOR,on_wind_pp,2015-01-03 17:00:00,0.674
power,NBOR,on_wind_pp,2015-01-03 18:00:00,0.594
power,NBOR,on_wind_pp,2015-01-03 19:00:00,0.455
power,NBOR,on_wind_pp,2015-01-03 20:00:00,0.327
power,NBOR,on_wind_pp,2015-01-03 21:00:00,0.284
power,NBOR,on_wind_pp,2015-01-03 22:00:00,0.259
power,NBOR,on_wind_pp,2015-01-03 23:00:00,0.213
power,WSTR,L_hydro_pp,2015-01-01 00:00:00,86827.87151248871
power,WSTR,L_hydro_pp,2015-01-01 01:00:00,39317.196122378955
power,WSTR,L_hydro_pp,2015-01-01 02:00:00,28632.501326195932
power,WSTR,L_hydro_pp,2015-01-01 03:00:00,14381.971300515615
power,WSTR,L_hydro_pp,2015-01-01 04:00:00,0.0
power,WSTR,L_hydro_pp,2015-01-01 05:00:00,20817.305381691076
power,WSTR,L_hydro_pp,2015-01-01 06:00:00,6891.987031018998
power,WSTR,L_hydro_pp,2015-01-01 07:00:00,12777.760939282281
power,WSTR,L_hydro_pp,2015-01-01 08:00:00,35921.386071107474
power,WSTR,L_hydro_pp,2015-01-01 09:00:00,7721.74719633878
power,WSTR,L_hydro_pp,2015-01-01 10:00:00,8656.706093701185
power,WSTR,L_hydro_pp,2015-01-01 11:00:00,28648.469144768256
power,WSTR,L_hydro_pp,2015-01-01 12:00:00,27582.198040483578
power,WSTR,L_hydro_pp,2015-01-01 13:00:00,51075.81999900582
power,WSTR,L_hydro_pp,2015-01-01 14:00:00,42369.44275493582
power,WSTR,L_hydro_pp,2015-01-01 15:00:00,38247.43816937297
power,WSTR,L_hydro_pp,2015-01-01 16:00:00,52277.98777782946
power,WSTR,L_hydro_pp,2015-01-01 17:00:00,54495.376435795406
power,WSTR,L_hydro_pp,2015-01-01 18:00:00,106440.0
power,WSTR,L_hydro_pp,2015-01-01 19:00:00,155640.0
power,WSTR,L_hydro_pp,2015-01-01 20:00:00,163820.0
power,WSTR,L_hydro_pp,2015-01-01 21:00:00,133330.25633126995
power,WSTR,L_hydro_pp,2015-01-01 22:00:00,89029.91996041356
power,WSTR,L_hydro_pp,2015-01-01 23:00:00,26291.221891598685
power,WSTR,L_hydro_pp,2015-01-02 00:00:00,0.0
power,WSTR,L_hydro_pp,2015-01-02 01:00:00,0.0
power,WSTR,L_hydro_pp,2015-01-02 02:00:00,0.0
power,WSTR,L_hydro_pp,2015-01-02 03:00:00,0.0
power,WSTR,L_hydro_pp,2015-01-02 04:00:00,0.0
power,WSTR,L_hydro_pp,2015-01-02 05:00:00,0.0
power,WSTR,L_hydro_pp,2015-01-02 06:00:00,0.0
power,WSTR,L_hydro_pp,2015-01-02 07:00:00,0.0
power,WSTR,L_hydro_pp,2015-01-02 08:00:00,36566.19369138079
power,WSTR,L_hydro_pp,2015-01-02 09:00:00,86504.0738165921
power,WSTR,L_hydro_pp,2015-01-02 10:00:00,93816.7722888987
power,WSTR,L_hydro_pp,2015-01-02 11:00:00,84370.83659292798
power,WSTR,L_hydro_pp,2015-01-02 12:00:00,97658.00582225242
power,WSTR,L_hydro_pp,2015-01-02 13:00:00,103372.76432815404
power,WSTR,L_hydro_pp,2015-01-02 14:00:00,107510.9176344162
power,WSTR,L_hydro_pp,2015-01-02 15:00:00,114563.50200918241
power,WSTR,L_hydro_pp,2015-01-02 16:00:00,115958.81624248443
power,WSTR,L_hydro_pp,2015-01-02 17:00:00,118727.6664861674
power,WSTR,L_hydro_pp,2015-01-02 18:00:00,141840.0
power,WSTR,L_hydro_pp,2015-01-02 19:00:00,165360.0
power,WSTR,L_hydro_pp,2015-01-02 20:00:00,164050.0
power,WSTR,L_hydro_pp,2015-01-02 21:00:00,146660.0
power,WSTR,L_hydro_pp,2015-01-02 22:00:00,122437.58646573064
power,WSTR,L_hydro_pp,2015-01-02 23:00:00,97921.19626775157
power,WSTR,L_hydro_pp,2015-01-03 00:00:00,10624.580686464567
power,WSTR,L_hydro_pp,2015-01-03 01:00:00,0.0
power,WSTR,L_hydro_pp,2015-01-03 02:00:00,0.0
power,WSTR,L_hydro_pp,2015-01-03 03:00:00,0.0
power,WSTR,L_hydro_pp,2015-01-03 04:00:00,0.0
power,WSTR,L_hydro_pp,2015-01-03 05:00:00,0.0
power,WSTR,L_hydro_pp,2015-01-03 06:00:00,40890.17681885851
power,WSTR,L_hydro_pp,2015-01-03 07:00:00,80186.40243359312
power,WSTR,L_hydro_pp,2015-01-03 08:00:00,101510.0
power,WSTR,L_hydro_pp,2015-01-03 09:00:00,131650.0
power,WSTR,L_hydro_pp,2015-01-03 10:00:00,131210.0
power,WSTR,L_hydro_pp,2015-01-03 11:00:00,132450.0
power,WSTR,L_hydro_pp,2015-01-03 12:00:00,128630.0
power,WSTR,L_hydro_pp,2015-01-03 13:00:00,123760.0
power,WSTR,L_hydro_pp,2015-01-03 14:00:00,101544.30101435626
power,WSTR,L_hydro_pp,2015-01-03 15:00:00,102240.26774546487
power,WSTR,L_hydro_pp,2015-01-03 16:00:00,113820.22502535774
power,WSTR,L_hydro_pp,2015-01-03 17:00:00,119526.72533249337
power,WSTR,L_hydro_pp,2015-01-03 18:00:00,143650.0
power,WSTR,L_hydro_pp,2015-01-03 19:00:00,167520.0
power,WSTR,L_hydro_pp,2015-01-03 20:00:00,167200.0
power,WSTR,L_hydro_pp,2015-01-03 21:00:00,169080.0
power,WSTR,L_hydro_pp,2015-01-03 22:00:00,153740.0
power,WSTR,L_hydro_pp,2015-01-03 23:00:00,107280.0
power,WSTR,S_hydro_pp,2015-01-01 00:00:00,797.5416667
power,WSTR,S_hydro_pp,2015-01-01 01:00:00,797.5416667
power,WSTR,S_hydro_pp,2015-01-01 02:00:00,797.5416667
power,WSTR,S_hydro_pp,2015-01-01 03:00:00,797.5416667
power,WSTR,S_hydro_pp,2015-01-01 04:00:00,797.5416667
power,WSTR,S_hydro_pp,2015-01-01 05:00:00,797.5416667
power,WSTR,S_hydro_pp,2015-01-01 06:00:00,797.5416667
power,WSTR,S_hydro_pp,2015-01-01 07:00:00,797.5416667
power,WSTR,S_hydro_pp,2015-01-01 08:00:00,797.5416667
power,WSTR,S_hydro_pp,2015-01-01 09:00:00,797.5416667
power,WSTR,S_hydro_pp,2015-01-01 10:00:00,797.5416667
power,WSTR,S_hydro_pp,2015-01-01 11:00:00,797.5416667
power,WSTR,S_hydro_pp,2015-01-01 12:00:00,797.5416667
power,WSTR,S_hydro_pp,2015-01-01 13:00:00,797.5416667
power,WSTR,S_hydro_pp,2015-01-01 14:00:00,797.5416667
power,WSTR,S_hydro_pp,2015-01-01 15:00:00,797.5416667
power,WSTR,S_hydro_pp,2015-01-01 16:00:00,797.5416667
power,WSTR,S_hydro_pp,2015-01-01 17:00:00,797.5416667
power,WSTR,S_hydro_pp,2015-01-01 18:00:00,797.5416667
power,WSTR,S_hydro_pp,2015-01-01 19:00:00,797.5416667
power,WSTR,S_hydro_pp,2015-01-01 20:00:00,797.5416667
power,WSTR,S_hydro_pp,2015-01-01 21:00:00,797.5416667
power,WSTR,S_hydro_pp,2015-01-01 22:00:00,797.5416667
power,WSTR,S_hydro_pp,2015-01-01 23:00:00,797.5416667
power,WSTR,S_hydro_pp,2015-01-02 00:00:00,837.5416667
power,WSTR,S_hydro_pp,2015-01-02 01:00:00,837.5416667
power,WSTR,S_hydro_pp,2015-01-02 02:00:00,837.5416667
power,WSTR,S_hydro_pp,2015-01-02 03:00:00,0.0
power,WSTR,S_hydro_pp,2015-01-02 04:00:00,0.0
power,WSTR,S_hydro_pp,2015-01-02 05:00:00,837.5416667
power,WSTR,S_hydro_pp,2015-01-02 06:00:00,837.5416667
power,WSTR,S_hydro_pp,2015-01-02 07:00:00,837.5416667
power,WSTR,S_hydro_pp,2015-01-02 08:00:00,837.5416667
power,WSTR,S_hydro_pp,2015-01-02 09:00:00,837.5416667
power,WSTR,S_hydro_pp,2015-01-02 10:00:00,837.5416667
power,WSTR,S_hydro_pp,2015-01-02 11:00:00,837.5416667
power,WSTR,S_hydro_pp,2015-01-02 12:00:00,837.5416667
power,WSTR,S_hydro_pp,2015-01-02 13:00:00,837.5416667
power,WSTR,S_hydro_pp,2015-01-02 14:00:00,837.5416667
power,WSTR,S_hydro_pp,2015-01-02 15:00:00,837.5416667
power,WSTR,S_hydro_pp,2015-01-02 16:00:00,837.5416667
power,WSTR,S_hydro_pp,2015-01-02 17:00:00,837.5416667
power,WSTR,S_hydro_pp,2015-01-02 18:00:00,837.5416667
power,WSTR,S_hydro_pp,2015-01-02 19:00:00,837.5416667
power,WSTR,S_hydro_pp,2015-01-02 20:00:00,837.5416667
power,WSTR,S_hydro_pp,2015-01-02 21:00:00,837.5416667
power,WSTR,S_hydro_pp,2015-01-02 22:00:00,837.5416667
power,WSTR,S_hydro_pp,2015-01-02 23:00:00,837.5416667
power,WSTR,S_hydro_pp,2015-01-03 00:00:00,564.4166667
power,WSTR,S_hydro_pp,2015-01-03 01:00:00,564.4166667
power,WSTR,S_hydro_pp,2015-01-03 02:00:00,564.4166667
power,WSTR,S_hydro_pp,2015-01-03 03:00:00,564.4166667
power,WSTR,S_hydro_pp,2015-01-03 04:00:00,564.4166667
power,WSTR,S_hydro_pp,2015-01-03 05:00:00,564.4166667
power,WSTR,S_hydro_pp,2015-01-03 06:00:00,564.4166667
power,WSTR,S_hydro_pp,2015-01-03 07:00:00,564.4166667
power,WSTR,S_hydro_pp,2015-01-03 08:00:00,564.4166667
power,WSTR,S_hydro_pp,2015-01-03 09:00:00,564.4166667
power,WSTR,S_hydro_pp,2015-01-03 10:00:00,564.4166667
power,WSTR,S_hydro_pp,2015-01-03 11:00:00,564.4166667
power,WSTR,S_hydro_pp,2015-01-03 12:00:00,564.4166667
power,WSTR,S_hydro_pp,2015-01-03 13:00:00,564.4166667
power,WSTR,S_hydro_pp,2015-01-03 14:00:00,564.4166667
power,WSTR,S_hydro_pp,2015-01-03 15:00:00,564.4166667
power,WSTR,S_hydro_pp,2015-01-03 16:00:00,564.4166667
power,WSTR,S_hydro_pp,2015-01-03 17:00:00,564.4166667
power,WSTR,S_hydro_pp,2015-01-03 18:00:00,564.4166667
power,WSTR,S_hydro_pp,2015-01-03 19:00:00,564.4166667
power,WSTR,S_hydro_pp,2015-01-03 20:00:00,564.4166667
power,WSTR,S_hydro_pp,2015-01-03 21:00:00,564.4166667
power,WSTR,S_hydro_pp,2015-01-03 22:00:00,564.4166667
power,WSTR,S_hydro_pp,2015-01-03 23:00:00,564.4166667
power,WSTR,bio_pp,2015-01-01 00:00:00,0.0
power,WSTR,bio_pp,2015-01-01 01:00:00,0.0
power,WSTR,bio_pp,2015-01-01 02:00:00,0.0
power,WSTR,bio_pp,2015-01-01 03:00:00,0.0
power,WSTR,bio_pp,2015-01-01 04:00:00,0.0
power,WSTR,bio_pp,2015-01-01 05:00:00,0.0
power,WSTR,bio_pp,2015-01-01 06:00:00,0.0
power,WSTR,bio_pp,2015-01-01 07:00:00,0.0
power,WSTR,bio_pp,2015-01-01 08:00:00,0.0
power,WSTR,bio_pp,2015-01-01 09:00:00,0.0
power,WSTR,bio_pp,2015-01-01 10:00:00,0.0
power,WSTR,bio_pp,2015-01-01 11:00:00,0.0
power,WSTR,bio_pp,2015-01-01 12:00:00,0.0
power,WSTR,bio_pp,2015-01-01 13:00:00,0.0
power,WSTR,bio_pp,2015-01-01 14:00:00,0.0
power,WSTR,bio_pp,2015-01-01 15:00:00,0.0
power,WSTR,bio_pp,2015-01-01 16:00:00,0.0
power,WSTR,bio_pp,2015-01-01 17:00:00,0.0
power,WSTR,bio_pp,2015-01-01 18:00:00,12304.028337734344
power,WSTR,bio_pp,2015-01-01 19:00:00,32054.881966179837
power,WSTR,bio_pp,2015-01-01 20:00:00,21109.001187228983
power,WSTR,bio_pp,2015-01-01 21:00:00,0.0
power,WSTR,bio_pp,2015-01-01 22:00:00,0.0
power,WSTR,bio_pp,2015-01-01 23:00:00,0.0
power,WSTR,bio_pp,2015-01-02 00:00:00,0.0
power,WSTR,bio_pp,2015-01-02 01:00:00,0.0
power,WSTR,bio_pp,2015-01-02 02:00:00,0.0
power,WSTR,bio_pp,2015-01-02 03:00:00,0.0
power,WSTR,bio_pp,2015-01-02 04:00:00,0.0
power,WSTR,bio_pp,2015-01-02 05:00:00,0.0
power,WSTR,bio_pp,2015-01-02 06:00:00,0.0
power,WSTR,bio_pp,2015-01-02 07:00:00,0.0
power,WSTR,bio_pp,2015-01-02 08:00:00,0.0
power,WSTR,bio_pp,2015-01-02 09:00:00,0.0
power,WSTR,bio_pp,2015-01-02 10:00:00,0.0
power,WSTR,bio_pp,2015-01-02 11:00:00,0.0
power,WSTR,bio_pp,2015-01-02 12:00:00,0.0
power,WSTR,bio_pp,2015-01-02 13:00:00,0.0
power,WSTR,bio_pp,2015-01-02 14:00:00,0.0
power,WSTR,bio_pp,2015-01-02 15:00:00,0.0
power,WSTR,bio_pp,2015-01-02 16:00:00,0.0
power,WSTR,bio_pp,2015-01-02 17:00:00,0.0
power,WSTR,bio_pp,2015-01-02 18:00:00,36000.0
power,WSTR,bio_pp,2015-01-02 19:00:00,36000.0
power,WSTR,bio_pp,2015-01-02 20:00:00,36000.0
power,WSTR,bio_pp,2015-01-02 21:00:00,36000.0
power,WSTR,bio_pp,2015-01-02 22:00:00,0.0
power,WSTR,bio_pp,2015-01-02 23:00:00,0.0
power,WSTR,bio_pp,2015-01-03 00:00:00,0.0
power,WSTR,bio_pp,2015-01-03 01:00:00,0.0
power,WSTR,bio_pp,2015-01-03 02:00:00,0.0
power,WSTR,bio_pp,2015-01-03 03:00:00,0.0
power,WSTR,bio_pp,2015-01-03 04:00:00,0.0
power,WSTR,bio_pp,2015-01-03 05:00:00,0.0
power,WSTR,bio_pp,2015-01-03 06:00:00,0.0
power,WSTR,bio_pp,2015-01-03 07:00:00,0.0
power,WSTR,bio_pp,2015-01-03 08:00:00,28266.707959385996
power,WSTR,bio_pp,2015-01-03 09:00:00,36000.0
power,WSTR,bio_pp,2015-01-03 10:00:00,36000.0
power,WSTR,bio_pp,2015-01-03 11:00:00,36000.0
power,WSTR,bio_pp,2015-01-03 12:00:00,36000.0
power,WSTR,bio_pp,2015-01-03 13:00:00,27773.59465949179
power,WSTR,bio_pp,2015-01-03 14:00:00,0.0
power,WSTR,bio_pp,2015-01-03 15:00:00,0.0
power,WSTR,bio_pp,2015-01-03 16:00:00,0.0
power,WSTR,bio_pp,2015-01-03 17:00:00,0.0
power,WSTR,bio_pp,2015-01-03 18:00:00,15404.03074315947
power,WSTR,bio_pp,2015-01-03 19:00:00,36000.0
power,WSTR,bio_pp,2015-01-03 20:00:00,36000.0
power,WSTR,bio_pp,2015-01-03 21:00:00,36000.0
power,WSTR,bio_pp,2015-01-03 22:00:00,3576.3295530182586
power,WSTR,bio_pp,2015-01-03 23:00:00,7631.111536595075
power,WSTR,geo_pp,2015-01-01 00:00:00,624000.0
power,WSTR,geo_pp,2015-01-01 01:00:00,624000.0
power,WSTR,geo_pp,2015-01-01 02:00:00,624000.0
power,WSTR,geo_pp,2015-01-01 03:00:00,624000.0
power,WSTR,geo_pp,2015-01-01 04:00:00,624000.0
power,WSTR,geo_pp,2015-01-01 05:00:00,624000.0
power,WSTR,geo_pp,2015-01-01 06:00:00,624000.0
power,WSTR,geo_pp,2015-01-01 07:00:00,624000.0
power,WSTR,geo_pp,2015-01-01 08:00:00,624000.0
power,WSTR,geo_pp,2015-01-01 09:00:00,624000.0
power,WSTR,geo_pp,2015-01-01 10:00:00,624000.0
power,WSTR,geo_pp,2015-01-01 11:00:00,624000.0
power,WSTR,geo_pp,2015-01-01 12:00:00,624000.0
power,WSTR,geo_pp,2015-01-01 13:00:00,624000.0
power,WSTR,geo_pp,2015-01-01 14:00:00,624000.0
power,WSTR,geo_pp,2015-01-01 15:00:00,624000.0
power,WSTR,geo_pp,2015-01-01 16:00:00,624000.0
power,WSTR,geo_pp,2015-01-01 17:00:00,624000.0
power,WSTR,geo_pp,2015-01-01 18:00:00,624000.0
power,WSTR,geo_pp,2015-01-01 19:00:00,624000.0
power,WSTR,geo_pp,2015-01-01 20:00:00,624000.0
power,WSTR,geo_pp,2015-01-01 21:00:00,624000.0
power,WSTR,geo_pp,2015-01-01 22:00:00,624000.0
power,WSTR,geo_pp,2015-01-01 23:00:00,624000.0
power,WSTR,geo_pp,2015-01-02 00:00:00,624000.0
power,WSTR,geo_pp,2015-01-02 01:00:00,624000.0
power,WSTR,geo_pp,2015-01-02 02:00:00,624000.0
power,WSTR,geo_pp,2015-01-02 03:00:00,620598.8577322135
power,WSTR,geo_pp,2015-01-02 04:00:00,622105.8434408657
power,WSTR,geo_pp,2015-01-02 05:00:00,624000.0
power,WSTR,geo_pp,2015-01-02 06:00:00,624000.0
power,WSTR,geo_pp,2015-01-02 07:00:00,624000.0
power,WSTR,geo_pp,2015-01-02 08:00:00,624000.0
power,WSTR,geo_pp,2015-01-02 09:00:00,624000.0
power,WSTR,geo_pp,2015-01-02 10:00:00,624000.0
power,WSTR,geo_pp,2015-01-02 11:00:00,624000.0
power,WSTR,geo_pp,2015-01-02 12:00:00,624000.0
power,WSTR,geo_pp,2015-01-02 13:00:00,624000.0
power,WSTR,geo_pp,2015-01-02 14:00:00,624000.0
power,WSTR,geo_pp,2015-01-02 15:00:00,624000.0
power,WSTR,geo_pp,2015-01-02 16:00:00,624000.0
power,WSTR,geo_pp,2015-01-02 17:00:00,624000.0
power,WSTR,geo_pp,2015-01-02 18:00:00,624000.0
power,WSTR,geo_pp,2015-01-02 19:00:00,624000.0
power,WSTR,geo_pp,2015-01-02 20:00:00,624000.0
power,WSTR,geo_pp,2015-01-02 21:00:00,624000.0
power,WSTR,geo_pp,2015-01-02 22:00:00,624000.0
power,WSTR,geo_pp,2015-01-02 23:00:00,624000.0
power,WSTR,geo_pp,2015-01-03 00:00:00,624000.0
power,WSTR,geo_pp,2015-01-03 01:00:00,624000.0
power,WSTR,geo_pp,2015-01-03 02:00:00,624000.0
power,WSTR,geo_pp,2015-01-03 03:00:00,624000.0
power,WSTR,geo_pp,2015-01-03 04:00:00,624000.0
power,WSTR,geo_pp,2015-01-03 05:00:00,624000.0
power,WSTR,geo_pp,2015-01-03 06:00:00,624000.0
power,WSTR,geo_pp,2015-01-03 07:00:00,624000.0
power,WSTR,geo_pp,2015-01-03 08:00:00,624000.0
power,WSTR,geo_pp,2015-01-03 09:00:00,624000.0
power,WSTR,geo_pp,2015-01-03 10:00:00,624000.0
power,WSTR,geo_pp,2015-01-03 11:00:00,624000.0
power,WSTR,geo_pp,2015-01-03 12:00:00,624000.0
power,WSTR,geo_pp,2015-01-03 13:00:00,624000.0
power,WSTR,geo_pp,2015-01-03 14:00:00,624000.0
power,WSTR,geo_pp,2015-01-03 15:00:00,624000.0
power,WSTR,geo_pp,2015-01-03 16:00:00,624000.0
power,WSTR,geo_pp,2015-01-03 17:00:00,624000.0
power,WSTR,geo_pp,2015-01-03 18:00:00,624000.0
power,WSTR,geo_pp,2015-01-03 19:00:00,624000.0
power,WSTR,geo_pp,2015-01-03 20:00:00,624000.0
power,WSTR,geo_pp,2015-01-03 21:00:00,624000.0
power,WSTR,geo_pp,2015-01-03 22:00:00,624000.0
power,WSTR,geo_pp,2015-01-03 23:00:00,624000.0
power,WSTR,hvdc_132:MTKR,2015-01-01 00:00:00,0.0
power,WSTR,hvdc_132:MTKR,2015-01-01 01:00:00,0.0
power,WSTR,hvdc_132:MTKR,2015-01-01 02:00:00,0.0
power,WSTR,hvdc_132:MTKR,2015-01-01 03:00:00,0.0
power,WSTR,hvdc_132:MTKR,2015-01-01 04:00:00,0.0
power,WSTR,hvdc_132:MTKR,2015-01-01 05:00:00,0.0
power,WSTR,hvdc_132:MTKR,2015-01-01 06:00:00,0.0
power,WSTR,hvdc_132:MTKR,2015-01-01 07:00:00,0.0
power,WSTR,hvdc_132:MTKR,2015-01-01 08:00:00,0.0
power,WSTR,hvdc_132:MTKR,2015-01-01 09:00:00,0.0
power,WSTR,hvdc_132:MTKR,2015-01-01 10:00:00,0.0
power,WSTR,hvdc_132:MTKR,2015-01-01 11:00:00,0.0
power,WSTR,hvdc_132:MTKR,2015-01-01 12:00:00,0.0
power,WSTR,hvdc_132:MTKR,2015-01-01 13:00:00,0.0
power,WSTR,hvdc_132:MTKR,2015-01-01 14:00:00,0.0
power,WSTR,hvdc_132:MTKR,2015-01-01 15:00:00,0.0
power,WSTR,hvdc_132:MTKR,2015-01-01 16:00:00,0.0
power,WSTR,hvdc_132:MTKR,2015-01-01 17:00:00,0.0
power,WSTR,hvdc_132:MTKR,2015-01-01 18:00:00,0.0
power,WSTR,hvdc_132:MTKR,2015-01-01 19:00:00,0.0
power,WSTR,hvdc_132:MTKR,2015-01-01 20:00:00,0.0
power,WSTR,hvdc_132:MTKR,2015-01-01 21:00:00,0.0
power,WSTR,hvdc_132:MTKR,2015-01-01 22:00:00,0.0
power,WSTR,hvdc_132:MTKR,2015-01-01 23:00:00,0.0
power,WSTR,hvdc_132:MTKR,2015-01-02 00:00:00,0.0
power,WSTR,hvdc_132:MTKR,2015-01-02 01:00:00,0.0
power,WSTR,hvdc_132:MTKR,2015-01-02 02:00:00,0.0
power,WSTR,hvdc_132:MTKR,2015-01-02 03:00:00,0.0
power,WSTR,hvdc_132:MTKR,2015-01-02 04:00:00,0.0
power,WSTR,hvdc_132:MTKR,2015-01-02 05:00:00,0.0
power,WSTR,hvdc_132:MTKR,2015-01-02 06:00:00,0.0
power,WSTR,hvdc_132:MTKR,2015-01-02 07:00:00,0.0
power,WSTR,hvdc_132:MTKR,2015-01-02 08:00:00,0.0
power,WSTR,hvdc_132:MTKR,2015-01-02 09:00:00,0.0
power,WSTR,hvdc_132:MTKR,2015-01-02 10:00:00,0.0
power,WSTR,hvdc_132:MTKR,2015-01-02 11:00:00,0.0
power,WSTR,hvdc_132:MTKR,2015-01-02 12:00:00,0.0
power,WSTR,hvdc_132:MTKR,2015-01-02 13:00:00,0.0
power,WSTR,hvdc_132:MTKR,2015-01-02 14:00:00,0.0
power,WSTR,hvdc_132:MTKR,2015-01-02 15:00:00,0.0
power,WSTR,hvdc_132:MTKR,2015-01-02 16:00:00,0.0
power,WSTR,hvdc_132:MTKR,2015-01-02 17:00:00,0.0
power,WSTR,hvdc_132:MTKR,2015-01-02 18:00:00,0.0
power,WSTR,hvdc_132:MTKR,2015-01-02 19:00:00,0.0
power,WSTR,hvdc_132:MTKR,2015-01-02 20:00:00,0.0
power,WSTR,hvdc_132:MTKR,2015-01-02 21:00:00,0.0
power,WSTR,hvdc_132:MTKR,2015-01-02 22:00:00,0.0
power,WSTR,hvdc_132:MTKR,2015-01-02 23:00:00,0.0
power,WSTR,hvdc_132:MTKR,2015-01-03 00:00:00,0.0
power,WSTR,hvdc_132:MTKR,2015-01-03 01:00:00,0.0
power,WSTR,hvdc_132:MTKR,2015-01-03 02:00:00,0.0
power,WSTR,hvdc_132:MTKR,2015-01-03 03:00:00,0.0
power,WSTR,hvdc_132:MTKR,2015-01-03 04:00:00,0.0
power,WSTR,hvdc_132:MTKR,2015-01-03 05:00:00,0.0
power,WSTR,hvdc_132:MTKR,2015-01-03 06:00:00,0.0
power,WSTR,hvdc_132:MTKR,2015-01-03 07:00:00,0.0
power,WSTR,hvdc_132:MTKR,2015-01-03 08:00:00,0.0
power,WSTR,hvdc_132:MTKR,2015-01-03 09:00:00,0.0
power,WSTR,hvdc_132:MTKR,2015-01-03 10:00:00,0.0
power,WSTR,hvdc_132:MTKR,2015-01-03 11:00:00,0.0
power,WSTR,hvdc_132:MTKR,2015-01-03 12:00:00,0.0
power,WSTR,hvdc_132:MTKR,2015-01-03 13:00:00,0.0
power,WSTR,hvdc_132:MTKR,2015-01-03 14:00:00,0.0
power,WSTR,hvdc_132:MTKR,2015-01-03 15:00:00,0.0
power,WSTR,hvdc_132:MTKR,2015-01-03 16:00:00,0.0
power,WSTR,hvdc_132:MTKR,2015-01-03 17:00:00,0.0
power,WSTR,hvdc_132:MTKR,2015-01-03 18:00:00,0.0
power,WSTR,hvdc_132:MTKR,2015-01-03 19:00:00,0.0
power,WSTR,hvdc_132:MTKR,2015-01-03 20:00:00,0.0
power,WSTR,hvdc_132:MTKR,2015-01-03 21:00:00,0.0
power,WSTR,hvdc_132:MTKR,2015-01-03 22:00:00,0.0
power,WSTR,hvdc_132:MTKR,2015-01-03 23:00:00,0.0
power,WSTR,hvdc_132:NBOR,2015-01-01 00:00:00,0.0
power,WSTR,hvdc_132:NBOR,2015-01-01 01:00:00,0.0
power,WSTR,hvdc_132:NBOR,2015-01-01 02:00:00,0.0
power,WSTR,hvdc_132:NBOR,2015-01-01 03:00:00,0.0
power,WSTR,hvdc_132:NBOR,2015-01-01 04:00:00,0.0
power,WSTR,hvdc_132:NBOR,2015-01-01 05:00:00,0.0
power,WSTR,hvdc_132:NBOR,2015-01-01 06:00:00,0.0
power,WSTR,hvdc_132:NBOR,2015-01-01 07:00:00,0.0
power,WSTR,hvdc_132:NBOR,2015-01-01 08:00:00,0.0
power,WSTR,hvdc_132:NBOR,2015-01-01 09:00:00,0.0
power,WSTR,hvdc_132:NBOR,2015-01-01 10:00:00,0.0
power,WSTR,hvdc_132:NBOR,2015-01-01 11:00:00,0.0
power,WSTR,hvdc_132:NBOR,2015-01-01 12:00:00,0.0
power,WSTR,hvdc_132:NBOR,2015-01-01 13:00:00,0.0
power,WSTR,hvdc_132:NBOR,2015-01-01 14:00:00,0.0
power,WSTR,hvdc_132:NBOR,2015-01-01 15:00:00,0.0
power,WSTR,hvdc_132:NBOR,2015-01-01 16:00:00,0.0
power,WSTR,hvdc_132:NBOR,2015-01-01 17:00:00,0.0
power,WSTR,hvdc_132:NBOR,2015-01-01 18:00:00,0.0
power,WSTR,hvdc_132:NBOR,2015-01-01 19:00:00,0.0
power,WSTR,hvdc_132:NBOR,2015-01-01 20:00:00,0.0
power,WSTR,hvdc_132:NBOR,2015-01-01 21:00:00,0.0
power,WSTR,hvdc_132:NBOR,2015-01-01 22:00:00,0.0
power,WSTR,hvdc_132:NBOR,2015-01-01 23:00:00,0.0
power,WSTR,hvdc_132:NBOR,2015-01-02 00:00:00,0.0
power,WSTR,hvdc_132:NBOR,2015-01-02 01:00:00,0.0
power,WSTR,hvdc_132:NBOR,2015-01-02 02:00:00,0.0
power,WSTR,hvdc_132:NBOR,2015-01-02 03:00:00,0.0
power,WSTR,hvdc_132:NBOR,2015-01-02 04:00:00,0.0
power,WSTR,hvdc_132:NBOR,2015-01-02 05:00:00,0.0
power,WSTR,hvdc_132:NBOR,2015-01-02 06:00:00,0.0
power,WSTR,hvdc_132:NBOR,2015-01-02 07:00:00,0.0
power,WSTR,hvdc_132:NBOR,2015-01-02 08:00:00,0.0
power,WSTR,hvdc_132:NBOR,2015-01-02 09:00:00,0.0
power,WSTR,hvdc_132:NBOR,2015-01-02 10:00:00,0.0
power,WSTR,hvdc_132:NBOR,2015-01-02 11:00:00,0.0
power,WSTR,hvdc_132:NBOR,2015-01-02 12:00:00,0.0
power,WSTR,hvdc_132:NBOR,2015-01-02 13:00:00,0.0
power,WSTR,hvdc_132:NBOR,2015-01-02 14:00:00,0.0
power,WSTR,hvdc_132:NBOR,2015-01-02 15:00:00,0.0
power,WSTR,hvdc_132:NBOR,2015-01-02 16:00:00,0.0
power,WSTR,hvdc_132:NBOR,2015-01-02 17:00:00,0.0
power,WSTR,hvdc_132:NBOR,2015-01-02 18:00:00,0.0
power,WSTR,hvdc_132:NBOR,2015-01-02 19:00:00,0.0
power,WSTR,hvdc_132:NBOR,2015-01-02 20:00:00,0.0
power,WSTR,hvdc_132:NBOR,2015-01-02 21:00:00,0.0
power,WSTR,hvdc_132:NBOR,2015-01-02 22:00:00,0.0
power,WSTR,hvdc_132:NBOR,2015-01-02 23:00:00,0.0
power,WSTR,hvdc_132:NBOR,2015-01-03 00:00:00,0.0
power,WSTR,hvdc_132:NBOR,2015-01-03 01:00:00,0.0
power,WSTR,hvdc_132:NBOR,2015-01-03 02:00:00,0.0
power,WSTR,hvdc_132:NBOR,2015-01-03 03:00:00,0.0
power,WSTR,hvdc_132:NBOR,2015-01-03 04:00:00,0.0
power,WSTR,hvdc_132:NBOR,2015-01-03 05:00:00,0.0
power,WSTR,hvdc_132:NBOR,2015-01-03 06:00:00,0.0
power,WSTR,hvdc_132:NBOR,2015-01-03 07:00:00,0.0
power,WSTR,hvdc_132:NBOR,2015-01-03 08:00:00,0.0
power,WSTR,hvdc_132:NBOR,2015-01-03 09:00:00,0.0
power,WSTR,hvdc_132:NBOR,2015-01-03 10:00:00,0.0
power,WSTR,hvdc_132:NBOR,2015-01-03 11:00:00,0.0
power,WSTR,hvdc_132:NBOR,2015-01-03 12:00:00,0.0
power,WSTR,hvdc_132:NBOR,2015-01-03 13:00:00,0.0
power,WSTR,hvdc_132:NBOR,2015-01-03 14:00:00,0.0
power,WSTR,hvdc_132:NBOR,2015-01-03 15:00:00,0.0
power,WSTR,hvdc_132:NBOR,2015-01-03 16:00:00,0.0
power,WSTR,hvdc_132:NBOR,2015-01-03 17:00:00,0.0
power,WSTR,hvdc_132:NBOR,2015-01-03 18:00:00,0.0
power,WSTR,hvdc_132:NBOR,2015-01-03 19:00:00,0.0
power,WSTR,hvdc_132:NBOR,2015-01-03 20:00:00,0.0
power,WSTR,hvdc_132:NBOR,2015-01-03 21:00:00,0.0
power,WSTR,hvdc_132:NBOR,2015-01-03 22:00:00,0.0
power,WSTR,hvdc_132:NBOR,2015-01-03 23:00:00,0.0
power,WSTR,hvdc_220:NBOR,2015-01-01 00:00:00,0.0
power,WSTR,hvdc_220:NBOR,2015-01-01 01:00:00,0.0
power,WSTR,hvdc_220:NBOR,2015-01-01 02:00:00,0.0
power,WSTR,hvdc_220:NBOR,2015-01-01 03:00:00,0.0
power,WSTR,hvdc_220:NBOR,2015-01-01 04:00:00,0.0
power,WSTR,hvdc_220:NBOR,2015-01-01 05:00:00,0.0
power,WSTR,hvdc_220:NBOR,2015-01-01 06:00:00,0.0
power,WSTR,hvdc_220:NBOR,2015-01-01 07:00:00,0.0
power,WSTR,hvdc_220:NBOR,2015-01-01 08:00:00,0.0
power,WSTR,hvdc_220:NBOR,2015-01-01 09:00:00,0.0
power,WSTR,hvdc_220:NBOR,2015-01-01 10:00:00,0.0
power,WSTR,hvdc_220:NBOR,2015-01-01 11:00:00,0.0
power,WSTR,hvdc_220:NBOR,2015-01-01 12:00:00,0.0
power,WSTR,hvdc_220:NBOR,2015-01-01 13:00:00,0.0
power,WSTR,hvdc_220:NBOR,2015-01-01 14:00:00,0.0
power,WSTR,hvdc_220:NBOR,2015-01-01 15:00:00,0.0
power,WSTR,hvdc_220:NBOR,2015-01-01 16:00:00,0.0
power,WSTR,hvdc_220:NBOR,2015-01-01 17:00:00,0.0
power,WSTR,hvdc_220:NBOR,2015-01-01 18:00:00,0.0
power,WSTR,hvdc_220:NBOR,2015-01-01 19:00:00,0.0
power,WSTR,hvdc_220:NBOR,2015-01-01 20:00:00,0.0
power,WSTR,hvdc_220:NBOR,2015-01-01 21:00:00,0.0
power,WSTR,hvdc_220:NBOR,2015-01-01 22:00:00,0.0
power,WSTR,hvdc_220:NBOR,2015-01-01 23:00:00,0.0
power,WSTR,hvdc_220:NBOR,2015-01-02 00:00:00,0.0
power,WSTR,hvdc_220:NBOR,2015-01-02 01:00:00,0.0
power,WSTR,hvdc_220:NBOR,2015-01-02 02:00:00,0.0
power,WSTR,hvdc_220:NBOR,2015-01-02 03:00:00,0.0
power,WSTR,hvdc_220:NBOR,2015-01-02 04:00:00,0.0
power,WSTR,hvdc_220:NBOR,2015-01-02 05:00:00,0.0
power,WSTR,hvdc_220:NBOR,2015-01-02 06:00:00,0.0
power,WSTR,hvdc_220:NBOR,2015-01-02 07:00:00,0.0
power,WSTR,hvdc_220:NBOR,2015-01-02 08:00:00,0.0
power,WSTR,hvdc_220:NBOR,2015-01-02 09:00:00,0.0
power,WSTR,hvdc_220:NBOR,2015-01-02 10:00:00,0.0
power,WSTR,hvdc_220:NBOR,2015-01-02 11:00:00,0.0
power,WSTR,hvdc_220:NBOR,2015-01-02 12:00:00,0.0
power,WSTR,hvdc_220:NBOR,2015-01-02 13:00:00,0.0
power,WSTR,hvdc_220:NBOR,2015-01-02 14:00:00,0.0
power,WSTR,hvdc_220:NBOR,2015-01-02 15:00:00,0.0
power,WSTR,hvdc_220:NBOR,2015-01-02 16:00:00,0.0
power,WSTR,hvdc_220:NBOR,2015-01-02 17:00:00,0.0
power,WSTR,hvdc_220:NBOR,2015-01-02 18:00:00,0.0
power,WSTR,hvdc_220:NBOR,2015-01-02 19:00:00,0.0
power,WSTR,hvdc_220:NBOR,2015-01-02 20:00:00,0.0
power,WSTR,hvdc_220:NBOR,2015-01-02 21:00:00,0.0
power,WSTR,hvdc_220:NBOR,2015-01-02 22:00:00,0.0
power,WSTR,hvdc_220:NBOR,2015-01-02 23:00:00,0.0
power,WSTR,hvdc_220:NBOR,2015-01-03 00:00:00,0.0
power,WSTR,hvdc_220:NBOR,2015-01-03 01:00:00,0.0
power,WSTR,hvdc_220:NBOR,2015-01-03 02:00:00,0.0
power,WSTR,hvdc_220:NBOR,2015-01-03 03:00:00,0.0
power,WSTR,hvdc_220:NBOR,2015-01-03 04:00:00,0.0
power,WSTR,hvdc_220:NBOR,2015-01-03 05:00:00,0.0
power,WSTR,hvdc_220:NBOR,2015-01-03 06:00:00,0.0
power,WSTR,hvdc_220:NBOR,2015-01-03 07:00:00,0.0
power,WSTR,hvdc_220:NBOR,2015-01-03 08:00:00,0.0
power,WSTR,hvdc_220:NBOR,2015-01-03 09:00:00,0.0
power,WSTR,hvdc_220:NBOR,2015-01-03 10:00:00,0.0
power,WSTR,hvdc_220:NBOR,2015-01-03 11:00:00,0.0
power,WSTR,hvdc_220:NBOR,2015-01-03 12:00:00,0.0
power,WSTR,hvdc_220:NBOR,2015-01-03 13:00:00,0.0
power,WSTR,hvdc_220:NBOR,2015-01-03 14:00:00,0.0
power,WSTR,hvdc_220:NBOR,2015-01-03 15:00:00,0.0
power,WSTR,hvdc_220:NBOR,2015-01-03 16:00:00,0.0
power,WSTR,hvdc_220:NBOR,2015-01-03 17:00:00,0.0
power,WSTR,hvdc_220:NBOR,2015-01-03 18:00:00,0.0
power,WSTR,hvdc_220:NBOR,2015-01-03 19:00:00,0.0
power,WSTR,hvdc_220:NBOR,2015-01-03 20:00:00,0.0
power,WSTR,hvdc_220:NBOR,2015-01-03 21:00:00,0.0
power,WSTR,hvdc_220:NBOR,2015-01-03 22:00:00,0.0
power,WSTR,hvdc_220:NBOR,2015-01-03 23:00:00,0.0
